2.6612,-29.0098,12.02214,1.276594170402813,0.08712657933407059,0.06824923797558852
2.7112,-29.0098,12.01435,1.075145283537421,0.08436898327025646,0.07847216981938233
2.7112,-28.9598,12.01097,1.3701839779948832,0.15323206116325824,0.1118332016898175
2.6612,-28.9598,12.01876,1.0692967112962926,0.06273962948139071,0.058673732761538554
2.6112,-28.9598,12.02655,1.2282049378546716,0.08192304817846535,0.0667014483116815
2.5612,-28.9598,12.03434,1.0059613664680884,0.0837283977540084,0.08323221998870318
2.5112,-28.9098,12.03875,1.063305343276415,0.09950063293571149,0.09357672616326303
2.5612,-28.9098,12.03096,1.0359738554250888,0.0972575187892445,0.0938802830592062
2.6112,-28.9098,12.02317,1.1785091444982476,0.03577411774183726,0.030355401066546796
2.6612,-28.9098,12.01538,1.204985664956429,0.09810194245057756,0.08141336889192356
2.7112,-28.9098,12.00759,1.1809607802526556,0.12652362173606138,0.10713617577460348
2.7112,-28.8598,12.0042,1.4304180221013776,0.11081055430404603,0.07746725264357204
2.6612,-28.8598,12.01199,1.5054108154525614,0.06491200470691276,0.04311913003454722
2.6112,-28.8598,12.01979,0.9616453742021014,0.05298644389294094,0.055099775150382196
2.5612,-28.8598,12.02758,1.1707207083929365,0.03417646284355498,0.02919266960816765
2.5112,-28.8598,12.03537,1.0678807006039892,0.0709208329005427,0.06641269278528036
2.4612,-28.8598,12.04316,1.3142155547274519,0.06616781112857438,0.050347761362706266
2.4112,-28.8098,12.04757,1.4052712863918693,0.09153791476981143,0.06513896331351175
2.4612,-28.8098,12.03978,1.1097425974479074,0.07837419454398677,0.07062375971168913
2.5112,-28.8098,12.03198,1.0387783729321367,0.05129507140557774,0.0493801880576203
2.5612,-28.8098,12.02419,1.1706236535648735,0.12557238508051763,0.10726964613957261
2.6112,-28.8098,12.0164,1.0859775701292247,0.07656497934397279,0.07050327875083279
2.6612,-28.8098,12.00861,0.9699804938272918,0.08318717896983858,0.08576170294064732
2.7112,-28.8098,12.00082,1.0555269407885026,0.061499117660375954,0.058263901454220314
2.7612,-28.8098,11.99303,0.8245646911277038,0.0516360176727511,0.06262215473006957
2.7612,-28.7598,11.98965,0.7986400741298253,0.09156264100624217,0.11464819256159432
2.7112,-28.7598,11.99744,1.2389986001367184,0.044158581277365445,0.03564054170238185
2.6612,-28.7598,12.00523,1.4099555704558842,0.06641149027628038,0.04710183190723336
2.6112,-28.7598,12.01302,1.2788747341257634,0.07330227839003331,0.05731779386520027
2.5612,-28.7598,12.02081,1.180056660535612,0.04861997426266016,0.04120138963547073
2.5112,-28.7598,12.0286,1.018873278312144,0.087771051524328,0.0861452090192499
2.4612,-28.7598,12.03639,1.104339852660385,0.1086437825770316,0.09837893861686306
2.4112,-28.7598,12.04418,1.3348042972235203,0.09190605112685928,0.0688535775004844
2.4112,-28.7098,12.0408,1.237315545187799,0.0681008832465685,0.05503922060256035
2.4612,-28.7098,12.03301,1.0933217154742132,0.0589767583616821,0.05394273023846576
2.5112,-28.7098,12.02522,1.0470842689243254,0.0845056120375983,0.0807056457112199
2.5612,-28.7098,12.01743,1.018411374250713,0.042072982716086796,0.04131236529741394
2.6112,-28.7098,12.00964,1.3691600250093832,0.06257277144844013,0.045701576371988586
2.6612,-28.7098,12.00185,1.4882413171131783,0.08026250027572614,0.053931106032868124
2.7112,-28.7098,11.99406,1.2458073475488443,0.12868439254856132,0.1032939746275786
2.7612,-28.7098,11.98627,0.9877010202010382,0.052028946400131254,0.05267681751461713
2.8112,-28.6598,11.97509,1.397504494360909,0.08299912418387885,0.05939095331627901
2.7612,-28.6598,11.98288,0.901754223653046,0.058124672312553555,0.06445733303813976
2.7112,-28.6598,11.99068,1.1424429209238736,0.06461966154521248,0.056562704675832465
2.6612,-28.6598,11.99847,1.4054827077942604,0.09614133730298124,0.0684044967396744
2.6112,-28.6598,12.00626,1.2626855792072487,0.06571461015617973,0.052043526304812404
2.5612,-28.6598,12.01405,0.9052892008183839,0.07376587148059081,0.08148321156808926
2.5112,-28.6598,12.02184,1.1461674562668123,0.0381741397936958,0.03330590097020638
2.4612,-28.6598,12.02963,1.0532763444372357,0.04634145900526486,0.043997436427782914
2.4112,-28.6598,12.03742,1.1945840760700968,0.06028199155143443,0.0504627449494791
2.4112,-28.6098,12.03404,1.2136012389945483,0.10914267915676829,0.08993290023928409
2.4612,-28.6098,12.02625,1.068678103703253,0.08501854418111736,0.07955486678964
2.5112,-28.6098,12.01846,1.1229960842156612,0.09135034338473197,0.08134520206144277
2.5612,-28.6098,12.01067,1.0150556121408378,0.08024495077976697,0.07905473337615819
2.6112,-28.6098,12.00287,1.2049119480221453,0.06416820693135837,0.05325551550608328
2.6612,-28.6098,11.99508,1.276594205552343,0.07279647853024232,0.05702397693301885
2.7112,-28.6098,11.98729,1.1691107238177196,0.09813849566721555,0.08394285816380613
2.7612,-28.6098,11.9795,1.018801001451091,0.1039032658700395,0.1019858301297788
2.8112,-28.6098,11.97171,1.4333418385998666,0.0544748098458107,0.03800545576693931
2.8612,-28.6098,11.96392,1.0574297252923692,0.06939042009925207,0.06562177933863764
2.8612,-28.5598,11.96054,0.9942533151196556,0.07366912561895238,0.0740949258088081
2.8112,-28.5598,11.96833,1.3119743266983714,0.054167505092427765,0.04128701605674111
2.7612,-28.5598,11.97612,0.9914879513386158,0.06031085872048957,0.06082863502180072
2.7112,-28.5598,11.98391,1.1741545579964419,0.0678990906199268,0.05782806884963143
2.6612,-28.5598,11.9917,1.1556864483293392,0.1120443295639645,0.09695045721608644
2.6112,-28.5598,11.99949,1.1755612806777502,0.06327463776559714,0.05382504409222903
2.5612,-28.5598,12.00728,1.0592133334271525,0.06474170246889667,0.061122439102442895
2.5112,-28.5598,12.01507,1.143725967293325,0.05420672233736773,0.04739485146573194
2.4612,-28.5598,12.02286,1.063932758184843,0.04377772392592157,0.04114707775387044
2.4112,-28.5598,12.03066,1.2111229850773735,0.06419475366375048,0.05300432281008138
2.4112,-28.5098,12.02727,1.2192593267323213,0.0428375234884736,0.035134054379785146
2.4612,-28.5098,12.01948,1.0770159101737353,0.08413766231873628,0.07812109507756843
2.5112,-28.5098,12.01169,1.0950424337237907,0.08492311504195478,0.07755235087389815
2.5612,-28.5098,12.0039,1.036937928539268,0.07028798501941767,0.0677841779000525
2.6112,-28.5098,11.99611,1.090834071236582,0.0855909182857623,0.07846373755885297
2.6612,-28.5098,11.98832,1.1640833354550724,0.09115338142212401,0.0783048589785796
2.7112,-28.5098,11.98053,1.0031296829784189,0.05276032336672967,0.05259571545134384
2.7612,-28.5098,11.97274,1.0003126504519826,0.1405647508105598,0.1405208169136388
2.8112,-28.5098,11.96495,1.1676720897714568,0.04292296547192379,0.03675943430344808
2.8612,-28.5098,11.95716,1.0212957701000294,0.10327895406031204,0.10112541056563519
2.9112,-28.5098,11.94937,1.3700146722004163,0.12759382313152562,0.0931331800458705
2.9112,-28.4598,11.94598,1.100886060476733,0.06037819097356584,0.05484508628206208
2.8612,-28.4598,11.95377,1.0754463620957462,0.06509219293138999,0.0605257456118438
2.8112,-28.4598,11.96157,1.0860028481174124,0.15746953558615595,0.14499919209155818
2.7612,-28.4598,11.96936,1.0503273333677734,0.055080106096420126,0.052440895658509686
2.7112,-28.4598,11.97715,1.0252330028598124,0.07388129116402543,0.07206292711797121
2.6612,-28.4598,11.98494,1.1126030236655708,0.07209121336163521,0.06479509027768432
2.6112,-28.4598,11.99273,0.9549009458647848,0.08008250185417795,0.08386472146768377
2.5612,-28.4598,12.00052,1.0412097590413525,0.04705209522556087,0.045189833092692096
2.5112,-28.4598,12.00831,1.1017250681014121,0.09355084648329001,0.08491305970236741
2.4612,-28.4598,12.0161,1.047123289062848,0.0997342501479415,0.09524594781690077
2.4112,-28.4598,12.02389,1.2104591494455748,0.06561337152404657,0.05420535798676014
2.4112,-28.4098,12.02051,1.2354875607959654,0.06820284914051414,0.05520318561246728
2.4612,-28.4098,12.01272,1.0763428488091955,0.03693410091470439,0.034314438894229825
2.5112,-28.4098,12.00493,1.0748272909732435,0.07180084798283771,0.06680221891074509
2.5612,-28.4098,11.99714,1.00535144470117,0.05870521970590265,0.058392734217786055
2.6112,-28.4098,11.98935,1.071159064247663,0.07718026878876964,0.07205304176086846
2.6612,-28.4098,11.98156,1.1051852815864653,0.06592962054762634,0.05965481231616299
2.7112,-28.4098,11.97376,1.0412507731165328,0.06667123586212298,0.06402995088548318
2.7612,-28.4098,11.96597,1.1127544024992786,0.08076327754934151,0.07257960729514513
2.8112,-28.4098,11.95818,1.0468480514132996,0.06969134158584007,0.0665725474597322
2.8612,-28.4098,11.95039,1.1686187164092108,0.04411010736265077,0.03774550821690323
2.9112,-28.4098,11.9426,1.1641942049096863,0.07860191614269343,0.06751615478861714
2.9612,-28.4098,11.93481,1.4644585105063312,0.07863475299576979,0.053695446085790514
2.9612,-28.3598,11.93143,1.4751598711241425,0.06307779617776957,0.042759972944289265
2.9112,-28.3598,11.93922,1.3028704370800948,0.04713455226284544,0.03617746701543111
2.8612,-28.3598,11.94701,1.2789153542799563,0.048738553603430275,0.038109288030927294
2.8112,-28.3598,11.9548,1.0743191158004692,0.0792075942846108,0.07372818105874776
2.7612,-28.3598,11.96259,1.0972803355682204,0.11716285177652248,0.10677567799103077
2.7112,-28.3598,11.97038,0.971134105568454,0.0957305174872388,0.09857600195310089
2.6612,-28.3598,11.97817,1.0785972628156126,0.07001818811841498,0.06491597052234006
2.6112,-28.3598,11.98596,1.0376176849342378,0.03494329187070821,0.033676461357655875
2.5612,-28.3598,11.99375,1.0307536764196288,0.0716246367407207,0.0694876364540481
2.5112,-28.3598,12.00155,1.0854309692830417,0.07541441156407941,0.06947877267026276
2.4612,-28.3598,12.00934,1.0161654038764154,0.05961255034616801,0.05866421954414225
2.4112,-28.3598,12.01713,1.2034947871377262,0.08647546092042331,0.07185362316864542
2.4112,-28.3098,12.01374,1.2644784506083413,0.07177462639334536,0.056762237710586964
2.4612,-28.3098,12.00595,1.0289769813803447,0.07060648950186019,0.06861814285402526
2.5112,-28.3098,11.99816,1.1187794495812402,0.06315216391333374,0.05644737569766019
2.5612,-28.3098,11.99037,1.0602088636822589,0.045391356639908335,0.04281359852270767
2.6112,-28.3098,11.98258,1.0788994185637717,0.07199498185030062,0.06673002192006014
2.6612,-28.3098,11.97479,1.012299141139835,0.08275037778759899,0.08174498468350293
2.7112,-28.3098,11.967,0.9503715792349711,0.055487151813857445,0.05838469186812533
2.7612,-28.3098,11.95921,1.050979012058568,0.0686250069882219,0.06529626776638012
2.8112,-28.3098,11.95142,0.9438519121335179,0.09272071288920546,0.09823650479196054
2.8612,-28.3098,11.94363,1.1848789098715296,0.05151697902436323,0.04347868680517654
2.9112,-28.3098,11.93584,1.1489727738722648,0.03404371346867711,0.02962969553572891
2.9612,-28.3098,11.92805,1.13066713000253,0.0636123013891422,0.05626085671120541
3.0112,-28.3098,11.92026,1.0029918120893793,0.12194165137214603,0.12157791310192619
3.0612,-28.2598,11.90908,0.9522770810262733,0.1392397326999362,0.14621766655339108
3.0112,-28.2598,11.91687,0.9853135762522779,0.06455211075642868,0.06551428125242931
2.9612,-28.2598,11.92466,1.1982902324253897,0.15302004455544568,0.1276986496382656
2.9112,-28.2598,11.93246,1.2554816698271627,0.037828010520364934,0.03013027703190009
2.8612,-28.2598,11.94025,1.0971827282240187,0.06668719179809952,0.06078038788128241
2.8112,-28.2598,11.94804,0.9738576305312892,0.10956701497030828,0.11250824713519354
2.7612,-28.2598,11.95583,1.078406678918666,0.071312361442476,0.06612752205316638
2.7112,-28.2598,11.96362,0.9631483757969888,0.06354301350875464,0.06597427261004712
2.6612,-28.2598,11.97141,1.0295520166786118,0.03386643810481996,0.03289434390510432
2.6112,-28.2598,11.9792,1.0520955800564287,0.057644442773165064,0.054790119705733706
2.5612,-28.2598,11.98699,1.0988659749932546,0.05699681941895197,0.051868763539886516
2.5112,-28.2598,11.99478,1.101153775067806,0.02970415125900951,0.026975479657398813
2.4612,-28.2598,12.00257,1.0649091999633775,0.05326144397096421,0.05001500970486111
2.4112,-28.2598,12.01036,1.3050014450246983,0.08586112362269657,0.06579389160835111
2.4112,-28.2098,12.00698,1.331762130108268,0.06198721629929639,0.04654526127293995
2.4612,-28.2098,11.99919,1.126095594678701,0.06708797043281814,0.05957573295716494
2.5112,-28.2098,11.9914,1.1094789416030872,0.07715225231448582,0.06953917683467561
2.5612,-28.2098,11.98361,1.0742091041296988,0.10387416059807468,0.09669826870647433
2.6112,-28.2098,11.97582,1.0255476637647851,0.0833477309091284,0.08127143559876965
2.6612,-28.2098,11.96803,1.0893238284898352,0.08876447166259792,0.08148584409987154
2.7112,-28.2098,11.96024,0.9752229985918663,0.08596804736322719,0.08815219440820947
2.7612,-28.2098,11.95245,1.0479722628923445,0.05308523271276446,0.05065518868433808
2.8112,-28.2098,11.94465,1.0192390295115343,0.04637349236918231,0.045498152078621436
2.8612,-28.2098,11.93686,1.2499534528478893,0.06444516179935333,0.051558049343774934
2.9112,-28.2098,11.92907,1.2979157339810858,0.04629788938186115,0.03567095164171562
2.9612,-28.2098,11.92128,1.0077460540621896,0.07020739125902176,0.06966774116953192
3.0112,-28.2098,11.91349,1.4368062051373867,0.04399402585271416,0.030619317828257483
3.0612,-28.2098,11.9057,0.9880256053263317,0.09469950430252402,0.09584721670370683
3.1112,-28.2098,11.89791,1.0461738512626453,0.06817349805853777,0.06516459762042226
3.1612,-28.1598,11.88674,1.0907717961516483,0.17329113525117537,0.15887020168889934
3.1112,-28.1598,11.89453,1.1808449862308603,0.10388456464060826,0.08797476879009958
3.0612,-28.1598,11.90232,0.96867742912616,0.09268916782425109,0.09568630902019222
3.0112,-28.1598,11.91011,1.1150355428818828,0.06907177136529845,0.06194580236140088
2.9612,-28.1598,11.9179,0.9372374485649024,0.07310389049603876,0.07799932728677818
2.9112,-28.1598,11.92569,1.1125033256878065,0.07184003098183828,0.06457511570801201
2.8612,-28.1598,11.93348,1.1622819095029173,0.076079830995893,0.06545729600870298
2.8112,-28.1598,11.94127,1.154365302387114,0.04352056962583193,0.037700864306849546
2.7612,-28.1598,11.94906,1.0506212531389416,0.02490545368272497,0.023705453900075727
2.7112,-28.1598,11.95685,0.9892226506921163,0.0431649983876597,0.04363527094477569
2.6612,-28.1598,11.96464,1.0142099745466755,0.03201765834257071,0.03156906276422862
2.6112,-28.1598,11.97244,0.9939040527394681,0.08053065500705653,0.08102457655252766
2.5612,-28.1598,11.98023,0.9751551396739375,0.07227862619284504,0.07412013048202036
2.5112,-28.1598,11.98802,1.0773798768364276,0.06038208424728053,0.05604530541686366
2.4612,-28.1598,11.99581,1.1204502476434326,0.06082321729169418,0.05428462122224485
2.4112,-28.1598,12.0036,1.3899730897464775,0.05363359547466345,0.038586067507570154
2.4112,-28.1098,12.00022,1.5511777801996447,0.19336230222927997,0.12465515216727333
2.4612,-28.1098,11.99243,1.2030679746523998,0.06138518349836831,0.05102386963305562
2.5112,-28.1098,11.98463,0.997796879449608,0.06118378203890681,0.061318874912353126
2.5612,-28.1098,11.97684,1.012782750693853,0.08428997506471562,0.08322611636796631
2.6112,-28.1098,11.96905,1.0119644568342459,0.09726341282198209,0.09611346739020231
2.6612,-28.1098,11.96126,1.0352890673646091,0.04908104066943974,0.04740805463577288
2.7112,-28.1098,11.95347,0.9944385417621581,0.07253154782763345,0.07293718493563876
2.7612,-28.1098,11.94568,0.9948759270626031,0.07034944820723088,0.07071178052819053
2.8112,-28.1098,11.93789,1.0693304578928466,0.05729918065762898,0.05358416589997729
2.8612,-28.1098,11.9301,1.0576849316299337,0.07627950477012223,0.07211930745063422
2.9112,-28.1098,11.92231,1.3185339725274603,0.11559971485870038,0.08767291345334893
2.9612,-28.1098,11.91452,1.0932876008280434,0.04605851262564922,0.04212845054747263
3.0112,-28.1098,11.90673,0.9126975506334792,0.11355700427742911,0.12441909611635552
3.0612,-28.1098,11.89894,0.9727881891654182,0.05073376757999991,0.05215294361614917
3.1112,-28.1098,11.89115,0.9920956924890344,0.06818750734019852,0.06873077653338586
3.1612,-28.1098,11.88336,1.2316752818119996,0.037653862996798224,0.030571258149634305
3.2112,-28.0598,11.87218,1.0741218415934144,0.08118709913211476,0.07558462735631288
3.1612,-28.0598,11.87997,1.0176253725305573,0.053834236769358626,0.05290182244128557
3.1112,-28.0598,11.88776,1.097916140540513,0.03871437774988445,0.03526168923140619
3.0612,-28.0598,11.89555,1.0612844283327951,0.04614174157208696,0.04347726240040332
3.0112,-28.0598,11.90335,1.1159979254849084,0.08461704406984677,0.07582186502101257
2.9612,-28.0598,11.91114,1.2270538730073466,0.049637375009333747,0.04045248224324423
2.9112,-28.0598,11.91893,1.1127636366485898,0.05901862566738067,0.05303788129268167
2.8612,-28.0598,11.92672,1.1873932687170181,0.04848095948098918,0.04082974087715101
2.8112,-28.0598,11.93451,1.0085627706548324,0.07213198596446081,0.07151958020186237
2.7612,-28.0598,11.9423,1.000773102361482,0.06568163415406744,0.06563089475434668
2.7112,-28.0598,11.95009,0.9434888704870396,0.05762911310491953,0.061080861584695466
2.6612,-28.0598,11.95788,1.016538385127062,0.06694114719433529,0.06585206045708544
2.6112,-28.0598,11.96567,1.1229887417088555,0.0748930909631918,0.06669086535028547
2.5612,-28.0598,11.97346,0.9977407216359311,0.11254732136209275,0.11280217287067944
2.5112,-28.0598,11.98125,1.0750261771714782,0.08156234270835627,0.07587009920349708
2.4612,-28.0598,11.98904,1.2628673801028918,0.08205261093552041,0.06497326023959475
2.4112,-28.0598,11.99683,1.45000047846639,0.051023457961863555,0.03518858008642115
2.4112,-28.0098,11.99345,1.3576184430900218,0.06894081511564609,0.05078070017871341
2.4612,-28.0098,11.98566,1.2590565892447585,0.045995195300759135,0.036531475784062434
2.5112,-28.0098,11.97787,1.158980120362856,0.05700282319938571,0.04918360737847612
2.5612,-28.0098,11.97008,1.057275303528377,0.14613683073940054,0.13822022537716286
2.6112,-28.0098,11.96229,1.1409604537320661,0.04830750609835976,0.04233933432166432
2.6612,-28.0098,11.9545,0.9713000753432681,0.053614158351754516,0.055198346744497764
2.7112,-28.0098,11.94671,0.9380169076318318,0.06573681629740126,0.07008063049030105
2.7612,-28.0098,11.93892,0.9404168368696466,0.07067844184328645,0.07515650408658449
2.8112,-28.0098,11.93113,1.128517309118522,0.06520326006750385,0.05777781124016052
2.8612,-28.0098,11.92334,1.1989229925291374,0.0694476615198721,0.05792503935000172
2.9112,-28.0098,11.91554,0.9294800705537405,0.054891596652480605,0.05905623841916134
2.9612,-28.0098,11.90775,1.001454612255105,0.06165967238260209,0.0615701117435118
3.0112,-28.0098,11.89996,0.9416256571339583,0.07941752139282407,0.08434086389972477
3.0612,-28.0098,11.89217,0.9318531844843209,0.06036412114749162,0.06477857472891138
3.1112,-28.0098,11.88438,1.1307589271586336,0.04115873901716931,0.03639921651610818
3.1612,-28.0098,11.87659,1.14656953168895,0.047842644677263735,0.04172677134267584
3.2112,-28.0098,11.8688,1.2666802049387884,0.0684988589149606,0.05407746852590214
3.2112,-27.9598,11.86542,1.2031850043438095,0.08498107288876892,0.07063009643734358
3.1612,-27.9598,11.87321,1.0867000702428342,0.03980409035802834,0.03662840506592929
3.1112,-27.9598,11.881,0.9865280589021934,0.0729056414657165,0.07390123454455595
3.0612,-27.9598,11.88879,0.9810901581614093,0.03062545580385459,0.03121574051996155
3.0112,-27.9598,11.89658,1.056061095437657,0.02396395017824055,0.022691821791152447
2.9612,-27.9598,11.90437,1.0169953215209133,0.036911882152906694,0.03629503634068355
2.9112,-27.9598,11.91216,0.9814393605872803,0.03726764582166675,0.03797243856142705
2.8612,-27.9598,11.91995,1.2722391637906476,0.06827284028166536,0.05366352665818418
2.8112,-27.9598,11.92774,1.1325260108679711,0.06028151759546597,0.05322749059800052
2.7612,-27.9598,11.93553,0.9666574558210028,0.07775533579561919,0.08043732071520611
2.7112,-27.9598,11.94333,0.9744865821571513,0.12529321328059373,0.12857356435143633
2.6612,-27.9598,11.95112,1.0076682122305196,0.07110206150321417,0.0705609848958384
2.6112,-27.9598,11.95891,1.2268696146891536,0.06120829553159834,0.04988981290168019
2.5612,-27.9598,11.9667,1.103237820553773,0.06445520779923684,0.05842367493065402
2.5112,-27.9598,11.97449,1.1746937658888927,0.10717609282381138,0.09123747476663507
2.4612,-27.9598,11.98228,1.4991671111522133,0.11521678829602679,0.07685386601596052
2.4112,-27.9598,11.99007,1.5965036928924263,0.09947617086654122,0.062308763399298944
2.4612,-27.9098,11.9789,1.602966989000319,0.05426443758403761,0.03385249849585443
2.5112,-27.9098,11.97111,1.2842863740139516,0.0525974804484202,0.040954635595821416
2.5612,-27.9098,11.96332,1.110535425858205,0.06472904937203387,0.058286343564422756
2.6112,-27.9098,11.95552,1.1286407016984819,0.05277843411729841,0.04676283075550314
2.6612,-27.9098,11.94773,0.9711179074883057,0.044847725251142785,0.046181544903375026
2.7112,-27.9098,11.93994,0.9622482684493366,0.05268480716544974,0.05475178173128991
2.7612,-27.9098,11.93215,0.9658949215817018,0.054664131228573644,0.056594283712619965
2.8112,-27.9098,11.92436,1.1774786971199307,0.06514053215831074,0.05532204728428809
2.8612,-27.9098,11.91657,1.2334811229848313,0.0731933835150766,0.059338876089129
2.9112,-27.9098,11.90878,1.0462105763096945,0.07424490065550719,0.07096554205883841
2.9612,-27.9098,11.90099,1.1165851084278287,0.060651416230827274,0.05431866838724504
3.0112,-27.9098,11.8932,0.9986218244273722,0.0928278481057842,0.09295595773606627
3.0612,-27.9098,11.88541,1.0530218747954283,0.04347001575787239,0.041281208679845666
3.1112,-27.9098,11.87762,1.1260676353822654,0.04420993575108387,0.039260462126749565
3.1612,-27.9098,11.86983,1.2919450838906381,0.06396375501387748,0.049509654714775746
3.2112,-27.9098,11.86204,1.0522789874277398,0.04860560897797343,0.04619080068945232
3.2612,-27.9098,11.85425,1.631177922803421,0.12889673397868032,0.07902064647684305
3.2612,-27.8598,11.85086,1.7245046549497751,0.2184530444842884,0.12667582186993323
3.2112,-27.8598,11.85865,1.2524460262224157,0.07046726274452605,0.056263712183324155
3.1612,-27.8598,11.86644,1.1014023956812309,0.05766618927381917,0.052357058146901815
3.1112,-27.8598,11.87424,1.060062053573818,0.036290082307211355,0.03423392261317679
3.0612,-27.8598,11.88203,1.1078491968444688,0.03824688172037956,0.034523545108232856
3.0112,-27.8598,11.88982,0.9562234642752723,0.07804746679763741,0.08162053088374073
2.9612,-27.8598,11.89761,0.9830283640744473,0.025226256940879047,0.025661779316642992
2.9112,-27.8598,11.9054,1.1173812644651515,0.04154094329955477,0.03717705372430677
2.8612,-27.8598,11.91319,1.1646862311206752,0.058028415079939256,0.04982321721456569
2.8112,-27.8598,11.92098,1.158734008557135,0.059797379355373916,0.05160578606805034
2.7612,-27.8598,11.92877,1.0505425130625834,0.03869675269597394,0.036835018302270914
2.7112,-27.8598,11.93656,0.9486425694714283,0.06049114600003237,0.06376600412707314
2.6612,-27.8598,11.94435,1.0436514497577694,0.030751298496828353,0.029465103990384628
2.6112,-27.8598,11.95214,1.0741228515204675,0.05790565475526796,0.053909713095946145
2.5612,-27.8598,11.95993,1.1252185734977134,0.08625375165785767,0.07665510834018681
2.5112,-27.8598,11.96772,1.3530366050679041,0.06552779792335131,0.04843017378680801
2.4612,-27.8598,11.97551,1.6534017309783031,0.08204972946419452,0.04962479954320988
2.4612,-27.8098,11.97213,1.4853658717038993,0.07696421955282719,0.05181499118768607
2.5112,-27.8098,11.96434,1.4556520014634162,0.060069452580623545,0.04126635522792102
2.5612,-27.8098,11.95655,1.13462391634956,0.05039176800211753,0.04441274970145492
2.6112,-27.8098,11.94876,1.0791507785900123,0.03322982934294441,0.030792573199420345
2.6612,-27.8098,11.94097,1.115348510981974,0.037096077974019925,0.0332596292627493
2.7112,-27.8098,11.93318,0.9581313802790339,0.07048952274828292,0.07356978823483942
2.7612,-27.8098,11.92539,1.007529334149273,0.05078533590752054,0.050405813693158746
2.8112,-27.8098,11.9176,1.1462636478834038,0.05279527623352209,0.046058580267296714
2.8612,-27.8098,11.90981,1.1201477263214812,0.05940255500976636,0.05303100083490049
2.9112,-27.8098,11.90202,0.9952767298741663,0.06561218127127012,0.0659235560340746
2.9612,-27.8098,11.89423,0.9430042202392969,0.03848109905209735,0.04080692135432054
3.0112,-27.8098,11.88643,0.9523799143918094,0.07879141723712922,0.08273107826664476
3.0612,-27.8098,11.87864,1.0398482014021648,0.05356065306847885,0.05150814608926181
3.1112,-27.8098,11.87085,1.0253320658524607,0.04259770583514588,0.041545278114100685
3.1612,-27.8098,11.86306,1.0947609923310546,0.05297970508186833,0.048393855328238915
3.2112,-27.8098,11.85527,1.552867542350413,0.09534331561056605,0.06139822812334326
3.2612,-27.8098,11.84748,1.4349333130590889,0.058587551435172115,0.04082945939158048
3.3112,-27.7598,11.83631,1.5167082181750016,0.09405328140653069,0.062011453672810905
3.2612,-27.7598,11.8441,1.35873951886365,0.055585713717588865,0.04090976448824914
3.2112,-27.7598,11.85189,1.5152706816792423,0.054991137758419475,0.036291296613406125
3.1612,-27.7598,11.85968,1.2325524888883543,0.04931634852728165,0.04001156053951124
3.1112,-27.7598,11.86747,1.158525667957476,0.04857967741076378,0.041932327227942705
3.0612,-27.7598,11.87526,1.026851628406322,0.036085322308195354,0.035141710165274724
3.0112,-27.7598,11.88305,1.056541798998157,0.053794478828021006,0.05091561817907296
2.9612,-27.7598,11.89084,1.0400029971110027,0.03952081536581208,0.03800067449381966
2.9112,-27.7598,11.89863,1.0482483198210972,0.04744022224026349,0.04525666423043734
2.8612,-27.7598,11.90642,1.1745525114233526,0.0691073180885808,0.05883714641658276
2.8112,-27.7598,11.91422,1.117488121081437,0.03867202793796298,0.03460620941593415
2.7612,-27.7598,11.92201,1.0645291748342829,0.055993772144666366,0.05259956558107767
2.7112,-27.7598,11.9298,1.0396192890302258,0.07057580953623672,0.06788620630737913
2.6612,-27.7598,11.93759,1.0775968978314086,0.0552182323472024,0.051242011236600056
2.6112,-27.7598,11.94538,1.1912186783563576,0.07429707657935612,0.06237064439072695
2.5612,-27.7598,11.95317,1.435321878767154,0.09985600521275659,0.06957046129508333
2.5112,-27.7598,11.96096,1.5100823328977822,0.0640190712824946,0.04239442438853303
2.4612,-27.7598,11.96875,1.3408492038606572,0.07602881911005357,0.056701990716887946
2.5112,-27.7098,11.95758,1.469415024041682,0.06517285073427387,0.04435292253580848
2.5612,-27.7098,11.94979,1.4825220159092247,0.06872878538378745,0.046359369133305156
2.6112,-27.7098,11.942,1.1802172378046827,0.09803196214886059,0.08306264220577683
2.6612,-27.7098,11.93421,1.0825270851319786,0.04739251352672589,0.0437795175544711
2.7112,-27.7098,11.92641,1.010401137122917,0.09650096464783048,0.09550757724067266
2.7612,-27.7098,11.91862,1.0049601618278643,0.07728505403036517,0.07690359973055631
2.8112,-27.7098,11.91083,0.984972250174782,0.03532189253763753,0.03586079966351307
2.8612,-27.7098,11.90304,1.1670612519078196,0.08137678464259429,0.06972794659197702
2.9112,-27.7098,11.89525,1.1149784518654322,0.04595431270975958,0.041215426749167214
2.9612,-27.7098,11.88746,0.916373672268844,0.027969088235312453,0.030521488211314448
3.0112,-27.7098,11.87967,1.256079248707223,0.06022672684616909,0.04794819029782986
3.0612,-27.7098,11.87188,1.056915688956092,0.07399376139401093,0.07000914279841378
3.1112,-27.7098,11.86409,1.1609538926274339,0.02873214988013143,0.02474874330720038
3.1612,-27.7098,11.8563,1.5081028209650817,0.06689479040204907,0.04435691616785188
3.2112,-27.7098,11.84851,1.3878556366337573,0.07899807164520294,0.056920957454056745
3.2612,-27.7098,11.84072,1.1662339024532562,0.04655687563341383,0.03992070161524041
3.3112,-27.7098,11.83293,1.6423583501436696,0.0758308774507884,0.04617194380517193
3.3612,-27.6598,11.82175,1.3114590144966642,0.04480130015004555,0.03416141843154756
3.3112,-27.6598,11.82954,1.4006977287470028,0.04038207673599493,0.028829972311098698
3.2612,-27.6598,11.83733,1.2886978939307576,0.054897422240139125,0.04259914018536356
3.2112,-27.6598,11.84513,1.404816395777879,0.20700748193826532,0.14735554237579962
3.1612,-27.6598,11.85292,1.650246185159261,0.06931978918051449,0.04200572605706379
3.1112,-27.6598,11.86071,1.1403697852638197,0.0627731164762976,0.055046281730250606
3.0612,-27.6598,11.8685,1.114682371697878,0.037457974319339865,0.03360416856892075
3.0112,-27.6598,11.87629,1.1379323167679647,0.04861884987997159,0.04272560780948929
2.9612,-27.6598,11.88408,0.961959493915596,0.044265431144415474,0.046015899239411635
2.9112,-27.6598,11.89187,1.0706238780517732,0.08326284712284669,0.077770399885309
2.8612,-27.6598,11.89966,1.150680566522522,0.06191158131269088,0.05380431643144388
2.8112,-27.6598,11.90745,1.0607235608525678,0.11422947704508318,0.1076901478018175
2.7612,-27.6598,11.91524,0.936082206788836,0.027442493022386615,0.029316328014102683
2.7112,-27.6598,11.92303,1.0546786171513065,0.07826391500492216,0.07420641106417183
2.6612,-27.6598,11.93082,1.1052581426501815,0.049923200144516205,0.04516881461267559
2.6112,-27.6598,11.93861,1.3413592236241445,0.08421625209653945,0.062784264359103
2.5612,-27.6598,11.9464,1.561350629708472,0.11530120828155642,0.07384709500074618
2.5112,-27.6598,11.95419,1.392090198521125,0.049705707049218714,0.0357058092227236
2.5112,-27.6098,11.95081,1.4362162581734086,0.16098711947517003,0.1120911412602408
2.5612,-27.6098,11.94302,1.4674171328403254,0.060492192095410575,0.0412235830846013
2.6112,-27.6098,11.93523,1.4717757961614706,0.13811738769031842,0.09384404068237943
2.6612,-27.6098,11.92744,1.139784885772937,0.10198894007538936,0.0894808672657791
2.7112,-27.6098,11.91965,1.216173913209769,0.054927909717403495,0.04516451892347848
2.7612,-27.6098,11.91186,0.978749219873517,0.05608566223973278,0.05730340428468559
2.8112,-27.6098,11.90407,0.9594176545902299,0.0639565176824114,0.06666181029337782
2.8612,-27.6098,11.89628,1.004831744541422,0.04321811605815143,0.043010301269766314
2.9112,-27.6098,11.88849,1.0465985422344857,0.04571847741016674,0.04368291715040792
2.9612,-27.6098,11.8807,0.9922655561725933,0.042170492922462555,0.0424992006022302
3.0112,-27.6098,11.87291,1.1154984962404304,0.05626084862901255,0.05043561135996932
3.0612,-27.6098,11.86512,1.1330210321241097,0.08333323058206739,0.07354958841835442
3.1112,-27.6098,11.85732,1.161045977233956,0.05515257008426251,0.04750248583234962
3.1612,-27.6098,11.84953,1.4796149686300109,0.0984761753789275,0.06655527111225935
3.2112,-27.6098,11.84174,1.2318991062938789,0.06220033224643125,0.05049141762393071
3.2612,-27.6098,11.83395,1.533154968502178,0.1241445127713822,0.0809732318792703
3.3112,-27.6098,11.82616,1.2774244936821815,0.08148800876735049,0.06379086135452199
3.3612,-27.6098,11.81837,1.3004648452212688,0.08597815594889137,0.06611340265354311
3.4112,-27.6098,11.81058,1.3747712781295036,0.0886428041091465,0.06447821940952446
3.5112,-27.5598,11.79162,1.6866923450188562,0.10243326984207277,0.060730263076475645
3.4612,-27.5598,11.79941,2.0321018034445,0.12659999455544524,0.06230002568810912
3.4112,-27.5598,11.8072,1.387834309269129,0.0962257626562966,0.06933519514081742
3.3612,-27.5598,11.81499,1.225192143325279,0.032648698841634384,0.026647819298794187
3.3112,-27.5598,11.82278,1.4563126756754863,0.11576618699219639,0.07949267277955964
3.2612,-27.5598,11.83057,1.2940583002946593,0.045258527514305875,0.03497410240636023
3.2112,-27.5598,11.83836,1.179796135498819,0.05759583818344273,0.048818466555741985
3.1612,-27.5598,11.84615,1.3886128654235652,0.04965339507685733,0.035757550799957245
3.1112,-27.5598,11.85394,1.141768879283674,0.05437845032732276,0.047626495444015655
3.0612,-27.5598,11.86173,0.9823684323288455,0.05947317645495858,0.060540602179132395
3.0112,-27.5598,11.86952,1.0659845409019777,0.08969637830531874,0.08414416425722514
2.9612,-27.5598,11.87731,0.9792955780486589,0.040698443520314036,0.04155889644820986
2.9112,-27.5598,11.88511,1.0715110061718023,0.04030275112557279,0.037613007139854604
2.8612,-27.5598,11.8929,1.0727154844357936,0.05812149050534963,0.05418164587781565
2.8112,-27.5598,11.90069,1.026900961103888,0.07602985734861671,0.07403815969447226
2.7612,-27.5598,11.90848,1.0177362039229891,0.08261903011176204,0.08117921893050169
2.7112,-27.5598,11.91627,1.1509027656450244,0.10027621204719804,0.08712830921993497
2.6612,-27.5598,11.92406,1.1086472531122649,0.19156980522890404,0.17279599502106477
2.6112,-27.5598,11.93185,1.3692744673862314,0.32185738814290993,0.23505688290331903
2.5612,-27.5598,11.93964,1.3406199380460646,0.04940618086248609,0.03685323443308991
2.5612,-27.5098,11.93626,1.3834972577846334,0.14212720474297402,0.10273038413575136
2.6112,-27.5098,11.92847,1.134110988296227,0.18372892908559718,0.1620026002583864
2.6612,-27.5098,11.92068,1.420520225574662,0.077860062179058,0.054810949381280526
2.7112,-27.5098,11.91289,1.0708461268582734,0.09976091812289012,0.09316083386842514
2.7612,-27.5098,11.9051,1.1270223686949017,0.04280351406636429,0.03797929416071041
2.8112,-27.5098,11.8973,1.0063631492038798,0.06251848675308845,0.06212318764110746
2.8612,-27.5098,11.88951,1.0052221997184008,0.03533477300226637,0.035151206382195814
2.9112,-27.5098,11.88172,1.1554029828884056,0.06863942918620881,0.05940734981886259
2.9612,-27.5098,11.87393,0.9474913784846531,0.06909801510707085,0.07292732860280064
3.0112,-27.5098,11.86614,1.0388325585635925,0.050734923245363474,0.04883840309694887
3.0612,-27.5098,11.85835,1.037111142680184,0.06498710938818915,0.06266166345512822
3.1112,-27.5098,11.85056,1.1506748150697041,0.05578110167383805,0.04847685978984342
3.1612,-27.5098,11.84277,1.354567544088971,0.050490138668852186,0.037273991163585624
3.2112,-27.5098,11.83498,1.115146716584529,0.05995811814039234,0.05376702208659327
3.2612,-27.5098,11.82719,1.3130260169212566,0.07583829058275027,0.057758406616019366
3.3112,-27.5098,11.8194,1.298147016032439,0.0732843130480509,0.056453015061446336
3.3612,-27.5098,11.81161,1.2320756864881461,0.05914153091134937,0.04800154045724558
3.4112,-27.5098,11.80382,1.3004015666348474,0.027889676800614206,0.021446972624607444
3.4612,-27.5098,11.79603,1.8521166002209242,0.11382127593391109,0.0614547031867941
3.5112,-27.5098,11.78823,1.588452229401931,0.12029312526635468,0.07572977206349246
3.5612,-27.5098,11.78044,1.4540774183408627,0.0756651096503958,0.052036506925973385
3.6112,-27.4598,11.76927,1.3533828976565538,0.16627592696739885,0.12285948585231381
3.5612,-27.4598,11.77706,1.4132875562636638,0.0822198249500224,0.058176288742956585
3.5112,-27.4598,11.78485,1.3952042813872558,0.11602850622846139,0.08316237828133233
3.4612,-27.4598,11.79264,1.618460111997178,0.07270013722679089,0.044919325899900615
3.4112,-27.4598,11.80043,1.3215368398177803,0.053653006501017314,0.040598948802982475
3.3612,-27.4598,11.80822,1.320843632296836,0.07296302974570856,0.05523971798147824
3.3112,-27.4598,11.81602,1.1940140605664262,0.05799521476617908,0.04857163469135936
3.2612,-27.4598,11.82381,1.2786740230748692,0.048161463940494115,0.037665161778041495
3.2112,-27.4598,11.8316,1.112559278396779,0.0511293383832218,0.0459565071057609
3.1612,-27.4598,11.83939,1.3489254991011683,0.062257935472907394,0.0461537242156011
3.1112,-27.4598,11.84718,1.2171123550706007,0.03981019044193686,0.03270872263853373
3.0612,-27.4598,11.85497,1.06238691704456,0.08049670197274528,0.0757696660993134
3.0112,-27.4598,11.86276,1.0099004932444284,0.08669027076459451,0.08584040838131632
2.9612,-27.4598,11.87055,1.0697252666023993,0.061155202590721595,0.05716907368651699
2.9112,-27.4598,11.87834,1.0791205075565786,0.03929750667505751,0.03641623562880639
2.8612,-27.4598,11.88613,1.031952561210259,0.05474056589449522,0.053045622397890346
2.8112,-27.4598,11.89392,0.981573480187318,0.04765674324917517,0.04855137614361853
2.7612,-27.4598,11.90171,1.1540507075382027,0.021647408261283634,0.01875776178627492
2.7112,-27.4598,11.9095,1.1206137551656468,0.048871101232686204,0.04361101316792437
2.6612,-27.4598,11.91729,1.0915638923419038,0.2849225097294139,0.26102229262835436
2.6112,-27.4598,11.92508,1.0636671364542045,0.28467890804908413,0.2676390933709559
2.6112,-27.4098,11.9217,1.0834007903235108,0.22883914676886924,0.21122298304816292
2.6612,-27.4098,11.91391,1.1978391075937622,0.214938471247442,0.17943851547743647
2.7112,-27.4098,11.90612,1.160075817658703,0.3141233538388093,0.27077829660545955
2.7612,-27.4098,11.89833,0.9985155378888948,0.10655666095344411,0.10671507543961796
2.8112,-27.4098,11.89054,1.0315986900705973,0.0390101541872946,0.03781524207308265
2.8612,-27.4098,11.88275,1.07554243871868,0.045466826909145636,0.042273391799687025
2.9112,-27.4098,11.87496,1.026981287467483,0.07456973753009437,0.07261060979405182
2.9612,-27.4098,11.86717,1.0567173244171095,0.04452192607232886,0.04213229502685344
3.0112,-27.4098,11.85938,0.8604055115511263,0.14677762843280573,0.1705912229318443
3.0612,-27.4098,11.85159,1.024436894146595,0.07831807841648669,0.07644988077252861
3.1112,-27.4098,11.8438,1.2420289230342874,0.06577781414015224,0.05295996970783617
3.1612,-27.4098,11.83601,1.3390424022668437,0.058124196266872236,0.043407285809974876
3.2112,-27.4098,11.82821,1.0972391675152577,0.06620466993482142,0.06033750151732604
3.2612,-27.4098,11.82042,1.2531258721770788,0.04788095443682349,0.03820921385466172
3.3112,-27.4098,11.81263,1.1623715525355394,0.08368182301660429,0.07199231849236583
3.3612,-27.4098,11.80484,1.1944282291337325,0.0645852026170578,0.054072066484813976
3.4112,-27.4098,11.79705,1.4577837106877678,0.07387488242521942,0.05067616127386002
3.4612,-27.4098,11.78926,1.5209911961438916,0.12871235770999484,0.08462399916338383
3.5112,-27.4098,11.78147,1.4420839892372999,0.0522904146413734,0.03626031148784139
3.5612,-27.4098,11.77368,1.4751394050176816,0.03622406938097403,0.02455637023711656
3.6112,-27.4098,11.76589,1.386806776449053,0.05175696856652655,0.03732096601016857
3.6612,-27.4098,11.7581,1.3164292506831583,0.10242722755070735,0.07780686086818031
3.6612,-27.3598,11.75472,1.4877684214146254,0.07535114292245822,0.05064709119905338
3.6112,-27.3598,11.76251,1.2852897420781084,0.06664737177267077,0.051853966923374496
3.5612,-27.3598,11.7703,1.4287826563236714,0.059641665964841155,0.041742994080220794
3.5112,-27.3598,11.77809,1.2653081018266132,0.044349680733491,0.0350504992969438
3.4612,-27.3598,11.78588,1.6089088314649664,0.13361306354165972,0.08304576426496489
3.4112,-27.3598,11.79367,1.718047553065396,0.05337274678785546,0.03106593102887407
3.3612,-27.3598,11.80146,1.2134320175616933,0.03434336105928371,0.02830266596087871
3.3112,-27.3598,11.80925,1.2004109244698333,0.06095550660942846,0.05077886694204297
3.2612,-27.3598,11.81704,1.3885927065060826,0.061343033992517684,0.044176405151130596
3.2112,-27.3598,11.82483,1.1325857669041566,0.041698099139839455,0.03681672537155246
3.1612,-27.3598,11.83262,1.202623385623242,0.06030901275053062,0.05014787960345238
3.1112,-27.3598,11.84041,1.2888858859734946,0.044427113102064236,0.034469392197982264
3.0612,-27.3598,11.8482,1.0524501892848268,0.04307748717578326,0.040930665996702205
3.0112,-27.3598,11.856,1.0330271520721779,0.04340898886185757,0.04202114995214044
2.9612,-27.3598,11.86379,1.097218850838343,0.049140481613544604,0.04478639933683079
2.9112,-27.3598,11.87158,1.0617504703091936,0.04444597310896889,0.04186103453858205
2.8612,-27.3598,11.87937,1.1361460546436024,0.06990864092731142,0.06153138554817325
2.8112,-27.3598,11.88716,1.149738189130561,0.0495348959470586,0.0430836310521417
2.7612,-27.3598,11.89495,1.3936734808092415,0.06931156977647573,0.04973300470367688
2.7112,-27.3598,11.90274,1.5616283112471399,0.06257574199196167,0.04007082962141468
2.6612,-27.3598,11.91053,1.3780194588158856,0.09467302350224208,0.06870223994049647
2.6112,-27.3598,11.91832,1.6138192962001856,0.09115779046239618,0.056485748235277355
2.6612,-27.3098,11.90715,1.4058939286935292,0.11144679170827762,0.07927112382642056
2.7112,-27.3098,11.89936,1.5745455457309503,0.1304383720374334,0.0828419173971116
2.7612,-27.3098,11.89157,1.5509863475663384,0.10435289483030394,0.06728163339029042
2.8112,-27.3098,11.88378,1.3074879296055084,0.04750430968458601,0.0363325034280958
2.8612,-27.3098,11.87598,1.176335274461735,0.03696636996747002,0.03142502887570468
2.9112,-27.3098,11.86819,1.0310779698679284,0.0519032101080349,0.05033878292897987
2.9612,-27.3098,11.8604,1.0164748724799704,0.06128203362763201,0.060288783605754674
3.0112,-27.3098,11.85261,1.153120409130142,0.10954692468843755,0.09500042130992585
3.0612,-27.3098,11.84482,1.2063605193595555,0.06350050568302591,0.05263808344518576
3.1112,-27.3098,11.83703,1.156070761619129,0.06455866099358706,0.05584317425619324
3.1612,-27.3098,11.82924,1.3906202871494844,0.06834396165426675,0.049146386174445424
3.2112,-27.3098,11.82145,1.0781218464513906,0.050753915395272096,0.047076233138515146
3.2612,-27.3098,11.81366,1.2590237400041768,0.053975087138827836,0.04287058728427851
3.3112,-27.3098,11.80587,1.1753393942411754,0.05089035265570393,0.043298431844497005
3.3612,-27.3098,11.79808,1.2107541895405385,0.04786864056487026,0.03953621715984781
3.4112,-27.3098,11.79029,1.6510273779894127,0.0609753171325646,0.03693174198408453
3.4612,-27.3098,11.7825,1.5365955242567235,0.036291061485670045,0.023617836257348614
3.5112,-27.3098,11.77471,1.3965110572700783,0.04231397893572279,0.030299780811215933
3.5612,-27.3098,11.76692,1.2396026573634074,0.0833391460903897,0.06723053197356742
3.6112,-27.3098,11.75912,1.3055481864409193,0.07449071593607502,0.057057040643705106
3.6612,-27.3098,11.75133,1.3268373860212397,0.05848118685602723,0.04407562484457389
3.7112,-27.3098,11.74354,1.1913616178887891,0.06916076135333707,0.05805186293973176
3.7112,-27.2598,11.74016,1.111943574828891,0.19524693783070496,0.17559068845804526
3.6612,-27.2598,11.74795,1.1210214868005537,0.08124215292316547,0.07247153946623652
3.6112,-27.2598,11.75574,1.3146383076312103,0.0902987096660958,0.06868711275331778
3.5612,-27.2598,11.76353,1.1827698654338588,0.05865071617376983,0.04958759762809464
3.5112,-27.2598,11.77132,1.2935197900363362,0.06194332175142273,0.047887417130033
3.4612,-27.2598,11.77911,1.3406441616905254,0.1165584292640388,0.08694210782752446
3.4112,-27.2598,11.78691,1.6681786060013528,0.118967024592703,0.07131551991178486
3.3612,-27.2598,11.7947,1.1656472667885334,0.07341421599266587,0.06298150228149967
3.3112,-27.2598,11.80249,1.0724984899799899,0.03207953054387979,0.02991102630314968
3.2612,-27.2598,11.81028,1.2065422239248904,0.053272697514942284,0.04415319783972899
3.2112,-27.2598,11.81807,1.195679218155101,0.03732015154328144,0.0312125116641781
3.1612,-27.2598,11.82586,1.2296771256515764,0.04718340046211147,0.03837056043236562
3.1112,-27.2598,11.83365,1.050119866716499,0.06713254353034935,0.06392845774859826
3.0612,-27.2598,11.84144,1.0519307118165497,0.018721612096278623,0.017797381411128108
3.0112,-27.2598,11.84923,1.0947782231821477,0.02670658042069467,0.024394511925043348
2.9612,-27.2598,11.85702,1.057765233605676,0.032924981610539486,0.03112692737906111
2.9112,-27.2598,11.86481,1.1635408275835146,0.08640803602712879,0.07426300304956573
2.8612,-27.2598,11.8726,1.303684544580538,0.04844148533100888,0.03715736719621462
2.8112,-27.2598,11.88039,1.437101130296286,0.06233325049391851,0.0433742964777067
2.7612,-27.2598,11.88818,1.3764798169946668,0.07833482575799854,0.05690953459022062
2.7112,-27.2598,11.89597,1.4189199943480466,0.06641525814856317,0.04680690836207371
2.6612,-27.2598,11.90377,1.3123788782515433,0.10709156318480535,0.08160110236419024
2.7112,-27.2098,11.89259,1.3558180587521917,0.10840589835742866,0.07995608087503903
2.7612,-27.2098,11.8848,1.318388419858841,0.04132388975307506,0.03134424508787751
2.8112,-27.2098,11.87701,1.3982337331970494,0.0316941242997742,0.02266725766035258
2.8612,-27.2098,11.86922,1.470454365686403,0.04614776989062952,0.031383340392945755
2.9112,-27.2098,11.86143,1.1744332573296308,0.049529459490248215,0.042173072995962235
2.9612,-27.2098,11.85364,1.059817730301582,0.03103073107132496,0.029279309247350338
3.0112,-27.2098,11.84585,1.0220507844361628,0.051074588334970375,0.049972652154605814
3.0612,-27.2098,11.83806,1.1182445018351639,0.03726428594201054,0.03332391608530665
3.1112,-27.2098,11.83027,1.1538499388508376,0.060040900600029375,0.05203527649342891
3.1612,-27.2098,11.82248,1.2422446723957443,0.06533024945547206,0.052590484714640555
3.2112,-27.2098,11.81469,1.162185515747018,0.061864878118299965,0.05323149985958574
3.2612,-27.2098,11.8069,1.1957428632114315,0.04972921582378335,0.04158855332008803
3.3112,-27.2098,11.7991,1.1642238999981442,0.039798322487570814,0.03418442319182268
3.3612,-27.2098,11.79131,1.2037181913028696,0.05639641007572517,0.04685183831498246
3.4112,-27.2098,11.78352,1.5466065304251635,0.07921592988813798,0.05121918751135847
3.4612,-27.2098,11.77573,1.3626370264276588,0.05444373406894083,0.03995468566685921
3.5112,-27.2098,11.76794,1.2823057265921345,0.05232760223184117,0.040807430822996794
3.5612,-27.2098,11.76015,1.2074828530382005,0.05509994157750142,0.04563206958911428
3.6112,-27.2098,11.75236,1.2975677589362042,0.04504302853150567,0.034713430740937704
3.6612,-27.2098,11.74457,1.11149148047435,0.09933931246212399,0.08937478532874499
3.7112,-27.2098,11.73678,1.1615829312952832,0.11161234352763985,0.09608641838700292
3.7612,-27.2098,11.72899,1.5639744673819862,0.1224439228161635,0.07829023131121085
3.8112,-27.1598,11.71782,1.1489196460207687,0.15183271603260268,0.13215259792838294
3.7612,-27.1598,11.72561,1.4519604652839793,0.1902194304999558,0.1310086844979984
3.7112,-27.1598,11.7334,1.0999017368665662,0.046895211976123355,0.04263581955031717
3.6612,-27.1598,11.74119,1.1311349554080414,0.07398698895917762,0.06540951511173822
3.6112,-27.1598,11.74898,1.2828336545288448,0.048458879007388725,0.0377748734891014
3.5612,-27.1598,11.75677,1.2055820423131263,0.04201450634202797,0.034849976913570786
3.5112,-27.1598,11.76456,1.285450771411791,0.029650745330987275,0.0230664184038898
3.4612,-27.1598,11.77235,1.4521770734770958,0.05084142731379023,0.035010487524125014
3.4112,-27.1598,11.78014,1.590008836636738,0.11931748651686903,0.07504202729417217
3.3612,-27.1598,11.78793,1.1754552852901878,0.05886423691269788,0.050077818909262814
3.3112,-27.1598,11.79572,1.148257402429527,0.06707361490221139,0.05841339647390426
3.2612,-27.1598,11.80351,1.174926098292286,0.04128151307748706,0.03513541246337816
3.2112,-27.1598,11.8113,1.2978009437471143,0.05479304325834595,0.04221991324813119
3.1612,-27.1598,11.81909,1.0813398038856292,0.05436878017908196,0.05027908894476654
3.1112,-27.1598,11.82689,1.0728067404303396,0.07179403043443316,0.06692168097828516
3.0612,-27.1598,11.83468,1.0955246471949056,0.04001125698800465,0.03652246171772913
3.0112,-27.1598,11.84247,1.0705759673812112,0.02733371909396905,0.02553178842677686
2.9612,-27.1598,11.85026,1.1842148846680878,0.06581991966628872,0.0555810609361972
2.9112,-27.1598,11.85805,1.3549878261177226,0.043878056923665074,0.032382620771865815
2.8612,-27.1598,11.86584,1.3973757630900385,0.048316406577108104,0.03457653113308999
2.8112,-27.1598,11.87363,1.3799886720000685,0.04972262861299266,0.03603118606830868
2.7612,-27.1598,11.88142,1.3994761268135034,0.08998583833076924,0.0642996594273172
2.7612,-27.1098,11.87804,1.4809429905607856,0.1743874225561866,0.11775431172414792
2.8112,-27.1098,11.87025,1.3404561142963187,0.07854543928929755,0.05859605432180113
2.8612,-27.1098,11.86246,1.5335512670128149,0.03342385356965879,0.02179506762415885
2.9112,-27.1098,11.85467,1.468217735065061,0.08618938315584271,0.058703406924875086
2.9612,-27.1098,11.84687,1.2502918662379943,0.040949011789819564,0.03275156217166407
3.0112,-27.1098,11.83908,1.0926276363034328,0.09105824359515824,0.08333877029069629
3.0612,-27.1098,11.83129,1.0257638195494638,0.04023824586650676,0.03922759323308967
3.1112,-27.1098,11.8235,1.0829740602467175,0.03243029407739835,0.029945587126999375
3.1612,-27.1098,11.81571,1.0553790535794874,0.05193600161742859,0.049210756496710174
3.2112,-27.1098,11.80792,1.2357511150937666,0.053896346039708914,0.04361424026359819
3.2612,-27.1098,11.80013,1.1291833009918586,0.05052082576852917,0.04474103161475412
3.3112,-27.1098,11.79234,1.1331713304217446,0.032127310643330534,0.028351679733525703
3.3612,-27.1098,11.78455,1.2249909529431275,0.05823074509869852,0.047535653188943996
3.4112,-27.1098,11.77676,1.5496773103343973,0.08476916722972153,0.05470117337617184
3.4612,-27.1098,11.76897,1.2494247003513654,0.06128837976030054,0.049053280076074145
3.5112,-27.1098,11.76118,1.1867333904738362,0.06981507713026515,0.058829622298222806
3.5612,-27.1098,11.75339,1.1492422242499085,0.07795458607553368,0.06783129302999057
3.6112,-27.1098,11.7456,1.2063207495643993,0.06809197386560985,0.05644599406103042
3.6612,-27.1098,11.73781,1.0147449652079854,0.06862700570396646,0.06762980655922786
3.7112,-27.1098,11.73001,1.137221614154103,0.08363040720865067,0.07353923471711123
3.7612,-27.1098,11.72222,1.398122351979591,0.18092930990812328,0.12940878146461704
3.8112,-27.1098,11.71443,0.9587435552242385,0.1486333867125675,0.1550293463801214
3.8612,-27.0598,11.70326,1.2256456636734037,0.13853879591344911,0.11303331788261879
3.8112,-27.0598,11.71105,1.0755196914743312,0.05757007301409119,0.053527679195881264
3.7612,-27.0598,11.71884,1.111164814657412,0.049303923651527595,0.04437138667563794
3.7112,-27.0598,11.72663,1.1467734916946337,0.04308866268322927,0.03757382167907928
3.6612,-27.0598,11.73442,1.027347937164275,0.09325679519406341,0.0907743051993411
3.6112,-27.0598,11.74221,1.1870364206747657,0.07383368501516076,0.062200016553148656
3.5612,-27.0598,11.75,1.0754609302825038,0.050897110076588516,0.04732585688930493
3.5112,-27.0598,11.7578,0.9763322415421051,0.03143833120518524,0.032200443524766496
3.4612,-27.0598,11.76559,1.2731860552976744,0.08891064605732657,0.0698331918476275
3.4112,-27.0598,11.77338,1.6828372891141523,0.10260682765035249,0.06097251844494417
3.3612,-27.0598,11.78117,1.1815528935957023,0.10590856387679846,0.08963505946356534
3.3112,-27.0598,11.78896,1.2064860698534905,0.07603033910476334,0.06301799996248285
3.2612,-27.0598,11.79675,1.226989979626205,0.06545914905560955,0.05334937541670168
3.2112,-27.0598,11.80454,1.2104259824416963,0.04146888571361282,0.034259745176620324
3.1612,-27.0598,11.81233,1.1289941298238877,0.04673306261786505,0.04139353906574781
3.1112,-27.0598,11.82012,1.0907362797803952,0.05683508834868052,0.052107085280159095
3.0612,-27.0598,11.82791,1.1097673142528899,0.052842333885632246,0.04761568772748223
3.0112,-27.0598,11.8357,1.2265829732505227,0.042508573968228984,0.034656093305761915
2.9612,-27.0598,11.84349,1.384909192223406,0.12077270667192691,0.08720622792461365
2.9112,-27.0598,11.85128,1.568867492535394,0.07515427774829932,0.04790352155671542
2.8612,-27.0598,11.85907,1.2292039723220092,0.1106718500211939,0.09003538266487288
2.8112,-27.0598,11.86686,1.349960670822829,0.09288381152809415,0.06880482782619107
2.8612,-27.0098,11.85569,1.004036166244793,0.23280833900460288,0.23187246319555596
2.9112,-27.0098,11.8479,1.3149530826538764,0.13584870394379261,0.10331068517640099
2.9612,-27.0098,11.84011,1.5061643551198718,0.07095058368014279,0.0471068004225183
3.0112,-27.0098,11.83232,1.4551978422611958,0.05598951714795663,0.03847553612432239
3.0612,-27.0098,11.82453,1.1995730847674628,0.10180778888108309,0.08487001765367096
3.1112,-27.0098,11.81674,1.1183930466430063,0.08303909324177804,0.07424857789578543
3.1612,-27.0098,11.80895,1.088151761878882,0.03258361305992331,0.029943996969376833
3.2112,-27.0098,11.80116,1.037998073116349,0.05212544250975655,0.050217282536240145
3.2612,-27.0098,11.79337,1.2404029563637158,0.04506090581997,0.036327634974417995
3.3112,-27.0098,11.78558,1.204461047612343,0.049189040929308876,0.040839046664745624
3.3612,-27.0098,11.77779,1.1973677662189435,0.056304939443493913,0.0470239311864007
3.4112,-27.0098,11.76999,1.589616447922504,0.062170896124500434,0.039110627098601435
3.4612,-27.0098,11.7622,1.1849985954944096,0.05433889099965961,0.04585565856893538
3.5112,-27.0098,11.75441,1.0871405292738507,0.027837579727728965,0.025606238547948273
3.5612,-27.0098,11.74662,1.1135174042613352,0.045130161051393634,0.04052937195115622
3.6112,-27.0098,11.73883,1.098955420903121,0.10929996853143456,0.09945805485140781
3.6612,-27.0098,11.73104,1.0591610674837344,0.0610927092491505,0.057680282182472405
3.7112,-27.0098,11.72325,1.1609862703382408,0.056434846528803484,0.04860940044739875
3.7612,-27.0098,11.71546,1.0002031354188774,0.09238150320325864,0.09236274105916492
3.8112,-27.0098,11.70767,1.049897031278138,0.12241348647391138,0.11659570684268532
3.8612,-27.0098,11.69988,1.3343396302973063,0.0592584606655574,0.04441032801547978
3.9112,-27.0098,11.69209,1.1021392890396646,0.0848758263490115,0.0770100723139695
3.9612,-26.9598,11.68091,1.2075468782150962,0.07211468838104569,0.05971999073662476
3.9112,-26.9598,11.68871,1.0242210992862024,0.06657569314134694,0.06500129043206072
3.8612,-26.9598,11.6965,1.1661463345944552,0.039833073584698335,0.034157868873764353
3.8112,-26.9598,11.70429,1.1396812231153477,0.026986066028783326,0.023678608966651415
3.7612,-26.9598,11.71208,1.0748719518100376,0.0797995104509011,0.07424094592525389
3.7112,-26.9598,11.71987,1.1228430821168065,0.051047064137612515,0.045462331247014105
3.6612,-26.9598,11.72766,1.0772825243991675,0.05088414330003194,0.04723379628608711
3.6112,-26.9598,11.73545,1.1420671100138207,0.039130112903713404,0.03426253375183869
3.5612,-26.9598,11.74324,1.0791723218722447,0.05103561326088498,0.047291440140295515
3.5112,-26.9598,11.75103,1.069368648891834,0.05645027464019045,0.0527884137043748
3.4612,-26.9598,11.75882,1.26758882945393,0.045603412764644975,0.03597650255745048
3.4112,-26.9598,11.76661,1.5205922267755072,0.08241735818656659,0.05420082829262962
3.3612,-26.9598,11.7744,1.2163972349525816,0.03252931693726415,0.026742346992043458
3.3112,-26.9598,11.78219,1.2231946203248818,0.04537485575276257,0.0370953689615729
3.2612,-26.9598,11.78998,1.262914228440986,0.04040466986992624,0.03199320188181274
3.2112,-26.9598,11.79778,1.1425951389118345,0.02642236800306616,0.02312487345975395
3.1612,-26.9598,11.80557,1.180868611606749,0.04320610677774236,0.036588411575233556
3.1112,-26.9598,11.81336,1.0689379383100936,0.07436656350597454,0.06957051559376982
3.0612,-26.9598,11.82115,1.264878756948487,0.07875799162198899,0.062265249684477435
3.0112,-26.9598,11.82894,1.5752417607217892,0.07092660578784421,0.045025854161805
2.9612,-26.9598,11.83673,1.5462798297831855,0.05528149236810614,0.035751285959577925
2.9112,-26.9598,11.84452,1.5246961209402656,0.04227517583618793,0.02772695178768949
2.8612,-26.9598,11.85231,1.237358648292885,0.06892189171889072,0.05570082030297232
2.9112,-26.9098,11.84114,1.25468871343924,0.10446151357690087,0.08325691660249367
2.9612,-26.9098,11.83335,1.197475242663406,0.14352200847247323,0.11985384194937825
3.0112,-26.9098,11.82556,1.4617511220110722,0.10521747962941257,0.0719804336354158
3.0612,-26.9098,11.81776,1.4857036355907556,0.11122855323137089,0.07486590903248577
3.1112,-26.9098,11.80997,1.1246389085844979,0.06760670652978953,0.060114145094696425
3.1612,-26.9098,11.80218,1.1456489847674278,0.04854011848849273,0.04236910182253302
3.2112,-26.9098,11.79439,1.1743932279076803,0.030885581263049012,0.026299182019361017
3.2612,-26.9098,11.7866,1.116511785376217,0.03414579464031563,0.030582565350002058
3.3112,-26.9098,11.77881,1.205175684500421,0.06889850800022386,0.05716885005756171
3.3612,-26.9098,11.77102,1.2052518641932872,0.01795309737829192,0.014895722555308794
3.4112,-26.9098,11.76323,1.3270579993766998,0.05628363119003674,0.04241233707680626
3.4612,-26.9098,11.75544,1.2882039674260066,0.028551156556037134,0.02216353720217609
3.5112,-26.9098,11.74765,1.0121361372927873,0.04662487344232826,0.046065812418315796
3.5612,-26.9098,11.73986,1.0415627526035354,0.03025742753316864,0.029050028390066623
3.6112,-26.9098,11.73207,1.0786524188572237,0.06390345527339766,0.0592437880416567
3.6612,-26.9098,11.72428,0.968859013730732,0.041311401714599225,0.04263922937097286
3.7112,-26.9098,11.71649,1.1211858733336384,0.055414611904313314,0.04942500010239002
3.7612,-26.9098,11.7087,1.0643942815547809,0.10074527006311212,0.09465033005997703
3.8112,-26.9098,11.7009,1.267736164382899,0.098139573930947,0.0774132478730058
3.8612,-26.9098,11.69311,1.2482604970678959,0.06563670884400724,0.05258254106269062
3.9112,-26.9098,11.68532,1.0252089576604928,0.07486799058919406,0.07302705466019473
3.9612,-26.9098,11.67753,1.1253071621954471,0.057791800710566284,0.051356467506894626
4.0112,-26.9098,11.66974,1.1511266155729913,0.10863433003157986,0.0943721816192265
4.0612,-26.8598,11.65857,1.292517262667807,0.12857253540347788,0.09947452085715208
4.0112,-26.8598,11.66636,1.1689612687707749,0.07586200228490436,0.06489693398026548
3.9612,-26.8598,11.67415,1.2300767098618428,0.12063136067864126,0.09806816088095033
3.9112,-26.8598,11.68194,1.017379237118618,0.10179705421501896,0.10005812041468884
3.8612,-26.8598,11.68973,1.1388891172836086,0.07200985278293348,0.06322815073927994
3.8112,-26.8598,11.69752,1.0547570523296432,0.05923040774180087,0.056155498188875434
3.7612,-26.8598,11.70531,1.03288288141184,0.06456194410750982,0.06250654867980827
3.7112,-26.8598,11.7131,1.1094819280495705,0.05397087747665257,0.04864511634861096
3.6612,-26.8598,11.72089,0.9619397255794325,0.045977195278789726,0.047796336980568066
3.6112,-26.8598,11.72869,1.0237064614586973,0.036238831084522416,0.03539963109433252
3.5612,-26.8598,11.73648,1.067131528649431,0.06886870766014702,0.06453628799376562
3.5112,-26.8598,11.74427,1.1206743581925718,0.04096284326439177,0.03655195906369876
3.4612,-26.8598,11.75206,1.4298490904163335,0.04895225681305741,0.03423596038292673
3.4112,-26.8598,11.75985,1.1782753930781262,0.03204189968781647,0.027193897009179003
3.3612,-26.8598,11.76764,1.2043127668784799,0.06295265060706022,0.052272675619166965
3.3112,-26.8598,11.77543,1.2466743121510204,0.04627151913344283,0.03711596419565719
3.2612,-26.8598,11.78322,1.1397966772327555,0.056788342616628226,0.04982322176486886
3.2112,-26.8598,11.79101,1.1303712431643527,0.06930537897374771,0.06131205070268309
3.1612,-26.8598,11.7988,1.1677966175425263,0.050951686311256246,0.04363061644970109
3.1112,-26.8598,11.80659,1.4458955763402006,0.08659117392828208,0.0598875709596253
3.0612,-26.8598,11.81438,1.5987392525326711,0.10575019437382627,0.06614599235385021
3.0112,-26.8598,11.82217,0.6838664721826646,0.19556068236486307,0.28596325499143305
2.9612,-26.8598,11.82996,0.37295886526199995,0.26104889061656145,0.6999401674851653
2.9612,-26.8098,11.82658,0.506605789746965,0.3154020031566075,0.6225787575663944
3.0112,-26.8098,11.81879,0.4474211976212084,0.31879310930220567,0.7125123060711561
3.0612,-26.8098,11.811,0.9158048758574843,0.2606891250658391,0.2846557513921852
3.1112,-26.8098,11.80321,1.5450336244990097,0.08924573977139733,0.05776297574127943
3.1612,-26.8098,11.79542,1.4282001470063124,0.08212640036815472,0.057503425230911794
3.2112,-26.8098,11.78763,1.1794674759939927,0.12008202046521943,0.10181037028089364
3.2612,-26.8098,11.77984,1.0952670363379546,0.04450131120006218,0.04063055832379757
3.3112,-26.8098,11.77205,1.1435038868221254,0.043917949218788464,0.03840647130709753
3.3612,-26.8098,11.76426,1.1471576986487872,0.06108627719020426,0.05325011309443897
3.4112,-26.8098,11.75647,1.2116479076326656,0.0610101209926558,0.05035301147167267
3.4612,-26.8098,11.74868,1.5245004245800235,0.04734656318345895,0.031057100686936314
3.5112,-26.8098,11.74088,1.1586603499206845,0.03240028621811492,0.0279635755381919
3.5612,-26.8098,11.73309,1.0826685448385749,0.04213607929083667,0.03891872493360295
3.6112,-26.8098,11.7253,1.01479209357545,0.03814113296742151,0.03758516962133358
3.6612,-26.8098,11.71751,0.959235650440838,0.0838640446695658,0.08742798980732651
3.7112,-26.8098,11.70972,1.0061471198355414,0.059590179644088234,0.05922610965067263
3.7612,-26.8098,11.70193,0.9528405388051683,0.04155609824225042,0.04361285708347427
3.8112,-26.8098,11.69414,1.0813837803403674,0.060553633815793526,0.055996432456878686
3.8612,-26.8098,11.68635,1.1463829106156658,0.09873523380159208,0.08612762183323742
3.9112,-26.8098,11.67856,1.0570919264080292,0.05882196009701583,0.05564507553935382
3.9612,-26.8098,11.67077,1.0788369921226124,0.05049520665478908,0.04680522360976864
4.0112,-26.8098,11.66298,1.1213657283379805,0.08132758407900546,0.07252547676799809
4.0612,-26.8098,11.65519,1.1079662273141393,0.060523811056681066,0.05462604325350152
4.1112,-26.8098,11.6474,0.9389918259348452,0.08929430049483549,0.0950959295156116
4.1612,-26.7598,11.63622,1.0571678189577134,0.04709548800993176,0.044548734047130105
4.1112,-26.7598,11.64401,1.0191311744846296,0.08638507400739229,0.08476344966198965
4.0612,-26.7598,11.6518,1.0865638351239955,0.04791147838125047,0.04409449020156552
4.0112,-26.7598,11.6596,1.1339435644321563,0.06924597265983982,0.06106650703954218
3.9612,-26.7598,11.66739,1.0977167769518943,0.07801881542611126,0.07107372052994533
3.9112,-26.7598,11.67518,1.0942464530452842,0.07390685614427109,0.06754132575763765
3.8612,-26.7598,11.68297,1.0084622044093041,0.04921302324098083,0.048800067098009714
3.8112,-26.7598,11.69076,0.9679809947746485,0.03465035851839821,0.03579652772672982
3.7612,-26.7598,11.69855,1.0095856312717069,0.04155853626580028,0.04116395378314942
3.7112,-26.7598,11.70634,0.9694666110911321,0.06716244203366518,0.06927772577755312
3.6612,-26.7598,11.71413,0.9590239677885272,0.056760459409474315,0.059185652617589714
3.6112,-26.7598,11.72192,1.0893062054106333,0.045173466777262486,0.04146994348593979
3.5612,-26.7598,11.72971,1.0571736500154734,0.04775148167054272,0.04516900479863814
3.5112,-26.7598,11.7375,1.1570057625530017,0.049511926705670985,0.04279315480367184
3.4612,-26.7598,11.74529,1.3021846197162623,0.030684293479987815,0.02356370442055576
3.4112,-26.7598,11.75308,1.216806759779146,0.03765924468902789,0.030949240202990943
3.3612,-26.7598,11.76087,1.2625819137635435,0.04683157471005087,0.03709190999770768
3.3112,-26.7598,11.76867,1.12633330007784,0.03832825998192819,0.0340292344897193
3.2612,-26.7598,11.77646,1.173483653933981,0.02626464327772723,0.022381771735531013
3.2112,-26.7598,11.78425,1.3231141943724587,0.053657208117907425,0.04055372419563268
3.1612,-26.7598,11.79204,1.5546653438421723,0.1117750687271166,0.07189654620516443
3.1112,-26.7598,11.79983,1.396843975958412,0.0845910754554588,0.060558714438682104
3.0612,-26.7598,11.80762,0.19814563030314938,0.08568245055121707,0.4324216003155292
3.0112,-26.7598,11.81541,0.2464840728478018,0.23298945294388376,0.9452515541957527
3.0612,-26.7098,11.80424,0.20463024618856962,0.16844615456538448,0.8231732977057507
3.1112,-26.7098,11.79645,0.4280283339209398,0.16834244559885453,0.3932974344402833
3.1612,-26.7098,11.78865,1.2786236018035568,0.07492400357908717,0.0585973882176142
3.2112,-26.7098,11.78086,1.7202636648396772,0.12106045387080146,0.07037319705411779
3.2612,-26.7098,11.77307,1.2422788785821346,0.03927552510139305,0.03161570705139885
3.3112,-26.7098,11.76528,1.1478147320379535,0.05521816099806686,0.04810720707515804
3.3612,-26.7098,11.75749,1.1460994423932154,0.06221036508955784,0.05428007622065841
3.4112,-26.7098,11.7497,1.247935357796646,0.04188382588907848,0.033562496348391424
3.4612,-26.7098,11.74191,1.1620643852382895,0.031037148162477324,0.026708630396682313
3.5112,-26.7098,11.73412,1.3612769599323928,0.04616024040292117,0.03390951419997125
3.5612,-26.7098,11.72633,0.9981313352646641,0.06668419194921214,0.06680903563811087
3.6112,-26.7098,11.71854,1.0544726859517966,0.03761697571871286,0.0356737317332774
3.6612,-26.7098,11.71075,0.9810221331975058,0.04682708019847252,0.047732949761129385
3.7112,-26.7098,11.70296,0.9641979679078119,0.045143530541549105,0.0468197735777279
3.7612,-26.7098,11.69517,0.956321869162861,0.0448329875917305,0.0468806466080046
3.8112,-26.7098,11.68738,0.9156672723058634,0.03556706474899647,0.03884278255291392
3.8612,-26.7098,11.67959,0.9626417513877008,0.07591167200364686,0.07885765591843075
3.9112,-26.7098,11.67179,1.0513853197064564,0.060467431322800566,0.05751215105389039
3.9612,-26.7098,11.664,1.140422102474203,0.0851997755710349,0.07470898309160241
4.0112,-26.7098,11.65621,1.0286273783392987,0.07667184031790401,0.07453801243526045
4.0612,-26.7098,11.64842,1.0537694103324244,0.04937236401657861,0.04685310043399674
4.1112,-26.7098,11.64063,1.05058886529429,0.07610704474815935,0.07244227238867633
4.1612,-26.7098,11.63284,1.1237570448533796,0.057707696432782396,0.05135246688514573
4.2112,-26.7098,11.62505,1.237115050279921,0.08376420274972207,0.06770930701293207
4.2112,-26.6598,11.62167,1.0881197753139222,0.062130691955876324,0.057099129494224694
4.1612,-26.6598,11.62946,1.2152511348330584,0.07459591946412962,0.06138313088214233
4.1112,-26.6598,11.63725,1.056927246625953,0.11647583197318494,0.11020231746793617
4.0612,-26.6598,11.64504,1.134622664641854,0.08372615986020501,0.07379207420172004
4.0112,-26.6598,11.65283,1.0575202801227133,0.07633208241259973,0.0721802539841054
3.9612,-26.6598,11.66062,1.1382005537717832,0.03626948068344518,0.03186563261039974
3.9112,-26.6598,11.66841,1.011623649902515,0.05906100262795403,0.05838238621017355
3.8612,-26.6598,11.6762,0.954665141986023,0.03578641990466827,0.03748583490774633
3.8112,-26.6598,11.68399,1.012070334582393,0.05611431268833111,0.0554450721169348
3.7612,-26.6598,11.69178,0.9972829769132593,0.03797927366401407,0.03808274536237009
3.7112,-26.6598,11.69958,0.9706847713977101,0.044441517071470815,0.04578367599965384
3.6612,-26.6598,11.70737,1.018248051673889,0.03005799688435263,0.029519326685615115
3.6112,-26.6598,11.71516,1.0083902754454734,0.041373843672806956,0.04102959407708425
3.5612,-26.6598,11.72295,1.0840581862075553,0.03002443799977592,0.027696334368188052
3.5112,-26.6598,11.73074,1.4903326390744271,0.09351914233142863,0.06275051614618654
3.4612,-26.6598,11.73853,1.2426271261845487,0.038471035340856725,0.030959436286395057
3.4112,-26.6598,11.74632,1.203695873737972,0.053988641757597544,0.0448523941433317
3.3612,-26.6598,11.75411,1.1763466224106716,0.07215510580262294,0.06133830320756686
3.3112,-26.6598,11.7619,1.2055922718495045,0.08576457573905337,0.0711389561310654
3.2612,-26.6598,11.76969,1.4977412852147192,0.10081705803001849,0.06731273219564429
3.2112,-26.6598,11.77748,1.5421433014467087,0.03313438125062224,0.02148592884950339
3.1612,-26.6598,11.78527,0.6371202383253546,0.16534243561423792,0.2595152777579849
3.1112,-26.6598,11.79306,0.3705306142052558,0.3559403697555859,0.9606233766109604
3.0612,-26.6598,11.80085,0.274919952292115,0.2904407723804069,1.0564557790691025
3.1112,-26.6098,11.78968,0.21663430308104914,0.13904276311225322,0.6418317004035751
3.1612,-26.6098,11.78189,0.24228607567428267,0.23564518700250828,0.9725907126387978
3.2112,-26.6098,11.7741,0.972121875284777,0.10535808588630198,0.1083795031928872
3.2612,-26.6098,11.76631,1.61499698518436,0.10225143648892353,0.0633137011566935
3.3112,-26.6098,11.75852,1.27664997592861,0.0855107170266191,0.06698054959380725
3.3612,-26.6098,11.75073,1.1564212120211044,0.1068650512545865,0.09241014445576966
3.4112,-26.6098,11.74294,1.1350209080128375,0.06930530731467845,0.06106081995971001
3.4612,-26.6098,11.73515,1.2902029110402262,0.0660645842777588,0.051204801750520175
3.5112,-26.6098,11.72736,1.329164393491285,0.04320166013115801,0.032502871986873814
3.5612,-26.6098,11.71957,1.20844722622633,0.06880541914841705,0.05693704917779379
3.6112,-26.6098,11.71177,1.059343901465835,0.05150428490813797,0.0486190413112026
3.6612,-26.6098,11.70398,0.9919867223855228,0.04796548660318496,0.0483529522329068
3.7112,-26.6098,11.69619,1.0160036227116647,0.03426779399603193,0.03372802343418111
3.7612,-26.6098,11.6884,0.9636319274813913,0.03253411195333862,0.033761969716354055
3.8112,-26.6098,11.68061,1.0574449640395662,0.05228492821081591,0.0494445857598879
3.8612,-26.6098,11.67282,0.8909449930480235,0.04840373113510951,0.05432852927262644
3.9112,-26.6098,11.66503,0.9545087886738168,0.06562844606310027,0.06875625121721891
3.9612,-26.6098,11.65724,1.0782749784695622,0.09167624867134583,0.08502121490518634
4.0112,-26.6098,11.64945,1.1301420288215154,0.09904141115167774,0.08763625157357939
4.0612,-26.6098,11.64166,1.1233921200346393,0.08100092341222094,0.07210387358754422
4.1112,-26.6098,11.63387,1.1110386910934622,0.07648224965652424,0.06883851144846444
4.1612,-26.6098,11.62608,1.1319439108875204,0.05676674757993903,0.050149788371961
4.2112,-26.6098,11.61829,1.0164383627317126,0.0752412288952398,0.07402438913563479
4.2612,-26.6098,11.6105,1.046302846893342,0.10063276148955909,0.09617938227766037
4.2612,-26.5598,11.60711,1.189834659417661,0.10378030292859436,0.08722245742899051
4.2112,-26.5598,11.6149,1.0721229052877894,0.05391161096567438,0.05028491668238625
4.1612,-26.5598,11.62269,1.025436317112416,0.07876233358550466,0.07680860553807571
4.1112,-26.5598,11.63049,1.109263177933109,0.07550516298745195,0.06806785304830977
4.0612,-26.5598,11.63828,1.187771359864675,0.13174739252377635,0.11091982596615779
4.0112,-26.5598,11.64607,0.9769789606992403,0.09414210549081967,0.09636042256574345
3.9612,-26.5598,11.65386,1.0361058424419247,0.09011779864412045,0.0869774061226488
3.9112,-26.5598,11.66165,0.9454434779606375,0.03915259013075925,0.04141187817511109
3.8612,-26.5598,11.66944,0.9577571617453045,0.03075379844443431,0.03211022550684162
3.8112,-26.5598,11.67723,1.0121191612444325,0.03016497567908778,0.029803778877181802
3.7612,-26.5598,11.68502,0.9753005891186275,0.03705720299576049,0.03799567375351309
3.7112,-26.5598,11.69281,0.9469643374649029,0.031095500227711414,0.03283703408615839
3.6612,-26.5598,11.7006,1.0221515381564612,0.044274932382056285,0.04331542900371696
3.6112,-26.5598,11.70839,1.0357208036203829,0.04230346132208208,0.04084446423612375
3.5612,-26.5598,11.71618,1.4111892731426745,0.0662560195298621,0.0469504840993526
3.5112,-26.5598,11.72397,1.3346780020605844,0.040185020661324435,0.030108401126926143
3.4612,-26.5598,11.73176,1.204818978019686,0.07753794638238143,0.06435651147347257
3.4112,-26.5598,11.73956,1.2022121523711935,0.07830780473346222,0.06513642752571677
3.3612,-26.5598,11.74735,1.1567380071274334,0.057416503287360206,0.04963656673644238
3.3112,-26.5598,11.75514,1.460264262613646,0.13791599111081884,0.09444591273087151
3.2612,-26.5598,11.76293,1.4830814376173538,0.07227559737215114,0.04873339759970672
3.2112,-26.5598,11.77072,0.22580904308151056,0.22348589014387446,0.9897118693479539
3.1612,-26.5598,11.77851,0.3238470373640656,0.33874202293717903,1.0459938917284848
3.1612,-26.5098,11.77513,0.3897934056999945,0.2996261157502028,0.7686792833555806
3.2112,-26.5098,11.76734,0.23985789986960143,0.21578290508520645,0.8996280931439684
3.2612,-26.5098,11.75954,0.30703740619109765,0.12539689112340976,0.408409166423728
3.3112,-26.5098,11.75175,1.5374883364586132,0.06111301059847703,0.03974860111084953
3.3612,-26.5098,11.74396,0.3906797906765182,0.05300278983690194,0.1356681126124287
3.4112,-26.5098,11.73617,1.2165378707108874,0.08691336837854995,0.07144320819849355
3.4612,-26.5098,11.72838,1.0588549753774825,0.09886069712768353,0.0933656633123338
3.5112,-26.5098,11.72059,1.2464440099115959,0.03200300378901613,0.02567544433165991
3.5612,-26.5098,11.7128,1.3411151564118449,0.05725626840787168,0.04269302910650931
3.6112,-26.5098,11.70501,1.036279131325946,0.08131594169831309,0.07846914913192089
3.6612,-26.5098,11.69722,1.0469775170446707,0.04006677900732115,0.03826899656873114
3.7112,-26.5098,11.68943,1.048604071724602,0.04378132843528857,0.04175201071199635
3.7612,-26.5098,11.68164,0.9172622315782762,0.030631950459004246,0.033394976272268125
3.8112,-26.5098,11.67385,1.0555514620038078,0.027786817116873613,0.026324455147003885
3.8612,-26.5098,11.66606,0.9964192500422658,0.03254536803416683,0.03266232364818958
3.9112,-26.5098,11.65827,0.928637261859734,0.06119980485162697,0.06590280981086767
3.9612,-26.5098,11.65048,0.976961472938067,0.08102717390519562,0.08293794192468859
4.0112,-26.5098,11.64268,1.0600584713922199,0.09487049405043399,0.08949552936059889
4.0612,-26.5098,11.63489,1.1907922105756095,0.07638009347511462,0.06414225151690717
4.1112,-26.5098,11.6271,1.144367631416974,0.07396896366651215,0.06463741339391313
4.1612,-26.5098,11.61931,1.054616349022692,0.08665668884732715,0.08216892230774868
4.0112,-26.4598,11.6393,1.0469159575053026,0.09200134306408655,0.08787844182193638
3.9612,-26.4598,11.64709,0.9360466781920334,0.05398769724896719,0.05767628741896076
3.9112,-26.4598,11.65488,0.9546713070195956,0.04433047780106006,0.04643533064742055
3.8612,-26.4598,11.66267,0.9513620054066824,0.03847184232838311,0.04043869957991165
3.8112,-26.4598,11.67047,0.8968389089710653,0.05852838427028528,0.06526075495256371
3.7612,-26.4598,11.67826,0.9353422964963114,0.038871170917648586,0.041558230674754774
3.7112,-26.4598,11.68605,1.0113722348266774,0.03366416547564007,0.03328563343585285
3.6612,-26.4598,11.69384,0.9260575658600667,0.03530092515571675,0.03811957966450106
3.6112,-26.4598,11.70163,1.3112383190748909,0.07411268628757808,0.05652114128259027
3.5612,-26.4598,11.70942,1.346099077902004,0.06963457698757693,0.051730647565785146
3.5112,-26.4598,11.71721,1.1732504109528303,0.05781290098148673,0.04927584123711085
3.4612,-26.4598,11.725,1.1850604684801151,0.07705043416543496,0.06501814566834303
3.4112,-26.4598,11.73279,1.141252706367769,0.06603206762769293,0.05785928678132227
3.3612,-26.4598,11.74058,0.16958750906273926,0.06227237657358307,0.36719907567334614
3.3112,-26.4598,11.74837,0.19707421789521967,0.11777501301369854,0.597617558864636
3.2612,-26.4598,11.75616,0.20875719111816432,0.1716459014713917,0.8222274909525571
3.2112,-26.4598,11.76395,0.2200466105377774,0.1651765291935765,0.7506433695565565
3.2612,-26.4098,11.75278,0.2145049359978041,0.21056158324259452,0.9816164941059914
3.3112,-26.4098,11.74499,0.1674011154538267,0.1353343398095766,0.8084434768710075
3.3612,-26.4098,11.7372,0.15640752675831643,0.006789528315847134,0.043409217296418404
3.4112,-26.4098,11.72941,0.27019480484050123,0.13943330669955245,0.5160473266014917
3.4612,-26.4098,11.72162,1.241748790187564,0.07448695305418859,0.05998552496510786
3.5112,-26.4098,11.71383,1.1058299252440917,0.0532671732351297,0.04816940835035907
3.5612,-26.4098,11.70604,1.2914185219485,0.05743700092302994,0.04447589990917015
3.6112,-26.4098,11.69825,1.372799675392574,0.11890413721281065,0.0866143395457958
3.6612,-26.4098,11.69046,1.005052789353464,0.03194648681040588,0.03178587945709458
3.7112,-26.4098,11.68266,0.9786424261536328,0.0395893514005396,0.04045333652265413
3.7612,-26.4098,11.67487,0.9383725028593235,0.04529691951916717,0.04827178906153208
3.8112,-26.4098,11.66708,1.0347822704303364,0.04067370818474298,0.03930653756546094
3.8612,-26.4098,11.65929,1.0311211160634843,0.06798871571467335,0.06593669226194705
3.7112,-26.3598,11.67928,1.04187259306843,0.037301703927677024,0.0358025579863075
3.6612,-26.3598,11.68707,1.1116555629783824,0.05856599652103156,0.052683581562008024
3.6112,-26.3598,11.69486,1.3117740114153205,0.034765525539051365,0.02650267899540225
3.5612,-26.3598,11.70265,1.1233502516257594,0.06524760171054754,0.05808304365990793
3.5112,-26.3598,11.71044,1.2599222821830922,0.04564764144637743,0.03623052159001654
3.4612,-26.3598,11.71824,0.36413179132239953,0.18152552017678966,0.4985159892728738
3.4112,-26.3598,11.72603,0.2148511199601028,0.13342754721613184,0.6210232799387265
3.3612,-26.3598,11.73382,0.1990568414791513,0.15451025819707098,0.7762117445898186
3.3112,-26.3598,11.74161,0.21017680290202007,0.15740134365165678,0.7488996952962212
3.2612,-26.3598,11.7494,0.18853308295208449,0.11079456277363565,0.5876664245807405
3.3112,-26.3098,11.73823,0.1925463145303597,0.14377883579453946,0.7467233852033515
3.3612,-26.3098,11.73043,0.20001119941760231,0.16103247026153253,0.805117267085198
3.4112,-26.3098,11.72264,0.24060446785569015,0.20380103593971557,0.8470376205231211
3.4612,-26.3098,11.71485,0.22041938595959384,0.11122005213625222,0.5045838035164498
3.5112,-26.3098,11.70706,0.8597296021840977,0.10713078651198099,0.1246098613329364
3.5612,-26.3098,11.69927,1.1039474706479382,0.05113808021204179,0.046322928918010375
3.4112,-26.2598,11.71926,0.17791238378595936,0.17867495934179733,1.0042862421356538
