-1.1144,-11.5056,9.961370969097587,0.9654254607245788,0.2057866787764457,0.21315646535983943
-1.13377,-11.52962,9.961880636573058,1.097091599813541,0.10526737250003428,0.09595130663467412
-1.15314,-11.55364,9.96239030404853,0.9631399959409508,0.13013072522556837,0.1351109140664807
-1.17252,-11.57767,9.962900209553155,1.0218959082441381,0.12942056754307188,0.1266475053857955
-1.19189,-11.60169,9.963409877028626,1.0951513080909243,0.11525846594714853,0.10524433025429876
-1.21126,-11.62571,9.963919544504098,1.1243243333682174,0.02819566132820131,0.025077871652687253
-1.23063,-11.64973,9.96442921197957,1.105989213966002,0.14430143641474868,0.1304727339042427
-1.25001,-11.67376,9.964939117484194,1.1120535522771358,0.05295914019264237,0.04762283262725857
-1.26938,-11.69778,9.965448784959667,1.0155036213394415,0.13797095684103758,0.13586456408599995
-1.28875,-11.7218,9.96595845243514,1.062564780819475,0.10388566005421711,0.09776877789427393
-1.30812,-11.74582,9.966468119910612,0.8509079077753793,0.14409904372117827,0.16934740223288322
-1.32749,-11.76984,9.966977787386085,1.0984755811265992,0.06522178878376593,0.05937481898038581
-1.34687,-11.79387,9.967487692890709,1.11523712079356,0.03528966082925581,0.03164319064643852
-1.36624,-11.81789,9.96799736036618,1.1447284343199127,0.09428681568492822,0.0823660991184729
-1.38561,-11.84191,9.968507027841653,1.0275552843669515,0.10564098039413197,0.10280807466161246
-1.40498,-11.86593,9.969016695317126,1.0268444221131834,0.12346020025642149,0.12023262492125915
-1.42436,-11.88996,9.96952660082175,1.0439703441502448,0.10671212625762493,0.1022175839146895
-1.44373,-11.91398,9.970036268297223,1.0520567536769367,0.1894027446036462,0.18003091937928625
-1.4631,-11.938,9.970545935772694,0.9986563360384885,0.05650734764091161,0.05658337668498385
-1.4631,-11.938,9.970545935772694,1.0698230747665638,0.15036217851914774,0.14054864029919795
-1.47991,-11.96291,9.971030729566804,1.0868928739910613,0.08030660204048183,0.0738864003639997
-1.49673,-11.98782,9.971515656863163,1.0979927026370748,0.07101498256836135,0.06467709885302789
-1.51354,-12.01274,9.972000555184175,1.0418806629275026,0.10769569315211587,0.10336663015657646
-1.53036,-12.03765,9.972485482480536,1.0322976803104165,0.21859958747015185,0.21176022347005372
-1.54717,-12.06256,9.972970276274646,1.006754472742937,0.08537151044033421,0.08479873966463404
-1.56398,-12.08747,9.973455070068756,1.1152920692089736,0.04351989973510296,0.0390210788156771
-1.5808,-12.11238,9.973939997365116,1.1243635037368598,0.0545073362808341,0.04847839341963444
-1.59761,-12.1373,9.974424895686129,1.1230073523546702,0.0585938494002704,0.052175837742659034
-1.61443,-12.16221,9.97490982298249,1.1091180868357962,0.08918080860569669,0.08040695545784551
-1.63124,-12.18712,9.975394616776597,1.1671462815048579,0.07599106687063782,0.06510843419957513
-1.64805,-12.21203,9.975879410570709,1.1137304202303235,0.1154770459536993,0.10368491679505192
-1.66487,-12.23694,9.97636433786707,1.1766551184535108,0.09902235127300883,0.08415579868734593
-1.68168,-12.26186,9.97684923618808,1.0440559791617368,0.24590337742879959,0.2355270046211825
-1.6985,-12.28677,9.977334163484441,1.1492624104417426,0.20488664775175092,0.17827664586454064
-1.71531,-12.31168,9.977818957278549,0.9627053705346487,0.21999591654455886,0.2285184265902472
-1.73212,-12.33659,9.978303751072662,1.1448315217082985,0.1762130614990111,0.15392051857208552
-1.74894,-12.3615,9.978788678369021,1.2307506529614847,0.0822003910062056,0.06678882583438937
-1.76575,-12.38642,9.979273576690034,1.1639310728317187,0.044851431057239884,0.038534439112550875
-1.78257,-12.41133,9.979758503986393,1.1423796375868922,0.039225811555807,0.03433693166893776
-1.79938,-12.43624,9.980243297780504,1.1244569626847405,0.04182257902914458,0.03719357913822639
-1.81619,-12.46115,9.980728091574614,1.0186608642372994,0.13767234725328176,0.13515032537974353
-1.83301,-12.48606,9.981213018870973,1.1916240119102313,0.05660220910646194,0.04750005751875194
-1.84982,-12.51098,9.981697917191987,1.1567877841425445,0.03982585328167648,0.03442796840320797
-1.86664,-12.53589,9.982182844488344,1.1735400709440038,0.050251636092574194,0.04282055409676078
-1.88345,-12.5608,9.982667638282456,1.1663376675724146,0.05236147309267222,0.044893922702210286
-1.90026,-12.58571,9.983152432076565,1.139680244273603,0.05108776460743643,0.0448264018474745
-1.91708,-12.61062,9.983637359372926,1.167430773637578,0.17822070856806912,0.15266062244766274
-1.93389,-12.63554,9.984122257693937,1.0798524789476032,0.12707366388081445,0.1176768737935919
-1.95071,-12.66045,9.984607184990297,1.1300186135331587,0.05171877196816531,0.0457680708519123
-1.96752,-12.68536,9.985091978784409,1.156479382496043,0.05371204983713867,0.04644445084806555
-1.98433,-12.71027,9.985576772578519,1.1327007918563348,0.04715110769762667,0.041627151703807624
-2.00115,-12.73518,9.986061699874877,1.1586476845900393,0.04939680904666584,0.04263315734682865
-2.01796,-12.7601,9.986546598195892,1.0718101483644482,0.051171618064971565,0.047743173679646526
-2.03478,-12.78501,9.987031525492249,1.0785206673754117,0.07118404903193776,0.06600156231142486
-2.05159,-12.80992,9.98751631928636,1.0993489879310294,0.12915555149254362,0.11748366798027793
-2.0684,-12.83483,9.98800111308047,1.030553067802772,0.18477045872897568,0.17929252214339844
-2.08522,-12.85974,9.98848604037683,1.1258751848638167,0.13386872323183732,0.11890192183961296
-2.10203,-12.88466,9.988970938697843,1.1378155597897734,0.09399548664677845,0.08261047745220268
-2.11885,-12.90957,9.9894558659942,1.115387231509905,0.053655270674595607,0.04810461260342941
-2.13566,-12.93448,9.989940659788312,1.1143672345284767,0.13698274253850237,0.12292423744535526
-2.15247,-12.95939,9.990425453582422,1.1723743629237977,0.06306956747547701,0.05379644034366898
-2.16929,-12.9843,9.990910380878782,1.12950528582762,0.05837807145814025,0.05168463768220882
-2.1861,-13.00922,9.991395279199795,1.1113472375611626,0.043176960281112786,0.038851007877487576
-2.20292,-13.03413,9.991880206496154,1.114048836467416,0.06964451420575721,0.06251477666508401
-2.21973,-13.05904,9.992365000290265,1.1757220182757517,0.09771358640749896,0.08310942968542874
-2.23654,-13.08395,9.992849794084373,1.1078278725405148,0.05095023937996489,0.045991115265157374
-2.25336,-13.10886,9.993334721380734,1.1002359633666863,0.07097262506880693,0.0645067307667648
-2.27017,-13.13378,9.993819619701746,1.0586682438982884,0.08196359187990367,0.07742141350919592
-2.28699,-13.15869,9.994304546998107,1.012208881911566,0.060661161708460865,0.059929489646348186
-2.3038,-13.1836,9.994789340792217,1.0615327215907506,0.09132515055357414,0.08603140411604046
-2.3038,-13.1836,9.994789340792217,0.8642218604281287,0.10199535134677845,0.11801986968514169
-2.32011,-13.20895,9.995272058657596,1.1131046142691496,0.14191992926784208,0.12749918331892363
-2.33641,-13.23429,9.995754538493825,1.0445621098094278,0.15731769909559346,0.1506063618603731
-2.35272,-13.25964,9.996237256359205,1.1531149117503428,0.20609490209176426,0.17872884999720237
-2.36903,-13.28498,9.996719869697685,1.0789059227657942,0.18285860691430364,0.16948521929098545
-2.38533,-13.31033,9.997202454060815,1.1353606903212563,0.18794646509264706,0.16553899275785797
-2.40164,-13.33567,9.997685067399294,1.1362456398777174,0.17763938110051827,0.15633888911524077
-2.41795,-13.36102,9.998167785264673,1.2260338521403693,0.2407903246405005,0.19639777826700033
-2.43425,-13.38637,9.998650369627805,1.1947711338107299,0.05289319616316014,0.04427056753075124
-2.45056,-13.41171,9.999132982966284,1.1508142293279906,0.055701105120990954,0.04840147410544028
-2.46687,-13.43706,9.999615700831663,1.1627951277827444,0.09093997908735384,0.0782080840506798
-2.48317,-13.4624,10.000098180667894,1.1837874276711005,0.036132161452886134,0.030522508187107538
-2.49948,-13.48775,10.000580898533276,1.1442137284937237,0.049476580384486414,0.04324068061097189
-2.51578,-13.51309,10.001063378369503,1.1765049128784755,0.05011615981211574,0.04259749301811235
-2.53209,-13.53844,10.001546096234884,1.0824278262577045,0.18799007620245858,0.1736744673798712
-2.5484,-13.56378,10.002028709573361,1.0789417433443362,0.09093663578188414,0.08428317501185269
-2.5647,-13.58913,10.002511293936493,1.121335021769419,0.1581397228574029,0.14102807794932254
-2.58101,-13.61448,10.002994011801874,1.1056647238413724,0.07452296880085028,0.06740105494361594
-2.59732,-13.63982,10.003476625140351,1.0517025362585566,0.0947501509308763,0.09009215787189313
-2.61362,-13.66517,10.003959209503483,1.0397707535445984,0.11581206956670859,0.11138231112185357
-2.62993,-13.69051,10.004441822841962,1.0726889036759872,0.07230681411667059,0.0674070682272214
-2.64624,-13.71586,10.004924540707341,1.1080406726192755,0.03422863033817289,0.030891131692179226
-2.66254,-13.7412,10.00540702054357,1.1055578853521408,0.059552785880476286,0.05386672798368003
-2.67885,-13.76655,10.00588973840895,1.0424963665023816,0.0739300113227643,0.07091632517703879
-2.69516,-13.7919,10.006372456274331,1.0352129805347017,0.033294870169541274,0.0321623383744126
-2.71146,-13.81724,10.00685493611056,1.0380927730965994,0.032506009517736884,0.03131320278896889
-2.72777,-13.84259,10.00733765397594,1.0874221514634521,0.046613940238785935,0.04286646191274743
-2.74408,-13.86793,10.007820267314418,1.1247841769128035,0.06163295532059761,0.05479536126633792
-2.76038,-13.89328,10.00830285167755,1.1235529371742383,0.0663603619904175,0.059062959825742924
-2.77669,-13.91862,10.008785465016027,1.134596454215321,0.08527356182612243,0.07515761353678567
-2.793,-13.94397,10.009268182881408,1.1285631823429543,0.03729421945457673,0.03304575236731721
-2.8093,-13.96932,10.00975076724454,1.1694800053189909,0.04679487965968306,0.04001340719537924
-2.82561,-13.99466,10.010233380583019,1.097706991064776,0.03671254083908199,0.03344475450909793
-2.84192,-14.02001,10.0107160984484,1.0542285084727934,0.02860294140514177,0.027131633393767146
-2.85822,-14.04535,10.011198578284628,1.0466101087636188,0.0386853555908544,0.03696252813433473
-2.87453,-14.0707,10.011681296150009,1.058442148907051,0.05450831005643676,0.05149862003579707
-2.89083,-14.09604,10.012163775986238,1.0541255522773247,0.050315364462243356,0.04773185163147068
-2.90714,-14.12139,10.012646493851618,0.9709661077129746,0.11886750950084725,0.12242189357240205
-2.92345,-14.14673,10.013129107190096,1.0133011587364176,0.05082947175992643,0.050162255635146584
-2.93975,-14.17208,10.013611691553228,0.9851594966190493,0.04997419681321621,0.0507270111943515
-2.95606,-14.19743,10.014094409418608,0.9408115695182099,0.05873055220986317,0.0624254145173184
-2.97237,-14.22277,10.014577022757086,0.9576770622203717,0.1678117535968084,0.17522791368495064
-2.98867,-14.24812,10.015059607120216,1.0438435247245514,0.032196847501034756,0.030844515234724316
-3.00498,-14.27346,10.015542220458695,0.9902437784954954,0.05417013554525908,0.05470383830894778
-3.02129,-14.29881,10.016024938324076,0.9890249204685239,0.04434301011542011,0.04483507866961917
-3.03759,-14.32415,10.016507418160304,0.9730952687906871,0.0390233950588976,0.04010233767490605
-3.0539,-14.3495,10.016990136025685,0.9560239787940255,0.06066909689659035,0.0634598067018374
-3.0539,-14.3495,10.016990136025685,0.9380568611862851,0.01848226340263056,0.01970271117601286
-3.06732,-14.37696,10.017456326917591,1.0052947783349357,0.05617952846232213,0.05588363699190001
-3.08075,-14.40441,10.017922546784847,1.0402169214775696,0.056079136065276064,0.05391100154919495
-3.09418,-14.43186,10.018388766652098,0.9885485182793197,0.028309423711865248,0.028637363961802297
-3.1076,-14.45932,10.018854957544006,0.9904597912103389,0.05910488787821613,0.05967419213049541
-3.12102,-14.48678,10.019321148435912,1.028339561774879,0.032909811681985646,0.0320028645257841
-3.13445,-14.51423,10.019787368303167,1.0192759368953082,0.0343201425631436,0.03367110055367538
-3.14788,-14.54168,10.02025358817042,0.9907701978598116,0.0357289590605669,0.03606180236117917
-3.1613,-14.56914,10.020719779062327,1.006331514893045,0.04030499158661788,0.040051405516105275
-3.17472,-14.5966,10.021185969954235,0.963029325381696,0.07140386843903436,0.07414506137778669
-3.18815,-14.62405,10.021652189821488,1.0118333092331384,0.0603956622354009,0.05968933981939611
-3.20158,-14.6515,10.02211840968874,0.9580591270858075,0.035485904995660435,0.03703936844023425
-3.215,-14.67896,10.022584600580648,0.9439029254483324,0.09392964118922913,0.09951197168354435
-3.22842,-14.70642,10.023050791472556,1.0242058133208187,0.043059998177246,0.042042329400212096
-3.24185,-14.73387,10.023517011339809,0.9432926363268257,0.05137869173515293,0.05446739405834987
-3.25528,-14.76132,10.023983231207062,0.9953827552357065,0.03548263232854523,0.03564722428825176
-3.2687,-14.78878,10.02444942209897,1.0058304109002705,0.049025518119086064,0.04874133610178447
-3.28212,-14.81624,10.024915612990876,0.9794264832696774,0.023491432026620813,0.02398488546909409
-3.29555,-14.84369,10.02538183285813,1.0045760194479594,0.04303342345274555,0.04283739868327091
-3.30898,-14.87114,10.025848052725381,0.9713154834012212,0.034268945478300665,0.03528096284257953
-3.3224,-14.8986,10.02631424361729,0.9196517145292479,0.061362381221912315,0.06672350005167178
-3.33582,-14.92606,10.026780434509197,0.9186687083695002,0.03672331550510168,0.03997449262235141
-3.34925,-14.95351,10.027246654376452,0.9096960642472409,0.04441937801131622,0.04882881190441618
-3.36268,-14.98096,10.027712874243704,0.9219583970258013,0.043482082626051355,0.04716273832563672
-3.3761,-15.00842,10.02817906513561,0.9186773250848589,0.050427730506938884,0.05489166775971186
-3.38952,-15.03588,10.028645256027518,0.9203980941391656,0.03560479621586481,0.03868412640420061
-3.40295,-15.06333,10.029111475894771,0.9295574024187347,0.024943131155621037,0.026833341427563592
-3.41638,-15.09078,10.029577695762026,0.9566779431354948,0.03773525509599583,0.039444052585051986
-3.4298,-15.11824,10.030043886653932,1.0046211545617345,0.035210264821344685,0.03504830120435314
-3.44322,-15.1457,10.03051007754584,0.9531451472041562,0.03949565454211361,0.041437187880529545
-3.45665,-15.17315,10.030976297413092,0.9876090028002759,0.01911902195242137,0.019358898003370886
-3.47008,-15.2006,10.031442517280347,0.9691506732519107,0.03719198094673326,0.03837585008524879
-3.4835,-15.22806,10.031908708172253,1.0042309819400086,0.03824065302718411,0.03807953918461017
-3.49692,-15.25552,10.03237489906416,1.067400881846956,0.05260708039421516,0.049285213539628656
-3.51035,-15.28297,10.032841118931414,0.9981342749738458,0.019306744362436935,0.019342832769611917
-3.52378,-15.31042,10.033307338798666,1.028974000436652,0.05623330361590657,0.05464987802611493
-3.5372,-15.33788,10.033773529690574,1.0285844674272562,0.02948340411439196,0.02866405730210688
-3.55062,-15.36534,10.03423972058248,1.0599161855601142,0.05073008512420696,0.04786235535916321
-3.56405,-15.39279,10.034705940449735,1.0161350091057315,0.029645208413781404,0.029174477946460303
-3.57748,-15.42024,10.035172160316987,1.0447552900226127,0.055294679320589284,0.0529259625183544
-3.5909,-15.4477,10.035638351208894,1.0191786563968512,0.03438059420336193,0.03373362853271399
-3.5909,-15.4477,10.035638351208894,0.9564144677865404,0.042586059743934965,0.04452678329144602
-3.60919,-15.47227,10.036139349421138,0.975721988171928,0.06925817463044327,0.07098146343939886
-3.62748,-15.49684,10.036640347633378,0.9787936164088256,0.026775035139943847,0.027355138704501285
-3.64577,-15.52141,10.03714134584562,1.0464326723911712,0.02492932825418086,0.023823155480433938
-3.66406,-15.54598,10.037642344057861,1.0531558659486666,0.0464474837547069,0.04410314299761101
-3.68235,-15.57055,10.038143342270104,1.0273975594827833,0.04849245752972076,0.04719931158307699
-3.70064,-15.59512,10.038644340482346,1.0198331057489807,0.04469603561533386,0.04382681378293601
-3.71893,-15.61969,10.039145338694588,1.0295223228103656,0.03325241106518257,0.03229887330117421
-3.73721,-15.64426,10.039646203404581,1.0538163449570013,0.02933075314826099,0.02783288880327413
-3.7555,-15.66883,10.040147201616824,1.0069376450660101,0.09068072592309016,0.09005594970793405
-3.77379,-15.6934,10.040648199829066,1.024689605674301,0.03696879780707807,0.03607804510005799
-3.79208,-15.71797,10.041149198041307,0.9856360675413314,0.022276689134638643,0.022601333157590137
-3.81037,-15.74254,10.04165019625355,0.9771473957074714,0.03290361759610858,0.03367313645889196
-3.82866,-15.76711,10.042151194465792,0.9654220078012115,0.03474085848268413,0.035985152816028994
-3.84695,-15.79168,10.042652192678032,0.9903666962351177,0.04068313786817456,0.04107886303409802
-3.86524,-15.81625,10.043153190890276,0.973526561209334,0.032058188558721605,0.03292995778040025
-3.88353,-15.84082,10.043654189102517,0.9556572517335941,0.03728672310855585,0.03901683688468485
-3.90182,-15.86539,10.04415518731476,0.9323379796991805,0.054718953961898256,0.05869004068626847
-3.92011,-15.88996,10.044656185527,0.913646443025721,0.024173393583917773,0.02645814884788781
-3.9384,-15.91453,10.045157183739242,0.9778721415443435,0.041258366158834665,0.04219198441799942
-3.95669,-15.9391,10.045658181951485,0.924717990738535,0.04640077979539369,0.050178303288265495
-3.97498,-15.96367,10.046159180163727,1.0100416283872602,0.04303204095273664,0.042604225155993
-3.99327,-15.98824,10.04666017837597,0.9860937950135715,0.03581176161713654,0.0363167903481673
-4.01156,-16.01281,10.04716117658821,0.9780835313820877,0.05425231023677968,0.05546797231123816
-4.02984,-16.03739,10.047662145825106,1.0024253420281242,0.05222017337488122,0.05209382802436784
-4.04813,-16.06196,10.048163144037348,0.9234336220942977,0.03766878014484283,0.04079208212000346
-4.06642,-16.08653,10.04866414224959,1.0191832530144154,0.041780326231995714,0.04099392931391188
-4.08471,-16.1111,10.049165140461831,0.9662636084726598,0.02556013241604271,0.026452545860073055
-4.103,-16.13567,10.049666138674073,0.932188105547653,0.03886794909524589,0.04169539266156082
-4.12129,-16.16024,10.050167136886316,0.8805961743304209,0.04093258979314825,0.046482815831299935
-4.13958,-16.18481,10.050668135098558,0.7753470467247305,0.031472300435090486,0.04059124306726613
-4.15787,-16.20938,10.051169133310799,0.8079844390232941,0.028758071572544442,0.03559235819851643
-4.17616,-16.23395,10.051670131523041,0.911201687893256,0.036856491701917383,0.04044822588853127
-4.19445,-16.25852,10.052171129735282,0.8940273085247359,0.02651528218900529,0.029658246382606633
-4.21274,-16.28309,10.052672127947524,0.9933089644936393,0.035838263219427326,0.03607967359651954
-4.23103,-16.30766,10.053173126159766,0.9296446026264722,0.02546896543103402,0.02739645382663224
-4.24932,-16.33223,10.053674124372009,0.8870463471056758,0.025593661936162464,0.02885267722444432
-4.26761,-16.3568,10.054175122584251,0.8997355870710905,0.04138023320176334,0.045991548846554375
-4.2859,-16.38137,10.054676120796493,0.8744206277815231,0.054216664575131315,0.06200295698957085
-4.30419,-16.40594,10.055177119008736,0.8236216736609352,0.027712080641874918,0.03364661412890805
-4.32247,-16.43051,10.055677983718727,0.8327072895264696,0.03913564788822444,0.04699808489785104
-4.34076,-16.45508,10.05617898193097,0.8306109623624597,0.02183663083256151,0.026289841841784532
-4.35905,-16.47965,10.056679980143212,0.838098378214322,0.039289444865705195,0.04687927561608756
-4.37734,-16.50422,10.057180978355452,0.856695377178049,0.03464440739681501,0.04043958718550991
-4.39563,-16.52879,10.057681976567697,0.958165706896405,0.02711022696006385,0.028293881491414045
-4.41392,-16.55336,10.058182974779937,0.9579875705338383,0.04106759358726592,0.04286860795530052
-4.43221,-16.57793,10.05868397299218,0.9771794702961589,0.04276557885625964,0.04376430344294733
-4.4505,-16.6025,10.05918497120442,0.9316819832684546,0.045625638895643104,0.048971258127781726
-4.4505,-16.6025,10.05918497120442,0.8779478144361279,0.02598987728787096,0.029602986487942063
-4.47196,-16.62354,10.059691391632956,0.9395636396694578,0.047073067086270313,0.050100988478897296
-4.49342,-16.64458,10.060197812061489,0.9483081604703797,0.019173487754529876,0.02021862571025377
-4.51488,-16.66562,10.060704232490023,0.9280876839964154,0.041669844213266395,0.04489860703013848
-4.53634,-16.68666,10.061210652918557,0.8944777154615229,0.06629005023575926,0.07411034292962307
-4.5578,-16.7077,10.061717073347092,0.8931165013801292,0.041120955137432365,0.04604209537489042
-4.57927,-16.72873,10.062223522750973,0.9238128260656844,0.04059528246104733,0.04394318991427485
-4.60073,-16.74977,10.062729943179507,0.9353901848758538,0.045712704823924324,0.04887019937032092
-4.62219,-16.77081,10.063236363608041,0.9545277358811186,0.06556004895925653,0.06868323097886564
-4.64365,-16.79185,10.063742784036576,0.9269446676572889,0.03551826978638379,0.03831757280199992
-4.66511,-16.81289,10.064249204465108,0.9730223636862891,0.04871987032592958,0.0500706583365203
-4.68657,-16.83393,10.064755624893643,0.8431977742641411,0.051485564169410754,0.061059890977940755
-4.70803,-16.85497,10.065262045322177,0.875240321283342,0.04452971603604026,0.05087713048999788
-4.72949,-16.87601,10.065768465750711,0.8058215156270114,0.04866611045428333,0.060393163387324214
-4.75095,-16.89705,10.066274886179245,0.8760356314979638,0.029687762588673578,0.03388876150837545
-4.77241,-16.91809,10.06678130660778,0.8437451846134412,0.04090551581193242,0.048480888019139495
-4.79387,-16.93913,10.067287727036314,0.9055419201550283,0.050954448145594335,0.056269563022406474
-4.81533,-16.96017,10.067794147464848,0.8759462770548889,0.04904177295442051,0.05598719263846753
-4.8368,-16.9812,10.06830059686873,0.8747150975453817,0.04577762278823197,0.05233432338905863
-4.85826,-17.00224,10.068807017297264,0.8665920756342415,0.03680903262155335,0.04247561644804281
-4.87972,-17.02328,10.069313437725796,0.8612920229164169,0.029449058534920622,0.03419172330797086
-4.90118,-17.04432,10.06981985815433,0.8207467244605533,0.036848336025730476,0.04489611097741454
-4.92264,-17.06536,10.070326278582865,0.8288024282379289,0.026576254879938446,0.032065850647229346
-4.9441,-17.0864,10.0708326990114,0.821154285658344,0.023984059842052437,0.02920773874159799
-4.96556,-17.10744,10.071339119439934,0.8064232918172818,0.031494958969593125,0.039055120665747345
-4.98702,-17.12848,10.071845539868468,0.8332010709921625,0.03915779171829847,0.046996809151565296
-5.00848,-17.14952,10.072351960297,0.8333688286455155,0.03514367386564565,0.042170612407911985
-5.02994,-17.17056,10.072858380725537,0.8164511874125348,0.034375545174699075,0.04210361342438696
-5.0514,-17.1916,10.073364801154069,0.8822377757273809,0.02864744672856034,0.03247134447960053
-5.07287,-17.21263,10.07387125055795,0.8522460099565622,0.03274696007932741,0.038424304363708875
-5.09433,-17.23367,10.074377670986484,0.8706526629490365,0.021193509491481355,0.024342094607160136
-5.11579,-17.25471,10.074884091415017,0.8710392256217357,0.03757593876591902,0.043139203907950105
-5.13725,-17.27575,10.075390511843551,0.8192028761346766,0.02600492941427555,0.0317441871505348
-5.15871,-17.29679,10.075896932272085,0.8053185073892507,0.032018805416188525,0.039759182388580366
-5.18017,-17.31783,10.07640335270062,0.8176191151920248,0.02710199710676986,0.03314746023324654
-5.20163,-17.33887,10.076909773129154,0.8364991634070964,0.0437794107609175,0.05233646688013663
-5.22309,-17.35991,10.077416193557688,0.8641355373498085,0.03691370991646141,0.04271750011539968
-5.24455,-17.38095,10.077922613986223,0.8783434391021802,0.02967161882837967,0.03378134054113187
-5.26601,-17.40199,10.078429034414757,0.8536670009578111,0.01780715832312508,0.020859607204150466
-5.28747,-17.42303,10.07893545484329,0.8657510097824511,0.025050560414335225,0.028935063466608044
-5.30893,-17.44407,10.079441875271824,0.8583015517707457,0.031457773657203585,0.03665119047297963
-5.3304,-17.4651,10.079948324675705,0.881409377243898,0.038585818532746285,0.043777408692203035
-5.35186,-17.48614,10.08045474510424,0.8348990589234445,0.04025065206853447,0.04821020174634695
-5.37332,-17.50718,10.080961165532774,0.8492270114016429,0.03741216744134664,0.044054377615236395
-5.39478,-17.52822,10.081467585961308,0.9034606781286983,0.0309062762270422,0.03420876743751275
-5.41624,-17.54926,10.081974006389842,0.8841803165975628,0.04365989317820345,0.04937894721091758
-5.4377,-17.5703,10.082480426818377,0.8811745343923658,0.033999545589891364,0.03858434880138307
-5.4377,-17.5703,10.082480426818377,0.8230477312458435,0.027415558992813442,0.03330980446457782
-5.45918,-17.59135,10.08298721877831,0.8738555243162998,0.025897944573367748,0.029636414547622357
-5.48065,-17.61239,10.083493772709092,0.8218926028436716,0.027656184904556957,0.03364939021092189
-5.50213,-17.63344,10.084000564669028,0.8785367263471073,0.025420203312592097,0.028934707622625497
-5.5236,-17.65448,10.08450711859981,0.9173198499970843,0.04097609007135307,0.04466935940771729
-5.54508,-17.67553,10.085013910559745,0.90090092755329,0.050540805559972694,0.05610029251189012
-5.56656,-17.69657,10.085520597992774,0.9287644115196496,0.051260631004285656,0.05519228597531286
-5.58803,-17.71762,10.086027256450462,0.9036830614956493,0.03720782802524372,0.04117353706249905
-5.60951,-17.73866,10.086533943883493,0.9010928526536792,0.021405023157585547,0.02375451441496699
-5.63099,-17.75971,10.087040735843427,0.9116636308140379,0.031187371408322274,0.03420929644903637
-5.65246,-17.78075,10.08754728977421,0.9089527346502628,0.03124730220805933,0.03437725749302282
-5.67394,-17.8018,10.088054081734144,0.88472934476835,0.032813989995191147,0.03708929763574518
-5.69541,-17.82284,10.088560635664926,0.8460314123911286,0.02934333216357729,0.03468350197617909
-5.71689,-17.84389,10.08906742762486,0.8257060829743379,0.023810168947648206,0.028836131207705056
-5.73837,-17.86493,10.089574115057893,0.8310085643226623,0.026612150027062794,0.03202391788675944
-5.75984,-17.88598,10.090080773515577,0.8156166439126633,0.04798464582584702,0.05883235240965147
-5.78132,-17.90702,10.09058746094861,0.7906430569504637,0.03299815786161697,0.041735847259434564
-5.8028,-17.92807,10.091094252908542,0.8093806425698924,0.035094844726609155,0.043360123631297015
-5.82427,-17.94911,10.091600806839327,0.8137051007247489,0.03623469170995097,0.04453049597167026
-5.84575,-17.97016,10.09210759879926,0.7676940294875858,0.030446923126367025,0.03966023175494733
-5.86722,-17.9912,10.092614152730041,0.7616226834604559,0.023739353621417426,0.031169441426766527
-5.8887,-18.01225,10.093120944689977,0.8425881918944846,0.027299913369222047,0.03240006640472924
-5.91018,-18.0333,10.093627736649912,0.8264412849392906,0.045946364883528296,0.055595437595912775
-5.93165,-18.05434,10.094134290580694,0.8256539219866106,0.030266867693914665,0.03665805598196564
-5.95313,-18.07539,10.094641082540628,0.8149598143673302,0.03849600313223426,0.047236688795654895
-5.9746,-18.09643,10.095147636471411,0.8165396946839433,0.040327360698605985,0.049388120334083005
-5.99608,-18.11748,10.095654428431345,0.8850898841655643,0.04011143153767327,0.045319048669829845
-6.01756,-18.13852,10.096161115864376,0.852624009106526,0.04392536173127996,0.0515178569476478
-6.03903,-18.15957,10.09666777432206,0.798321266739914,0.02802110700853881,0.035100038262750974
-6.06051,-18.18061,10.097174461755094,0.793333140021746,0.031707497704773054,0.03996744382051646
-6.08199,-18.20166,10.097681253715027,0.8278240105077852,0.059142203732106775,0.07144296732324676
-6.10346,-18.2227,10.098187807645811,0.8804720239685544,0.054915903480391354,0.062370980548443464
-6.12494,-18.24375,10.098694599605743,0.8673166051101269,0.029807583711891815,0.03436759256800695
-6.14641,-18.26479,10.099201153536528,0.8780742103095864,0.035346275137936006,0.04025431418316433
-6.16789,-18.28584,10.09970794549646,0.8220645444152168,0.0307023781939908,0.037347892452692044
-6.18937,-18.30688,10.100214632929493,0.8277878900696181,0.03183358511994434,0.03845621022224315
-6.21084,-18.32793,10.100721291387178,0.8554434310415994,0.03188535139604559,0.03727347740249938
-6.23232,-18.34897,10.10122797882021,0.8337511054645524,0.02612877901337731,0.03133882383138645
-6.2538,-18.37002,10.101734770780142,0.8101595588847909,0.03388531517793947,0.04182548339562102
-6.27527,-18.39106,10.102241324710926,0.8550733438170657,0.02859609093954174,0.033442851594330116
-6.29675,-18.41211,10.102748116670861,0.8849947311044419,0.02672573136497919,0.030198746303976776
-6.31822,-18.43315,10.103254670601643,0.8687781981417325,0.014483024233481233,0.01667056593323774
-6.3397,-18.4542,10.103761462561577,0.8727268984351333,0.043984735604058176,0.05039919782801035
-6.3397,-18.4542,10.103761462561577,0.8402144462875123,0.02177106058062364,0.025911314280323408
-6.36381,-18.47294,10.104279219898467,0.7944134097728254,0.03185108913966827,0.040093846286880494
-6.38792,-18.49168,10.10479697723536,0.875335869538382,0.03710722640622855,0.042391986547743614
-6.41203,-18.51041,10.10531463004535,0.8722575635328449,0.04854621126184864,0.05565582150440204
-6.43614,-18.52915,10.105832387382241,0.8883172109131623,0.03980782510463194,0.044812623931614184
-6.46025,-18.54789,10.106350144719132,0.9197396317135738,0.03779782696653214,0.04109622513070436
-6.48436,-18.56663,10.106867902056022,0.8814919471511737,0.03262576501104458,0.03701198305496187
-6.50847,-18.58537,10.107385659392914,0.8480387120665116,0.026848373256984456,0.03165937223733572
-6.53258,-18.6041,10.107903312202902,0.8274031655455587,0.03446657609595481,0.04165632611911611
-6.55669,-18.62284,10.108421069539794,0.8493799796330214,0.02671291862899593,0.03144990377632561
-6.5808,-18.64158,10.108938826876685,0.8840251069376436,0.02716730527682367,0.030731372970767865
-6.6049,-18.66032,10.109456450711328,0.8966546964369895,0.023791275497643087,0.02653337521364889
-6.62901,-18.67906,10.10997420804822,0.87852346236584,0.02782927166152792,0.03167732320612638
-6.65312,-18.6978,10.11049196538511,0.8800699244356277,0.03056539956760178,0.03473064891656512
-6.67723,-18.71653,10.1110096181951,0.9057337058860728,0.027325179648813386,0.030169109829120643
-6.70134,-18.73527,10.11152737553199,0.8698379716925446,0.023342831462610972,0.026835838653019615
-6.72545,-18.75401,10.11204513286888,0.8885474955362384,0.03521909083429125,0.03963670035785372
-6.74956,-18.77275,10.112562890205774,0.873768675513929,0.03750828032474305,0.04292701418104925
-6.77367,-18.79149,10.113080647542665,0.8717760756473284,0.02842162492860834,0.032601978561414585
-6.79778,-18.81022,10.113598300352653,0.8793136394825523,0.04962152502473165,0.056432111133784206
-6.82189,-18.82896,10.114116057689543,0.8374888951626718,0.01882575114948636,0.022478806893110735
-6.846,-18.8477,10.114633815026435,0.8478037199476128,0.024521025788408445,0.028922998580288888
-6.87011,-18.86644,10.115151572363326,0.8769767061198552,0.04240647045590174,0.04835529856149464
-6.89422,-18.88518,10.115669329700218,0.8560978920151537,0.020998343735765455,0.024527970377707417
-6.91833,-18.90391,10.116186982510207,0.8403598344285991,0.02246643575307762,0.02673430455937203
-6.94244,-18.92265,10.116704739847098,0.8827919896130354,0.044992442613740975,0.050966074843364906
-6.96655,-18.94139,10.11722249718399,0.8824418274973965,0.030971639977637078,0.03509765631290687
-6.99066,-18.96013,10.11774025452088,0.9086441829939581,0.030127759555479455,0.033156828733783665
-7.01477,-18.97887,10.118258011857773,0.8727527874339087,0.018703489436904308,0.021430455114210305
-7.03888,-18.9976,10.11877566466776,0.9134748376314674,0.029771299732910126,0.03259126415578517
-7.06299,-19.01634,10.11929342200465,0.8631913197072002,0.05034745733210809,0.05832711263730763
-7.0871,-19.03508,10.119811179341543,0.8749464453802707,0.03474054652281342,0.039705911951804576
-7.1112,-19.05382,10.120328803176184,0.9264250322595246,0.04070777890861757,0.04394071564466738
-7.13531,-19.07256,10.120846560513076,0.9239821595092608,0.03278915702994396,0.035486785856729874
-7.15942,-19.0913,10.121364317849968,0.908339622987657,0.0355642666122907,0.039153049930063404
-7.18353,-19.11003,10.121881970659956,0.9120192889384459,0.04580940290799011,0.05022854611036838
-7.20764,-19.12877,10.122399727996848,0.925776889033607,0.035630948199341574,0.03848761901643034
-7.23175,-19.14751,10.122917485333739,0.9743911547838989,0.040554571379449844,0.04162042233279926
-7.25586,-19.16625,10.12343524267063,0.9513818758711773,0.03239531581775097,0.034050801932806095
-7.27997,-19.18499,10.123953000007523,0.8532187023687692,0.03136883682449687,0.03676529445194811
-7.30408,-19.20372,10.12447065281751,0.9507629310307586,0.04248881528243059,0.044689179495425675
-7.32819,-19.22246,10.124988410154401,0.9216012427203685,0.024745830821032946,0.0268509086945115
-7.3523,-19.2412,10.125506167491292,0.9532099045466744,0.03357316382214327,0.03522116551874262
-7.3523,-19.2412,10.125506167491292,0.9093564179209015,0.033365496578348905,0.03669133017682307
-7.37384,-19.26298,10.126021390928598,0.9400639814209093,0.04664924440142299,0.0496234781072162
-7.39539,-19.28475,10.126536643341247,0.9834008457626716,0.04771659409544796,0.0485220185655236
-7.41693,-19.30652,10.127051762251648,0.9638358705662358,0.055734512262390935,0.057825729425952925
-7.43848,-19.3283,10.127567119191204,1.007910925143158,0.04876274122086327,0.04838001057874959
-7.46002,-19.35008,10.128082342628508,1.003026154279302,0.0324994446507787,0.032401393036585686
-7.48156,-19.37185,10.12859746153891,1.0197489880956077,0.04994860141773211,0.04898127088217235
-7.50311,-19.39362,10.12911271395156,0.9805888364271039,0.03211343258999634,0.03274913133521445
-7.52465,-19.4154,10.129627937388864,0.9676347732347871,0.04855089830914353,0.050174817660633135
-7.54619,-19.43718,10.130143160826169,1.0454556316116337,0.055701525157059666,0.05327966436145393
-7.56774,-19.45895,10.13065841323882,1.1463826712098186,0.04813663226319351,0.04199002084739575
-7.58928,-19.48072,10.131173532149221,1.2402272172107687,0.06608378841037219,0.0532836140775821
-7.61082,-19.5025,10.131688755586525,1.2140098473558425,0.04821865915103797,0.03971850743720075
-7.63237,-19.52428,10.132204112526079,1.3186857440131852,0.09505718917173127,0.07208479321422073
-7.65391,-19.54605,10.132719231436482,1.319026416282639,0.06423200500930282,0.04869652663236676
-7.67546,-19.56782,10.133234483849131,1.3298891424835788,0.05741294362621923,0.04317122517370139
-7.697,-19.5896,10.133749707286436,1.280685107690476,0.03451526323309641,0.02695062433835865
-7.71854,-19.61138,10.134264930723742,1.2824873770733185,0.044474393850203464,0.034678231260018795
-7.74009,-19.63315,10.13478018313639,1.35775976858427,0.06110443542756647,0.04500386360046578
-7.76163,-19.65492,10.135295302046792,1.4217261359730657,0.06143428414860325,0.04321105351738931
-7.78318,-19.6767,10.135810658986346,1.204193365468291,0.04041320935889216,0.03356039861851932
-7.80472,-19.69847,10.136325777896749,1.1791580058263285,0.04312416596751927,0.03657199947287708
-7.82626,-19.72025,10.136841001334052,1.170188879001134,0.056053584704030816,0.047901313804894305
-7.84781,-19.74202,10.137356253746702,1.1158788099748356,0.04856954867125148,0.0435258275693458
-7.86935,-19.7638,10.137871477184007,1.0941944093198857,0.07953269851127268,0.0726860764721943
-7.89089,-19.78557,10.138386596094408,1.1089612339485397,0.05116625751740172,0.0461389054468752
-7.91244,-19.80735,10.138901953033963,1.1239983577618677,0.03766418635402737,0.03350911155157308
-7.93398,-19.82912,10.139417071944365,1.1525295876356652,0.039404441506974655,0.03418952704529707
-7.95553,-19.8509,10.139932428883919,1.0979678687999814,0.037720384171274705,0.03435472498161628
-7.97707,-19.87267,10.14044754779432,1.1023405890986493,0.07033583215165311,0.06380589887301945
-7.99861,-19.89445,10.140962771231624,1.0978128528550855,0.06616392449545276,0.06026885577389628
-8.02016,-19.91622,10.141478023644275,1.1566359411467284,0.0603886520391938,0.05221059617023696
-8.0417,-19.938,10.141993247081578,1.1408862066965828,0.05107474392410185,0.044767605764985036
-8.0417,-19.938,10.141993247081578,1.086761013650151,0.054901721245624424,0.05051867020995136
-8.06893,-19.95064,10.142488895709592,1.0686029939664896,0.036719180228461615,0.03436185415517663
-8.09616,-19.96329,10.142984648864509,1.0682323259174544,0.05132577287573735,0.048047387848571294
-8.1234,-19.97593,10.14348043099477,1.1316389017873096,0.06255122124790802,0.05527489480002381
-8.15063,-19.98858,10.143976184149688,1.0795186608827683,0.026754992580145884,0.024784187202717915
-8.17786,-20.00122,10.144471832777699,1.0701660891991311,0.048831392331753966,0.04562973245423745
-8.20509,-20.01386,10.144967481405715,1.0326866739797125,0.05093070360928954,0.04931864126126033
-8.23232,-20.02651,10.14546323456063,1.075230364991525,0.027277612775338207,0.025369087093771957
-8.25956,-20.03915,10.145959016690892,1.1536333044960436,0.053510230347257486,0.04638408941447217
-8.28679,-20.0518,10.146454769845809,1.035180554354795,0.04414515073038246,0.04264488020439792
-8.31402,-20.06444,10.146950418473821,1.0289367075953204,0.05044945155675823,0.04903066552525011
-8.34125,-20.07708,10.147446067101836,0.9235619387446666,0.029295712926648565,0.03172035539540335
-8.36848,-20.08973,10.147941820256753,1.0026066993248537,0.05226234531303575,0.05212646728595444
-8.39572,-20.10237,10.148437602387013,1.0175493026961457,0.036008475692748065,0.035387450610342264
-8.42295,-20.11502,10.14893335554193,1.0340313808794308,0.03213820222567333,0.031080490224909992
-8.45018,-20.12766,10.149429004169942,1.0459258536292209,0.02027702355716642,0.01938667400447928
-8.47741,-20.1403,10.149924652797957,0.9587154084092837,0.04090185767935085,0.04266319005680308
-8.50464,-20.15295,10.150420405952874,0.9294957596183234,0.038513039840276805,0.04143433624279397
-8.53188,-20.16559,10.150916188083134,0.9464533820876703,0.02567518645019189,0.027127787734835936
-8.55911,-20.17824,10.15141194123805,0.8940384127608171,0.035734559939630775,0.03996982616136302
-8.58634,-20.19088,10.151907589866063,0.9715808339198562,0.040971262543382216,0.04216968996607631
-8.61357,-20.20352,10.152403238494077,0.9805700235055607,0.036429031897413235,0.037150872476377154
-8.6408,-20.21617,10.152898991648993,0.9111746703430239,0.028559377774692654,0.0313434720084362
-8.66804,-20.22881,10.153394773779256,0.8288777424353315,0.036214013099622994,0.04369041566156952
-8.69527,-20.24146,10.153890526934171,0.9229291937384886,0.05234947029181254,0.05672100378552521
-8.7225,-20.2541,10.154386175562186,0.9465013878579466,0.03523608332779774,0.037227714380368204
-8.7225,-20.2541,10.154386175562186,0.8874513446805634,0.021075652963167754,0.02374851656881978
-8.75289,-20.26194,10.154873837987633,0.9429485734548809,0.03652952875546862,0.038739682930562826
-8.78329,-20.26977,10.155361529388427,0.9264472540254584,0.03064594067922649,0.033078991325267995
-8.81368,-20.27761,10.155849191813875,0.9089719480423243,0.03149566238249912,0.03464976279007523
-8.84407,-20.28544,10.156336749712418,0.9006393901900523,0.044247926265867966,0.04912945930171986
-8.87446,-20.29328,10.156824412137867,0.8509128896009427,0.02429087334113562,0.028546839092456863
-8.90486,-20.30111,10.157312103538661,0.8679972536468978,0.03742334515038002,0.043114589352841286
-8.93525,-20.30895,10.157799765964109,0.9006843599355067,0.03710784328159853,0.04119960879997476
-8.96564,-20.31679,10.158287428389556,0.9017470671407702,0.042671089533604656,0.04732046389560737
-8.99604,-20.32462,10.158775119790349,0.8719277607551292,0.03929932830969166,0.04507177094081355
-9.02643,-20.33246,10.159262782215796,0.8619289520655571,0.032375990194969576,0.037562249321574134
-9.05682,-20.34029,10.159750340114343,0.8426078338579659,0.03534023679599737,0.041941500394303825
-9.08721,-20.34813,10.160238002539788,0.8666601663077778,0.07029381511839349,0.08110885656354255
-9.11761,-20.35596,10.160725693940583,0.8590500898745855,0.031077909148643376,0.03617706291513281
-9.148,-20.3638,10.161213356366032,0.8576417401399192,0.09868784370185484,0.11506884411404054
