5.0392,5.155,12.974423666049056,0.3421720590539817,0.013980503675834935,0.0408581101405166
5.02291,5.18058,12.974118622083726,0.32981494636043085,0.006847767429630295,0.020762453324801314
5.00662,5.20617,12.973813849988135,0.32565574246569506,0.007748751260980281,0.023794302542650674
4.99034,5.23175,12.973509420195148,0.3205670113525685,0.00805463069309762,0.025126199539724045
4.97405,5.25734,12.973204648099555,0.3207766534636126,0.013462071029751435,0.041967116011697246
4.95776,5.28292,12.972899604134227,0.32622542805892957,0.004695631789522941,0.014393825206889511
4.94147,5.30851,12.972594832038633,0.32774789525871406,0.004042961481042203,0.012335583353939814
4.92518,5.33409,12.972289788073304,0.329287739039236,0.016657069188890306,0.050585148531465805
4.9089,5.35968,12.971985630150055,0.3228490473157559,0.00411846836345329,0.01275663780858336
4.89261,5.38526,12.971680586184727,0.3303158600873017,0.009110797357555253,0.027582076607363906
4.87632,5.41084,12.971375542219395,0.3237762144093639,0.011144684831423203,0.034420949827193015
4.86003,5.43643,12.971070770123802,0.3294096588797735,0.01115872254067134,0.03387490997871438
4.84374,5.46201,12.970765726158474,0.32983436527498255,0.00665275192253715,0.020169978094886378
4.82746,5.4876,12.970461568235221,0.3347615628301918,0.00914622648251643,0.0273216148389051
4.81117,5.51318,12.970156524269893,0.32102165046451236,0.009533891369330635,0.02969859308721163
4.79488,5.53877,12.969851752174302,0.3200043657550603,0.007989994267037552,0.024968391441113343
4.77859,5.56435,12.969546708208973,0.3208698170579363,0.008530647739539864,0.026586008674039815
4.76231,5.58994,12.96924255028572,0.3339107902252386,0.012137675705373474,0.03635005534617805
4.74602,5.61552,12.968937506320392,0.3329127297084528,0.010808362868293826,0.03246605462566485
4.72973,5.64111,12.9686327342248,0.34128597390383564,0.011007273913260578,0.03225234775209984
4.71344,5.66669,12.96832769025947,0.3301004732663776,0.009290427265119599,0.02814424097363412
4.69715,5.69227,12.968022646294141,0.3271495774978996,0.00878921426129761,0.026866041914280145
4.68087,5.71786,12.967718488370892,0.32191356419251516,0.008654689141356902,0.026885133476951303
4.66458,5.74344,12.967413444405564,0.3216186930114388,0.011803645577228284,0.03670074480654789
4.64829,5.76903,12.967108672309967,0.3202550861932036,0.011357517835238027,0.03546397332901767
4.632,5.79461,12.966803628344639,0.3209313990149064,0.009378538072147159,0.029222874735642647
4.61571,5.8202,12.966498856249046,0.3196229544871564,0.009891628125967155,0.03094780267530703
4.59943,5.84578,12.96619442645606,0.32182800858857913,0.009093164179513741,0.02825473214526312
4.58314,5.87137,12.965889654360467,0.32234163599489607,0.013033161104230036,0.040432757201854005
4.56685,5.89695,12.965584610395139,0.3133693883532855,0.013857037133097657,0.04421949829214189
4.55056,5.92253,12.96527956642981,0.32682661489632253,0.011734695601572007,0.03590495714461487
4.53427,5.94812,12.964974794334218,0.3231936325567061,0.008807354980233939,0.027251016397077815
4.51799,5.9737,12.964670364541231,0.3137952272890835,0.010487649318823981,0.03342195293863487
4.5017,5.99929,12.964365592445636,0.3186516966232977,0.012217441658616804,0.03834105321918298
4.48541,6.02487,12.964060548480308,0.31905826594530906,0.013552059955461269,0.042475188396417465
4.46912,6.05046,12.963755776384714,0.3352317801392193,0.013036704130277542,0.03888862841364114
4.45283,6.07604,12.963450732419386,0.3486680473347979,0.011861635795512769,0.03401985322768333
4.43655,6.10163,12.963146574496134,0.3475085251292763,0.010522829920625497,0.030280782080701212
4.42026,6.12721,12.962841530530806,0.37206274474969914,0.021792621266774004,0.05857243589769982
4.40397,6.15279,12.962536486565478,0.4020698512280652,0.029583923135566827,0.07357906355128827
4.38768,6.17838,12.962231714469883,0.44824225010821567,0.022893723641879807,0.05107444386679915
4.37139,6.20396,12.961926670504555,0.41153918098029163,0.019906779733050512,0.04837152974264153
4.35511,6.22955,12.961622512581306,0.3835611461994686,0.01008833327357148,0.02630176015879644
4.33882,6.25513,12.961317468615977,0.38159581324913455,0.007541809173320035,0.019763867714125503
4.32253,6.28072,12.961012696520383,0.3943116148079303,0.00857331815935966,0.021742494609335146
4.30624,6.3063,12.960707652555055,0.3936361497392137,0.009020163729698619,0.022914978046794054
4.28996,6.33189,12.960403494631803,0.37840353783591907,0.012968262310611848,0.03427098590244963
4.27367,6.35747,12.960098450666475,0.3545013314921893,0.010726547740776696,0.030258131036139797
4.25738,6.38306,12.959793678570882,0.35357540937760057,0.008672076677154854,0.02452680940798549
4.24109,6.40864,12.959488634605552,0.37368275748888846,0.008272425345676192,0.022137562357080857
4.2248,6.43422,12.959183590640224,0.3970332789250107,0.011795207255521847,0.029708359176988927
4.20852,6.45981,12.958879432716973,0.3914768873514119,0.006691517291060497,0.01709300729433309
4.19223,6.48539,12.958574388751645,0.38978048382852687,0.008302050258665972,0.02129929691995105
4.17594,6.51098,12.95826961665605,0.3743974274856053,0.009381286228539973,0.02505702641052645
4.15965,6.53656,12.957964572690722,0.38885029609638894,0.010294400108242445,0.02647394180121866
4.14336,6.56215,12.95765980059513,0.37503502958922447,0.012366351201790221,0.032973856376389894
4.12708,6.58773,12.957355370802144,0.38468329669155876,0.007344475173703002,0.019092264303827686
4.11079,6.61332,12.95705059870655,0.3761582886599276,0.009569096525390477,0.02543901547266338
4.0945,6.6389,12.956745554741222,0.3593642235032046,0.015018507127922397,0.0417918817335707
4.0945,6.6389,12.956745554741222,0.35345597696418085,0.01058919597288207,0.02995902364937282
4.08272,6.66679,12.956780304411328,0.3727438920825661,0.017919752185930345,0.048075240309936346
4.07094,6.69468,12.956815054081437,0.3735570333578263,0.014004027281741474,0.037488324489200996
4.05916,6.72258,12.95685007562128,0.38324130649080346,0.016447380652132745,0.042916513365261234
4.04737,6.75047,12.956884211119045,0.4037696540004604,0.02008268649071503,0.049737978799893
4.03559,6.77836,12.956918960789153,0.41437851471962767,0.013269364912265531,0.03202232847724672
4.02381,6.80625,12.95695371045926,0.41712453092437735,0.01487909311405787,0.03567062594253268
4.01203,6.83415,12.956988731999102,0.434079180425824,0.015019561028684089,0.03460097075826158
4.00025,6.86204,12.95702348166921,0.42631771907594385,0.01594759151419428,0.037407761396268384
3.98847,6.88993,12.957058231339317,0.4278841328422997,0.01612636608399677,0.037688628407121325
3.97668,6.91782,12.957092366837083,0.4233492686050816,0.011303445015577581,0.02670004616477068
3.9649,6.94572,12.957127388376925,0.41507873147474894,0.01502802370491574,0.03620523665840961
3.95312,6.97361,12.957162138047034,0.4069447186274783,0.015542198807813358,0.03819240819793231
3.94134,7.0015,12.957196887717142,0.4056827865558691,0.017039449439089343,0.042001903959863314
3.92956,7.02939,12.957231637387249,0.41223377768629843,0.01557181377836196,0.03777423059740581
3.91778,7.05728,12.957266387057356,0.4135196930626874,0.018179514565490995,0.04396287497421574
3.906,7.08518,12.9573014085972,0.42437054839619714,0.011889114577492173,0.028015880513914366
3.89421,7.11307,12.957335544094963,0.4241660625572707,0.005543126249524412,0.013068292677884813
3.88243,7.14096,12.95737029376507,0.4205454491399697,0.013669974266434548,0.03250534346380427
3.87065,7.16885,12.95740504343518,0.4309551490961866,0.015388538321654193,0.03570798110645051
3.85887,7.19675,12.957440064975021,0.4355076759877609,0.021061310691099257,0.04836036619407632
3.84709,7.22464,12.957474814645131,0.46559245236569013,0.02175792212735058,0.04673168995072382
3.83531,7.25253,12.957509564315238,0.47233213323701795,0.02494937630905249,0.052821678969981925
3.82352,7.28042,12.957543699813003,0.5029516170880574,0.03402936159868331,0.06765931442014911
3.81174,7.30832,12.957578721352846,0.47468502582080435,0.021389913773379187,0.045061277710188335
3.79996,7.33621,12.957613471022952,0.49776623054700925,0.029312757852739776,0.05888860282974031
3.78818,7.3641,12.957648220693063,0.4779183538527622,0.016594571060021292,0.034722606751222976
3.7764,7.39199,12.95768297036317,0.5042732983586626,0.03926704525826144,0.07786857917337692
3.76462,7.41988,12.957717720033276,0.5188845178062239,0.023921652859183865,0.0461020748129497
3.75284,7.44778,12.95775274157312,0.5305382605582846,0.030885723510811217,0.05821582684406252
3.74105,7.47567,12.957786877070886,0.5373201270168473,0.028241205547436737,0.05255936661861031
3.72927,7.50356,12.957821626740992,0.482512798787149,0.026260983101096664,0.054425464292567255
3.71749,7.53145,12.957856376411101,0.4936720566204699,0.030287941552292703,0.061352351517796694
3.70571,7.55935,12.957891397950942,0.46901775716750294,0.02324166922072103,0.04955392171307622
3.69393,7.58724,12.95792614762105,0.45976206996610103,0.029724475024972608,0.06465186444624334
3.68215,7.61513,12.957960897291157,0.454762838167698,0.014506054136123325,0.03189806404272216
3.67036,7.64302,12.957995032788922,0.469846079357941,0.0223386180942358,0.04754454506625277
3.65858,7.67092,12.958030054328765,0.4679921284558583,0.011361719985189093,0.024277587793361245
3.6468,7.69881,12.958064803998875,0.4303336444737106,0.02322035821583005,0.0539589653610005
3.63502,7.7267,12.958099553668983,0.4249052968094788,0.03853202770291901,0.0906838017606455
3.62324,7.75459,12.95813430333909,0.4150779421417674,0.026251790082898716,0.0632454472223739
3.61146,7.78248,12.958169053009197,0.4388612273842627,0.024787322019497748,0.056481002359760085
3.59968,7.81038,12.95820407454904,0.4477393548485571,0.01740679515919172,0.03887707205251006
3.58789,7.83827,12.958238210046805,0.41413579408123297,0.046675639573814286,0.11270612258320958
3.57611,7.86616,12.958272959716911,0.3941350065014504,0.048127182713503476,0.12210836875593889
3.56433,7.89405,12.95830770938702,0.37740601383215133,0.03652376504994132,0.0967757897630773
3.55255,7.92195,12.958342730926864,0.3771167697993855,0.029741409825655565,0.07886525396756308
3.54077,7.94984,12.958377480596972,0.35856233010037625,0.036630884500131536,0.10216043746111604
3.52899,7.97773,12.95841223026708,0.3593189693083991,0.04298454455889266,0.11962781881966145
3.5172,8.00562,12.958446365764843,0.3424676392552356,0.031960724670580976,0.09332480213338103
3.50542,8.03352,12.958481387304687,0.3631071784301113,0.027929242751999567,0.07691735226153129
3.49364,8.06141,12.958516136974794,0.36979384116764585,0.030075274416443944,0.08132984130151949
3.48186,8.0893,12.958550886644902,0.38373753018126655,0.041274827061043254,0.10756004772727394
3.47008,8.11719,12.958585636315009,0.37883445105300045,0.031765958475933796,0.08385182072970869
3.4583,8.14508,12.958620385985116,0.38599419011037245,0.021704731684666134,0.05623072118898943
3.44652,8.17298,12.958655407524962,0.3875364555497847,0.01810089029768308,0.04670758076683126
3.43473,8.20087,12.958689543022725,0.40410168708905525,0.014397524577067302,0.035628469360719096
3.42295,8.22876,12.958724292692832,0.3958900938998836,0.01490584360944734,0.03765146902922221
3.41117,8.25665,12.95875904236294,0.38763129191123097,0.01299540064694034,0.03352515887679248
3.39939,8.28455,12.958794063902783,0.39028024072579875,0.02163020827826581,0.055422247967359076
3.38761,8.31244,12.958828813572891,0.3960927420334012,0.023091338990190724,0.058297808921334654
3.37583,8.34033,12.958863563242998,0.38584886876185776,0.019738797776958476,0.05115681131915168
3.36404,8.36822,12.958897698740762,0.40479564840228255,0.011815400022811656,0.02918855493987329
3.35226,8.39612,12.958932720280606,0.4014109530984511,0.02091693289456204,0.0521085255225507
3.34048,8.42401,12.958967469950714,0.4027622119463771,0.017762078568623066,0.04410065801055803
3.3287,8.4519,12.959002219620821,0.4054397474221543,0.013731117819184405,0.0338672217178727
3.3287,8.4519,12.959002219620821,0.41732716970537637,0.00865326767943943,0.020734973199919963
3.31498,8.47895,12.958894982798661,0.4302264767784689,0.014175581005578817,0.0329491134802428
3.30125,8.50601,12.958787403673892,0.4217329710056397,0.01620402829645146,0.038422483918704016
3.28753,8.53306,12.958680166851732,0.4219194672778858,0.013260965798043159,0.03143008755580643
3.2738,8.56011,12.958572315857229,0.4232440277373307,0.024900713246812815,0.058832993769415774
3.26008,8.58717,12.958465350904804,0.4395192743270707,0.02712716452431314,0.06172007943416449
3.24635,8.61422,12.958357499910301,0.431177240194085,0.026918890955061586,0.062431149990534375
3.23263,8.64127,12.958250263088141,0.4488476180329929,0.017327460157103524,0.038604326860502254
3.21891,8.66833,12.958143298135713,0.4492686426982518,0.031182284741961656,0.06940676864221976
3.20518,8.69538,12.958035447141212,0.38815313092871695,0.036295514653645077,0.09350823621286371
3.19146,8.72243,12.957928210319052,0.3807291437792243,0.031117014816169002,0.08173005750831887
3.17773,8.74949,12.957820631194283,0.4139532099228284,0.01433498254615726,0.03462947551205044
3.16401,8.77654,12.957713394372123,0.4345747661999554,0.015616527593010661,0.03593519184182274
3.15029,8.80359,12.957606157549963,0.4307100491152548,0.015469731490054251,0.03591681113972492
3.13656,8.83065,12.957498578425195,0.4135742026682297,0.02093861419946852,0.05062843394094754
3.12284,8.8577,12.957391341603035,0.4091303404523504,0.016027899002349657,0.039175532630087
3.10911,8.88475,12.95728349060853,0.41348511415271094,0.014871949352166956,0.035967315008768014
3.09539,8.9118,12.95717625378637,0.4098117561835144,0.012256948595035004,0.0299087286054974
3.08166,8.93886,12.957068674661603,0.42038040789971715,0.012198015279793306,0.02901661221734
3.06794,8.96591,12.956961437839443,0.4285717521738384,0.016985482703273793,0.039632763048704375
3.05422,8.99296,12.956854201017283,0.41860261216792527,0.009994134558567302,0.023874993294494988
3.04049,9.02002,12.956746621892513,0.4176469756900937,0.020075664928290687,0.048068503058399784
3.02677,9.04707,12.956639385070355,0.4378382935038708,0.020500535560794023,0.046822162120026586
3.01304,9.07412,12.95653153407585,0.4021903640006424,0.039976402963940234,0.09939671991712955
2.99932,9.10118,12.956424569123424,0.3838901995883195,0.011232545802345366,0.029259787862235216
2.9856,9.12823,12.956317332301264,0.40005280004206256,0.0254803122850939,0.06369237331275981
2.97187,9.15528,12.956209481306761,0.4189210412312737,0.016605932336281753,0.03963976669081684
2.95815,9.18234,12.956102516354337,0.4048356914580419,0.028338304784185166,0.06999952173713472
2.94442,9.20939,12.955994665359833,0.3727772062108884,0.014704269395976861,0.03944519447806132
2.9307,9.23644,12.955887428537674,0.37209296944739984,0.020081690237219764,0.05396955031707088
2.91697,9.2635,12.955779849412902,0.38292490053274997,0.01204141765272269,0.03144589875448133
2.90325,9.29055,12.955672612590744,0.4049336603526389,0.014319714755911863,0.035363112919388956
2.88953,9.3176,12.955565375768584,0.38773947778708145,0.024255194776765177,0.06255539135502829
2.8758,9.34466,12.955457796643815,0.39512107569074323,0.011880185741109401,0.030067203376435144
2.86208,9.37171,12.955350559821655,0.419717218493905,0.020562832449831068,0.04899211074450994
2.84835,9.39876,12.955242708827152,0.4098520524547634,0.028989847196119436,0.07073246802715263
2.83463,9.42582,12.955135743874727,0.3850891335611011,0.012575363883555114,0.03265572250056704
2.8209,9.45287,12.955027892880222,0.36040974547585786,0.01725584672091165,0.04787841321584779
2.80718,9.47992,12.954920656058063,0.36931456377322197,0.01948958114136148,0.05277230592327542
2.79346,9.50698,12.954813691105636,0.3610405171434211,0.022055460025550616,0.06108860080318692
2.77973,9.53403,12.954705840111135,0.3643387144592706,0.01699339187034999,0.04664174076469077
2.76601,9.56108,12.954598603288975,0.4098224642664661,0.011376303323655976,0.0277591013562866
2.75228,9.58814,12.954491024164208,0.4021257867341643,0.013444110810492377,0.03343260057923108
2.73856,9.61519,12.954383787342046,0.37187318802967617,0.020609995686713192,0.055422107186357504
2.72484,9.64224,12.954276550519886,0.3697053345183897,0.010572313091041669,0.028596593297237873
2.71111,9.6693,12.954168971395118,0.358140816750939,0.008220121281526263,0.022952204543730523
2.69739,9.69635,12.954061734572957,0.3575615592756202,0.013815082243476306,0.038636933655463744
2.68366,9.7234,12.953953883578453,0.3904124878822891,0.015174942273348471,0.03886899816053982
2.66994,9.75045,12.953846646756293,0.34797305744305684,0.015349127668215666,0.04411010375631577
2.65621,9.77751,12.953739067631528,0.38675015505278776,0.028970002710937665,0.0749062471790956
2.64249,9.80456,12.953631830809366,0.3543195667747237,0.01747914206781778,0.04933157439462273
2.62877,9.83161,12.953524593987206,0.36593008881144834,0.015430819114825942,0.042168762795499255
2.61504,9.85867,12.953417014862435,0.380167818612822,0.021137057746452536,0.05559928197914973
2.60132,9.88572,12.953309778040275,0.3815566207991859,0.008597044463728441,0.02253150383217458
2.58759,9.91277,12.953201927045773,0.3781326331238378,0.015124311137153484,0.039997370796083336
2.57387,9.93983,12.953094962093347,0.37338374510871786,0.014639287872228063,0.03920708403619861
2.56015,9.96688,12.952987725271187,0.3717785000979191,0.01180945005928032,0.03176474717115149
2.54642,9.99393,12.952879874276684,0.36099672464960514,0.010451929981000228,0.028952977318963773
2.5327,10.02099,12.95277290932426,0.38273751634235775,0.013030913367032451,0.034046605860754794
2.51897,10.04804,12.952665058329755,0.3824086661195643,0.024735989302844753,0.0646846985813621
2.50525,10.07509,12.952557821507595,0.3621383643331207,0.016441746410120316,0.045401835401774844
2.49152,10.10215,12.952450242382827,0.34688328651120215,0.019341678964269103,0.05575846319607702
2.4778,10.1292,12.952343005560666,0.3518570272392151,0.01998434677715402,0.05679678173250572
2.4778,10.1292,12.952343005560666,0.33395327860335133,0.00766334768773445,0.022947364732527425
2.46657,10.15732,12.952417787713543,0.3515304520710878,0.01729799128799379,0.049207660918365405
2.45533,10.18544,12.952491955694073,0.35157388246300864,0.014974527400359108,0.04259283225321686
2.4441,10.21357,12.952567009716681,0.35937239891969264,0.01316324306883393,0.036628419735082275
2.43286,10.24169,12.952641177697211,0.3464621265448102,0.018407134444142256,0.05312885026629756
2.42163,10.26981,12.952715959850085,0.3402984090293187,0.01838646584209434,0.054030419638283526
2.41039,10.29793,12.952790127830617,0.4053148952123161,0.12392110006648108,0.3057403059454982
2.39916,10.32605,12.952864909983491,0.37356757111934763,0.007977009910892932,0.021353593104965825
2.38792,10.35418,12.952939349833757,0.3755824750733909,0.020932772001027104,0.05573415531951198
2.37669,10.3823,12.953014131986631,0.36563293871934277,0.01768429385664173,0.04836624927333494
2.36546,10.41042,12.953088914139505,0.3648256819169237,0.02145104308970043,0.05879806206895587
2.35422,10.43854,12.953163082120035,0.361515287822618,0.011366244811025217,0.031440564739276554
2.34299,10.46666,12.95323786427291,0.4451743147481769,0.23242387090606934,0.5220963186915787
2.33175,10.49478,12.953312032253443,0.3710166466353103,0.02688673330320428,0.07246772765328914
2.32052,10.52291,12.953387086276049,0.3761099646078491,0.017068368709978958,0.04538132545298364
2.30928,10.55103,12.953461254256581,0.39079630441735835,0.020727247860113297,0.05303849505694721
2.29805,10.57915,12.953536036409455,0.35860054086276905,0.02139024415646738,0.05964922446855176
2.28682,10.60727,12.95361081856233,0.364365490236451,0.019118999421489015,0.05247203682511741
2.27558,10.63539,12.95368498654286,0.4028832000158076,0.012581813362217167,0.031229431660897016
2.26435,10.66352,12.953760040565468,0.38603181109802664,0.018292291375613175,0.047385450757497644
2.25311,10.69164,12.953834208546,0.38881046678397757,0.014601304516416403,0.03755378459121797
2.24188,10.71976,12.953908990698874,0.3786326429460464,0.026228604203718243,0.06927190429129405
2.23064,10.74788,12.953983158679407,0.370685226418276,0.015795589867048876,0.042611867809442594
2.21941,10.776,12.95405794083228,0.39100682103481327,0.013592683808625921,0.0347632907596149
2.20817,10.80412,12.95413210881281,0.3946774791064394,0.009614248105777917,0.02435975857438037
2.19694,10.83225,12.95420716283542,0.39159358875388306,0.024335726380793603,0.062145364683405556
2.18571,10.86037,12.954281944988292,0.3541983705066829,0.02348464880694273,0.06630366134476508
2.17447,10.88849,12.954356112968826,0.35578097880737813,0.014026383083069357,0.03942420735950395
2.16324,10.91661,12.9544308951217,0.37209519286627446,0.013991554501766678,0.03760208347221255
2.152,10.94473,12.954505063102228,0.3554670319077001,0.01505018033468449,0.04233917349216337
2.14077,10.97286,12.954580117124838,0.3500400711866786,0.018653390754990135,0.05328930111273507
2.12953,11.00098,12.954654285105368,0.358771295240335,0.015615273347364693,0.04352431076433882
2.1183,11.0291,12.954729067258246,0.392119305949972,0.016794682113085442,0.04283054126191932
2.1183,11.0291,12.954729067258246,0.38195382612839623,0.007109639474905119,0.018613871595346103
2.10864,11.05774,12.954914411695182,0.378824439736129,0.014676942480784905,0.03874338860240422
2.09899,11.08637,12.955100098434727,0.36516643150571104,0.011088118824397294,0.03036456220435443
2.08933,11.11501,12.955285442871665,0.37550498740822713,0.010289973302634595,0.027403026984160764
2.07967,11.14365,12.955470787308604,0.37553209974069074,0.007669665733473529,0.02042346243841611
2.07002,11.17228,12.95565647404815,0.38976489110609525,0.017379950488525777,0.04459085691172451
2.06036,11.20092,12.955841818485089,0.40867529727038504,0.016696373702067033,0.0408548640291818
2.0507,11.22956,12.956027162922025,0.3904940411702604,0.01127941318094519,0.02888498156628009
2.04104,11.2582,12.956212507358963,0.3808766406710341,0.015378116687963897,0.040375583708337964
2.03139,11.28683,12.956398194098508,0.3826856840081007,0.013853316506975175,0.036200247581464076
2.02173,11.31547,12.956583538535448,0.3767096506563631,0.014188086555092775,0.03766318842740569
2.01207,11.34411,12.956768882972383,0.39496490803303835,0.011212202009311027,0.02838784353057801
2.00242,11.37274,12.956954569711929,0.3936624837687447,0.013718354131041912,0.03484800989850153
1.99276,11.40138,12.957139914148868,0.3941974060156217,0.015423977623026313,0.039127547233060875
1.9831,11.43002,12.957325258585806,0.4172715287981972,0.008862979627725228,0.021240317194062823
1.97345,11.45865,12.957510945325351,0.40891161618867156,0.01029677481070632,0.025180930066695376
1.96379,11.48729,12.957696289762291,0.4199906392427281,0.009896257930001286,0.023563044042707516
1.95413,11.51593,12.957881634199227,0.40558035707207046,0.0165359412312787,0.04077106039023559
1.94448,11.54456,12.958067320938772,0.3956342577846375,0.015228082972631356,0.03849030429746234
1.93482,11.5732,12.958252665375712,0.40247932713019396,0.011656924242020012,0.028962790027347744
1.92516,11.60184,12.95843800981265,0.4014407997925648,0.009551095120496882,0.023792038889500492
1.9155,11.63048,12.958623354249589,0.41970002087353964,0.00829547632364954,0.0197652511581577
1.90585,11.65911,12.958809040989134,0.404125718672912,0.0179728962572635,0.04447352748615897
1.89619,11.68775,12.95899438542607,0.4247427635043556,0.01158151573317708,0.027267129020924017
1.88653,11.71639,12.95917972986301,0.4150270171494997,0.008683214204581959,0.020922045663967267
1.87688,11.74502,12.959365416602555,0.4156177763088185,0.01260168286432252,0.030320365447889384
1.86722,11.77366,12.959550761039493,0.4476131648464456,0.009939548721659123,0.022205666638667566
1.85756,11.8023,12.959736105476432,0.4080214747914662,0.015448611101713403,0.037862250043601164
1.84791,11.83093,12.959921792215978,0.3982909786936021,0.016588898865812617,0.04165019986198119
1.83825,11.85957,12.960107136652914,0.4005889858025144,0.01364275538224279,0.03405674111311814
1.82859,11.88821,12.960292481089853,0.39971016934502873,0.010485966134762279,0.02623392382521752
1.81894,11.91684,12.960478167829399,0.4060277737537876,0.011417050240430764,0.028118889835733213
1.80928,11.94548,12.960663512266336,0.4237142284239008,0.011217444122241352,0.026474079390647626
1.79962,11.97412,12.960848856703276,0.46018500710407684,0.014994136799882304,0.03258284509145511
1.78996,12.00276,12.961034201140212,0.4533389805906114,0.015089631548103494,0.033285537300244236
1.78031,12.03139,12.961219887879757,0.41921406773427766,0.018757902584571544,0.044745403430643926
1.77065,12.06003,12.961405232316697,0.41001914828467284,0.007973216050183623,0.0194459602278084
1.76099,12.08867,12.961590576753634,0.3899871757000541,0.02048961508956496,0.05253920222577749
1.75134,12.1173,12.96177626349318,0.4255509000590969,0.010226416865726087,0.024031007487719868
1.74168,12.14594,12.961961607930117,0.43680176911038104,0.010798872456242717,0.024722593221717954
1.73202,12.17458,12.962146952367055,0.43288178416910733,0.016910314384347203,0.03906450907100565
1.72237,12.20321,12.9623326391066,0.4417624753696966,0.009250522446719063,0.02094003669953543
1.71271,12.23185,12.96251798354354,0.4353520097916143,0.010117999559739351,0.023240962100031272
1.70305,12.26049,12.962703327980478,0.4398065220062917,0.008246523226649411,0.018750343194163546
1.6934,12.28912,12.962889014720023,0.46793564494236123,0.007602815486321665,0.016247566451703322
1.68374,12.31776,12.96307435915696,0.44144282310307476,0.014361153796649956,0.0325323077985497
1.67408,12.3464,12.963259703593899,0.5072724037805563,0.01401251035308811,0.027623245910199084
1.66442,12.37504,12.963445048030836,0.4734837205891737,0.017565398942253747,0.03709821093826934
1.65477,12.40367,12.963630734770382,0.42299856058732904,0.018277213494126702,0.04320868957272333
1.64511,12.43231,12.963816079207321,0.41609222772005355,0.01590928092807518,0.0382349870249894
1.63545,12.46095,12.964001423644257,0.47155138504971383,0.014181500245385855,0.030074135491916232
1.6258,12.48958,12.964187110383804,0.47561890697740017,0.013730302500937907,0.02886828572100967
1.61614,12.51822,12.964372454820742,0.4853564077870446,0.011721866978180062,0.024151050218179378
1.60648,12.54686,12.96455779925768,0.4985337833093534,0.0075844853884010615,0.015213583597191624
1.59683,12.57549,12.964743485997225,0.4953397190775003,0.013197787002770384,0.026643910218525142
1.58717,12.60413,12.964928830434163,0.5437412142278502,0.01578836237645386,0.02903653790319062
1.57751,12.63277,12.9651141748711,0.5185536803336329,0.009251181062411072,0.017840353686158283
1.56786,12.6614,12.965299861610646,0.4879837302073013,0.024621952093409165,0.05045650207016014
1.5582,12.69004,12.965485206047585,0.5338913771384202,0.021816687029286033,0.04086353135392501
1.54854,12.71868,12.965670550484523,0.5349512987922097,0.017898914385582734,0.033458960518451195
1.53888,12.74732,12.96585589492146,0.53264882289588,0.015995001815839842,0.03002916955467764
1.52923,12.77595,12.966041581661006,0.5262016149603571,0.02363692844327155,0.0449199085887494
1.51957,12.80459,12.966226926097944,0.5374055861975648,0.018954155777634117,0.035269740889269534
1.50991,12.83323,12.966412270534883,0.5297338830389255,0.017515180064433037,0.0330641112929263
1.50026,12.86186,12.966597957274429,0.5605350359312954,0.012722635758303511,0.02269730693491017
1.4906,12.8905,12.966783301711367,0.5948485578115265,0.033505321500206804,0.05632580101307521
1.4906,12.8905,12.966783301711367,0.6003053682330795,0.019316056094854386,0.03217705040970844
1.48556,12.92061,12.967292358621794,0.5744020687253931,0.0283429196986751,0.049343345440186995
1.48052,12.95071,12.96780114366249,0.5085020182317407,0.014001671980293876,0.02753513551230954
1.47548,12.98082,12.968310200572917,0.46921201699141724,0.0319203285874318,0.06802964849899759
1.47044,13.01093,12.968819257483347,0.4775635837766098,0.021808531594796444,0.04566623657175216
1.4654,13.04104,12.969328314393776,0.4883520083024154,0.009881268197905005,0.020233905113350045
1.46036,13.07114,12.96983709943447,0.4605420420549716,0.0141936953153166,0.030819543101826954
1.45531,13.10125,12.970345542172556,0.49799703635249637,0.01355065766014709,0.027210317875376977
1.45027,13.13136,12.970854599082985,0.5102111492681605,0.017205783521759315,0.03372286855439957
1.44523,13.16147,12.971363655993414,0.5122308654564877,0.012719475585009602,0.024831528989715048
1.44019,13.19157,12.971872441034106,0.5333321792522072,0.010630789928589318,0.019932774248677256
1.43515,13.22168,12.972381497944538,0.5075550217136413,0.027528729865898643,0.054237922369390214
1.43011,13.25179,12.972890554854963,0.47434292373842907,0.02453572585000087,0.05172571281685402
1.42507,13.2819,12.973399611765394,0.4915302169579018,0.021274302930862715,0.04328178044176031
1.42003,13.312,12.97390839680609,0.523826479227197,0.018685283508183947,0.03567075023727401
1.41499,13.34211,12.974417453716518,0.5422009380338431,0.02225381443219635,0.04104348198454668
1.40995,13.37222,12.974926510626947,0.5013827878838709,0.03730198435446004,0.07439821480888138
1.40491,13.40233,12.975435567537376,0.45281852230923647,0.03626775371552624,0.08009335291889508
1.39987,13.43243,12.97594435257807,0.43244919848115176,0.03767600020990135,0.08712237262140156
1.39483,13.46254,12.9764534094885,0.45087699009385335,0.024213553641021204,0.05370323652129814
1.38979,13.49265,12.976962466398927,0.4815229371771813,0.00953821925315285,0.01980844216698895
1.38474,13.52276,12.977470909137011,0.4633169842133781,0.034090084483578996,0.07357831818200516
1.3797,13.55286,12.977979694177709,0.4635769484279798,0.030998625673150693,0.06686835007277452
1.37466,13.58297,12.978488751088136,0.5008876134866131,0.02788149452123479,0.05566417250200171
1.36962,13.61308,12.978997807998566,0.5425004481694812,0.19232500231745334,0.35451584043183976
1.36458,13.64319,12.979506864908993,0.4764786217760998,0.02285906044497935,0.04797499698889106
1.35954,13.67329,12.980015649949689,0.5135297797488451,0.07171415047017453,0.1396494483830094
1.3545,13.7034,12.980524706860118,0.45772802171489185,0.037110423305975214,0.08107527078403436
1.3545,13.7034,12.980524706860118,0.4333424972166225,0.013001926890100582,0.030003812166156142
1.33578,13.72818,12.98004866943665,0.48875754504121777,0.01533727593667428,0.0313801312988035
1.31705,13.75295,12.979571745971109,0.480797341502974,0.013313147727526316,0.027689728245812208
1.29833,13.77773,12.97909570854764,0.4867350316219161,0.02356082630353159,0.048405856930045385
1.2796,13.8025,12.978618785082096,0.4372589328336206,0.015678098680006216,0.03585541083953525
1.26088,13.82728,12.978142747658628,0.5204234636864639,0.16078912727408406,0.3089582589822538
1.24216,13.85206,12.977666710235164,0.5550485996060971,0.21684291781388443,0.390673749952296
1.22343,13.87683,12.97718978676962,0.5239994686637646,0.20350955382599248,0.38837740493316936
1.20471,13.90161,12.976713749346152,0.4690443707439549,0.017829851317166048,0.038013144233851444
1.18598,13.92638,12.976236825880607,0.49033878485774096,0.016546732365552753,0.03374550999540727
1.16726,13.95116,12.975760788457142,0.4961244437913418,0.017239546070512316,0.034748431137093624
1.14854,13.97594,12.975284751033676,0.5042896927714,0.022214042405180063,0.04405016149170023
1.12981,14.00071,12.974807827568132,0.4817893892033146,0.014190665293010427,0.02945408431778887
1.11109,14.02549,12.974331790144666,0.4910284103519128,0.013999954293662834,0.028511495462409747
1.09236,14.05026,12.97385486667912,0.46256686667140584,0.017253426293632527,0.037299312892397164
1.07364,14.07504,12.973378829255655,0.49607707729187567,0.021249706029507535,0.04283549271317146
1.05492,14.09982,12.972902791832189,0.47146199140089856,0.016861281764655123,0.035763819930751235
1.03619,14.12459,12.972425868366646,0.4457429036508477,0.012521517600561522,0.02809134480438006
1.01747,14.14937,12.971949830943178,0.45232363034659084,0.020387018503870424,0.04507175202907036
0.99874,14.17414,12.971472907477633,0.4411249774703082,0.019666393267153894,0.044582361624439244
0.98002,14.19892,12.970996870054169,0.4463501075950685,0.01552938380730278,0.03479193472356263
0.9613,14.2237,12.9705208326307,0.4355060242335703,0.020412734459388657,0.04687130217156517
0.94257,14.24847,12.970043909165158,0.43906452083186764,0.01572640858576098,0.03581798992996554
0.92385,14.27325,12.969567871741688,0.443115242984039,0.00921614065608463,0.02079851867433185
0.90512,14.29802,12.969090948276147,0.44925925328861654,0.01653694518671291,0.03680935910759999
0.8864,14.3228,12.968614910852681,0.450945709463393,0.009540646737782247,0.021156974193490448
