8.2973,-8.7477,2.7903117075379096,0.8764456229834308,0.02812108864359207,0.03208537746799119
8.28618,-8.7194,2.790865629676229,0.8658950450066831,0.028895314491947075,0.033370458300433
8.27505,-8.6911,2.7914230323038995,0.8331289395886504,0.031085642114014222,0.0373119221249984
8.26393,-8.6628,2.791976954442219,0.7653933735793429,0.03981429532733825,0.0520180820760803
8.25281,-8.6345,2.7925308765805386,0.7582994348202329,0.025476363173303745,0.03359670600221841
8.24168,-8.6062,2.7930882792082086,0.7629501693479614,0.03621698381447398,0.047469658268017724
8.23056,-8.5779,2.793642201346528,0.7834322224890439,0.03494954629301523,0.04461081034167444
8.21944,-8.5496,2.794196123484848,0.7999625368108332,0.025891960057020484,0.03236646576006239
8.20832,-8.5213,2.7947500456231675,0.7776356543940794,0.04681750346894532,0.06020493428304124
8.19719,-8.493,2.7953074482508375,0.7622230854200638,0.035461404870678594,0.04652365632711805
8.18607,-8.4647,2.7958613703891575,0.7707167726168642,0.03052417810026193,0.039604922566588534
8.17495,-8.4364,2.796415292527477,0.7522533679987261,0.0406983158327159,0.054101872539286285
8.16382,-8.4081,2.7969726951551475,0.7423563816520213,0.03757221817949841,0.05061210371208251
8.1527,-8.3798,2.7975266172934674,0.7436753452577016,0.033866429836069245,0.045539266632987144
8.1527,-8.3798,2.7975266172934674,0.683696438413122,0.008257434500207819,0.012077632756685918
8.13788,-8.35352,2.7996050375118853,0.7106671969256682,0.031020963084425274,0.0436504783372883
8.12306,-8.32724,2.8016834577303027,0.702788273955808,0.033073748405500564,0.047060757316477755
8.10823,-8.30097,2.8037665303045087,0.6450000872955959,0.049373251362855884,0.07654766617144458
8.09341,-8.27469,2.805844950522927,0.5745231969051148,0.06511743281632329,0.11334169476028615
8.07859,-8.24841,2.8079233707413453,0.62768880191626,0.04393531898677039,0.06999538442081656
8.06377,-8.22213,2.8100017909597628,0.6237417791704996,0.03958000429405144,0.06345575303082633
8.04894,-8.19586,2.8120848635339692,0.6336704836382931,0.033606282926283385,0.05303431956200482
8.03412,-8.16958,2.8141632837523867,0.6213532939134967,0.053309994769010646,0.08579659155461455
8.0193,-8.1433,2.8162417039708054,0.6075822454050641,0.053477552288103164,0.08801697661927341
8.00448,-8.11702,2.818320124189223,0.6798251515234566,0.04482405907895399,0.06593468773331695
7.98966,-8.09074,2.8203985444076407,0.688184646047583,0.035165963459787467,0.051099604825179425
7.97483,-8.06447,2.8224816169818467,0.713460026099881,0.02419529869154983,0.03391261991763306
7.96001,-8.03819,2.8245600372002655,0.7317715566560198,0.020318077229798948,0.027765601224850237
7.94519,-8.01191,2.826638457418683,0.7144398154062426,0.01714001526321372,0.023990845545845758
7.93037,-7.98563,2.828716877637101,0.7625623709695342,0.02676322519469805,0.03509644091232938
7.91554,-7.95936,2.830799950211307,0.7196700714925451,0.023510965528125375,0.03266908887758148
7.90072,-7.93308,2.8328783704297247,0.7239254878883425,0.02957546967903501,0.04085430085533429
7.8859,-7.9068,2.8349567906481425,0.6756030294967325,0.02265059027933788,0.033526478257817564
7.87108,-7.88052,2.837035210866561,0.6713230389142958,0.01496218360767308,0.022287606324178637
7.85626,-7.85424,2.8391136310849787,0.669396374461985,0.01936499838836752,0.02892904581972345
7.84143,-7.82797,2.8411967036591848,0.6718190522749573,0.03563822780417896,0.053047361017075176
7.82661,-7.80169,2.8432751238776035,0.654123628328721,0.02564883348126233,0.039210987603054234
7.81179,-7.77541,2.845353544096021,0.6777992936335268,0.03926637803223919,0.05793216133605146
7.79697,-7.74913,2.847431964314439,0.712565438330418,0.10977258463025896,0.15405263674794903
7.78214,-7.72286,2.849515036888645,0.6691682790954133,0.031212898075102476,0.04664431810380538
7.76732,-7.69658,2.851593457107063,0.6336888179790224,0.03506485363057405,0.055334499577259125
7.7525,-7.6703,2.8536718773254806,0.6832123424734075,0.02189053359823604,0.032040600319055396
7.7525,-7.6703,2.8536718773254806,0.6863241193699243,0.01928089736534015,0.02809299108275673
7.73858,-7.64332,2.855355022851711,0.639035505114319,0.023015883682851925,0.03601659610248815
7.72465,-7.61634,2.857041648867291,0.6358232282700504,0.012043819218364558,0.01894208749047029
7.71073,-7.58936,2.8587247943935212,0.6427657223682136,0.027608779490123494,0.042953098663073355
7.6968,-7.56238,2.8604114204091013,0.6250048844232164,0.018151924051485288,0.02904285151025136
7.68288,-7.53541,2.862095737801769,0.6236177342431775,0.015438393696322997,0.024756181308825405
7.66895,-7.50843,2.8637823638173496,0.615535578204948,0.03273712754204882,0.05318478525241104
7.65503,-7.48145,2.8654655093435797,0.6358976637055754,0.02072927347311315,0.03259844257378956
7.64111,-7.45447,2.8671486548698093,0.5816931296920775,0.03303037029670758,0.056783153540411226
7.62718,-7.42749,2.86883528088539,0.586530909049301,0.02135067410079997,0.036401618007492476
7.61326,-7.40051,2.87051842641162,0.6055525855187882,0.016395537556736194,0.027075332429948806
7.59933,-7.37353,2.8722050524272,0.5902935468294523,0.018872797757689474,0.03197188561362031
7.58541,-7.34655,2.87388819795343,0.5897564930378529,0.03278931675821371,0.05559805978449679
7.57148,-7.31958,2.8755759958354488,0.584640044230931,0.038888015711959725,0.06651616853086971
7.55756,-7.2926,2.877259141361679,0.6466157362068106,0.02104839556582936,0.03255162902360505
7.54364,-7.26562,2.8789422868879084,0.6092640059790623,0.0342978038427534,0.0562938291219719
7.52971,-7.23864,2.880628912903489,0.591018473406755,0.04090947485373006,0.06921860600721874
7.51579,-7.21166,2.882312058429719,0.6007931588985086,0.038153928703381156,0.06350593068225409
7.50186,-7.18468,2.8839986844452996,0.5690234353506382,0.026900971653481747,0.047275683183250775
7.48794,-7.1577,2.885681829971529,0.5833373231163193,0.025910408214929157,0.0444175388547229
7.47402,-7.13072,2.887364975497759,0.6026938806031205,0.03557573339219105,0.059027865616604794
7.46009,-7.10375,2.8890527733797775,0.6444155143582707,0.03312016960807806,0.05139567386278738
7.44617,-7.07677,2.890735918906007,0.6315817528110269,0.019849157833697534,0.031427693636419105
7.43224,-7.04979,2.8924225449215872,0.6257692606183881,0.02547186266869655,0.04070488001204332
7.41832,-7.02281,2.8941056904478177,0.633454112401531,0.024728596293377765,0.03903770740334686
7.40439,-6.99583,2.8957923164633983,0.6433048459654334,0.0232904517862141,0.03620437795903929
7.39047,-6.96885,2.897475461989628,0.6338576668270057,0.02449947096088012,0.03865137592090779
7.37655,-6.94187,2.899158607515858,0.6537629166307085,0.009833604890380073,0.015041545857417892
7.36262,-6.91489,2.9008452335314385,0.6760444378418042,0.028563324485705865,0.04225066117974591
7.3487,-6.88792,2.902529550924106,0.6469526713364098,0.02232147281724243,0.034502481875734396
7.33477,-6.86094,2.9042161769396864,0.6066714569005387,0.018322694845415946,0.03020200577595309
7.32085,-6.83396,2.9058993224659164,0.6534044512746918,0.029593691890294826,0.045291537014420506
7.30692,-6.80698,2.907585948481497,0.6144277790475883,0.028311576159946256,0.04607795598667665
7.293,-6.78,2.9092690940077266,0.6945882558763812,0.031148615397805723,0.044844719348881956
7.293,-6.78,2.9092690940077266,0.7037833451579463,0.012565496749978785,0.017854211578648225
7.27761,-6.7541,2.9115904330437568,0.72991076141198,0.03886690256275149,0.05324884166328113
7.26221,-6.7282,2.9139152525691374,0.65857531309723,0.019122666016024525,0.02903641487272286
7.24682,-6.7023,2.9162365916051676,0.6268740192725133,0.018554673489276297,0.02959872784456593
7.23143,-6.6764,2.918557930641198,0.6543008805428276,0.025441934034968073,0.03888415068899293
7.21604,-6.6505,2.9208792696772283,0.6715072476933706,0.019568681629799342,0.0291414302630654
7.20064,-6.6246,2.9232040892026085,0.6675533064678463,0.02989361443883607,0.044780864912510085
7.18525,-6.5987,2.9255254282386387,0.6253321713634379,0.02574852379563547,0.04117575422274355
7.16986,-6.5728,2.927846767274669,0.6139467815908435,0.03212235935214558,0.052321081102356996
7.15447,-6.5469,2.930168106310699,0.6308446842965856,0.033995970758213374,0.05388960484959955
7.13907,-6.521,2.9324929258360797,0.6107500116144043,0.0268998167927079,0.04404390713248326
7.12368,-6.4951,2.9348142648721094,0.6030548742052647,0.021582278976101238,0.03578825062071411
7.10829,-6.4692,2.9371356039081395,0.597156819436777,0.018036928677353056,0.030204676711830948
7.0929,-6.4433,2.93945694294417,0.5797437103410692,0.012209645587215864,0.021060419232548127
7.0775,-6.4174,2.941781762469551,0.600734945246092,0.01681816004656454,0.027995974230656674
7.06211,-6.3915,2.9441031015055805,0.6287609516828339,0.02516690224425753,0.04002618511359541
7.04672,-6.3656,2.946424440541611,0.7092178905523443,0.048128033384818115,0.0678607153400144
7.03132,-6.3397,2.9487492600669913,0.6298481150339903,0.021337978363673498,0.03387797447408726
7.01593,-6.3138,2.9510705991030215,0.6250504518278868,0.027021939927513134,0.04323161410169473
7.00054,-6.2879,2.9533919381390517,0.6001544311663028,0.01922162747056391,0.03202780229950113
6.98515,-6.262,2.955713277175082,0.5696199455421284,0.017570050000907805,0.030845215548387688
6.96975,-6.2361,2.958038096700462,0.6039815816115353,0.014135122547189665,0.02340323443220657
6.95436,-6.2102,2.9603594357364926,0.6053044352227148,0.021362962420894277,0.03529292233425321
6.93897,-6.1843,2.962680774772523,0.6288336708062437,0.012963257096838994,0.020614763010731393
6.92358,-6.1584,2.965002113808553,0.6322595702231022,0.02502715729325031,0.03958367492075937
6.90818,-6.1325,2.9673269333339336,0.6295880295531207,0.030582377883057527,0.0485752213312645
6.89279,-6.1066,2.9696482723699638,0.6320061019987666,0.024272515087034346,0.038405507494738894
6.8774,-6.0807,2.9719696114059935,0.6069069613855478,0.0259332726758492,0.04273022773811068
6.86201,-6.0548,2.974290950442024,0.5852372348018454,0.02928870714787392,0.05004587098391089
6.84661,-6.0289,2.9766157699674047,0.6433388220381209,0.016033132297253293,0.024921754677356085
6.83122,-6.003,2.9789371090034344,0.5969344413366906,0.024338385963109777,0.04077229303206201
6.81583,-5.9771,2.9812584480394646,0.5894274067631488,0.033249155699167435,0.05640924618988413
6.80044,-5.9512,2.9835797870754948,0.59167610741454,0.0182553935588498,0.030853693989133332
6.78504,-5.9253,2.9859046066008754,0.556610088818402,0.022743718428602244,0.04086113220995271
6.76965,-5.8994,2.988225945636905,0.5929286814259969,0.030352195125540705,0.05119029670236815
6.75426,-5.8735,2.9905472846729357,0.6089828930619121,0.029234588847349315,0.04800559946825499
6.73886,-5.8476,2.9928721041983164,0.5799191785163945,0.017552835837100905,0.030267727792700823
6.72347,-5.8217,2.9951934432343466,0.6066293314678711,0.02866576073345046,0.04725416204997447
6.70808,-5.7958,2.9975147822703767,0.6398650232870701,0.02617428856228392,0.04090595298962145
6.69269,-5.7699,2.999836121306407,0.5968373713459779,0.015384726872950238,0.025777083694097192
6.67729,-5.744,3.002160940831787,0.5851968266990564,0.01521940719256768,0.026007330351424513
6.6619,-5.7181,3.0044822798678172,0.5868466135543209,0.02349124459081414,0.04002961599886559
6.64651,-5.6922,3.0068036189038474,0.5603100798590402,0.0290669044330086,0.05187646176260311
6.63112,-5.6663,3.009124957939878,0.5838470122484202,0.024690590374573936,0.04228948655485861
6.61572,-5.6404,3.0114497774652587,0.6200109617051243,0.018219689173599122,0.0293860758904846
6.60033,-5.6145,3.0137711165012884,0.5839847878233184,0.02853144731220135,0.04885649062631644
6.58494,-5.5886,3.0160924555373185,0.6289322794226786,0.026927097272961432,0.042813985152231115
6.56955,-5.5627,3.018413794573349,0.7385534256312785,0.04822273260261157,0.06529349256134476
6.55415,-5.5368,3.02073861409873,0.6664266739660075,0.056550413708418824,0.08485616785396452
6.53876,-5.5109,3.0230599531347595,0.6432029172003221,0.03197893950191589,0.04971827497473277
6.52337,-5.485,3.0253812921707897,0.690950609561234,0.03198203384756851,0.04628700431696221
6.50798,-5.4591,3.02770263120682,0.6631348626443516,0.01408179687509355,0.02123519312337197
6.49258,-5.4332,3.0300274507322005,0.7463081699353885,0.029873611183278914,0.04002851956701106
6.47719,-5.4073,3.03234878976823,0.6588330868781156,0.019763321723473424,0.029997463875292053
6.4618,-5.3814,3.034670128804261,0.6513047382599778,0.02067823700913591,0.03174894299768151
6.4464,-5.3555,3.0369949483296415,0.6161655128523067,0.026174196158425627,0.04247916446550542
6.43101,-5.3296,3.0393162873656716,0.643770334760678,0.023273110562006493,0.036151262811229545
6.41562,-5.3037,3.0416376264017018,0.6615766766984028,0.029919501240199684,0.04522454054685377
6.40023,-5.2778,3.043958965437732,0.6192790754059562,0.013047635929847366,0.02106907281066173
6.38483,-5.2519,3.046283784963112,0.5761249816618376,0.021839295974088742,0.03790721921325665
6.36944,-5.226,3.0486051239991423,0.589412156227181,0.01932276739977893,0.032783116526580815
6.35405,-5.2001,3.050926463035173,0.5628616512725536,0.01970231324670315,0.03500382945286626
6.33866,-5.1742,3.053247802071203,0.5762223843664674,0.03184857012868693,0.055271317103904434
6.32326,-5.1483,3.0555726215965833,0.6025507499476035,0.02092921952981933,0.03473436807047255
6.30787,-5.1224,3.0578939606326134,0.5931530215812597,0.019649211954815,0.03312671644567039
6.29248,-5.0965,3.0602152996686436,0.6005740760364371,0.01961454426579438,0.032659658564090865
6.27709,-5.0706,3.062536638704674,0.5811369467679921,0.013961147681759295,0.024023851450857794
6.26169,-5.0447,3.064861458230055,0.5530601614534065,0.0245669167060109,0.04441997167442078
6.2463,-5.0188,3.0671827972660846,0.591221863753716,0.014346135803560783,0.02426523219638055
6.2463,-5.0188,3.0671827972660846,0.5894831663318054,0.020138554412862615,0.034163069554944886
6.2334,-4.99133,3.0684535114231184,0.5842197319081854,0.01949947643297523,0.03337695625117934
6.2205,-4.96386,3.069724225580152,0.5621885751161655,0.023437379640855797,0.041689533865061044
6.2076,-4.93639,3.070994939737185,0.5640351824579384,0.014100899215157487,0.025000034844828194
6.19469,-4.90892,3.07226913438357,0.561666303118075,0.01115589175045701,0.019862134667017382
6.18179,-4.88145,3.0735398485406034,0.5405261713685087,0.024806744324007382,0.04589369699010403
6.16889,-4.85397,3.0748093908311995,0.5688231486934032,0.02692313066221567,0.04733128517019495
6.15599,-4.8265,3.0760801049882325,0.5986753915294436,0.02415135357744722,0.04034131671212917
6.14309,-4.79903,3.0773508191452668,0.5620475496370614,0.023662870930138993,0.04210119045162485
6.13019,-4.77156,3.0786215333023006,0.6221614953096842,0.03385205128826115,0.054410392709068424
6.11728,-4.74409,3.0798957279486845,0.657998579104272,0.02476471722366987,0.037636429636948264
6.10438,-4.71662,3.081166442105718,0.6440405886257295,0.025588761379409936,0.03973159740446157
6.09148,-4.68915,3.082437156262752,0.6160252817246812,0.0177011633473164,0.02873447547113422
6.07858,-4.66168,3.083707870419786,0.5622464134938887,0.016651510098186714,0.02961603613389293
6.06568,-4.63421,3.084978584576819,0.5731740288767677,0.026801323925907568,0.046759487652344146
6.05278,-4.60674,3.086249298733853,0.6034077129148765,0.0183642487264545,0.030434229350073238
6.03987,-4.57926,3.0875223215137995,0.60653919206641,0.035698826594677914,0.05885658678222601
6.02697,-4.55179,3.088793035670833,0.5846288550288306,0.019034846098958738,0.03255885496452283
6.01407,-4.52432,3.0900637498278667,0.5767171192091537,0.01923395061624574,0.03335075373281976
6.00117,-4.49685,3.0913344639849,0.6204234831931923,0.022999410953664007,0.03707050357812177
5.98827,-4.46938,3.092605178141934,0.6287167604021796,0.023342275494235842,0.03712685419632233
5.97537,-4.44191,3.0938758922989678,0.6227482795729868,0.014945748554197448,0.02399966253531141
5.96246,-4.41444,3.095150086945352,0.6222149842973713,0.021682630709786026,0.034847490428522664
5.94956,-4.38697,3.0964208011023855,0.6400600167204291,0.007985154727085966,0.01247563434441772
5.93666,-4.3595,3.0976915152594193,0.639387104887366,0.01913972522835614,0.029934487389650717
5.92376,-4.33203,3.098962229416453,0.6263179061445185,0.02717162038963214,0.04338311282986451
5.91086,-4.30455,3.100231771707049,0.6621450737794472,0.01677909678746049,0.025340514415802193
5.89796,-4.27708,3.1015024858640827,0.6493172510717105,0.027357196628349522,0.04213224981039076
5.88505,-4.24961,3.102776680510466,0.6351211707175669,0.016337902267921076,0.025724071281488434
5.87215,-4.22214,3.1040473946675,0.5941456628111067,0.026080929991671,0.043896525084897844
5.85925,-4.19467,3.1053181088245334,0.6133606579687059,0.017873775727488734,0.029140727393051458
5.84635,-4.1672,3.106588822981568,0.6177302456120588,0.02237159530345404,0.0362158004442341
5.83345,-4.13973,3.1078595371386015,0.6638455947218386,0.010924394321707142,0.016456227786349368
5.82055,-4.11226,3.1091302512956354,0.6465499101509988,0.020137881080399715,0.031146676790499594
5.80765,-4.08479,3.1104009654526688,0.6256129866794451,0.024461151987578672,0.03909949522852889
5.79474,-4.05732,3.111675160099053,0.5949096832924292,0.022780916399672342,0.03829306706455866
5.78184,-4.02985,3.112945874256087,0.5949849945229488,0.03994016285291103,0.0671280170434122
5.76894,-4.00237,3.114215416546682,0.5782287185969015,0.021792467862031314,0.03768831806713395
5.75604,-3.9749,3.1154861307037165,0.5875183472462113,0.03233624390250404,0.055038696330197985
5.74314,-3.94743,3.1167568448607494,0.6269772964870151,0.030145509120716833,0.04808070290523057
5.73024,-3.91996,3.118027559017784,0.6207550457789937,0.025729353544187615,0.04144848071577012
5.71733,-3.89249,3.1193017536641676,0.6053336421253572,0.029254097385871886,0.04832722873812079
5.70443,-3.86502,3.1205724678212015,0.629039315064471,0.023793893111937626,0.0378257646892849
5.69153,-3.83755,3.121843181978235,0.6603809567509982,0.02434991792900434,0.036872531953076396
5.67863,-3.81008,3.1231138961352687,0.6772012790773486,0.019960303425065235,0.029474698352992046
5.66573,-3.78261,3.124384610292302,0.6810801080418434,0.025936767769423514,0.038081816607437965
5.65283,-3.75514,3.125655324449337,0.6638433831885966,0.027122123823169596,0.04085620872335223
5.63992,-3.72766,3.1269283472292826,0.6618576224790406,0.030989482423171975,0.046821977069778836
5.62702,-3.70019,3.1281990613863164,0.6683764408992452,0.01423819821810054,0.021302663210187693
5.61412,-3.67272,3.12946977554335,0.6741246788442132,0.02222956818328748,0.03297545525465716
5.60122,-3.64525,3.1307404897003837,0.6416316165526359,0.022798608500329883,0.03553223985878759
5.58832,-3.61778,3.132011203857417,0.6490789321807486,0.018496991603076836,0.028497291602011185
5.57542,-3.59031,3.133281918014451,0.671597473628535,0.01840757048161993,0.027408635684953872
5.56251,-3.56284,3.1345561126608352,0.6582049131573401,0.01781158101745825,0.02706084482417179
5.54961,-3.53537,3.135826826817869,0.6777921294029599,0.010810292638387153,0.015949274371051654
5.53671,-3.5079,3.1370975409749025,0.6329501273219196,0.02268771376463411,0.03584439402931836
5.52381,-3.48043,3.1383682551319363,0.6791134655121729,0.01647162010851234,0.024254592118991187
5.51091,-3.45295,3.1396377974225325,0.7071817116989731,0.017835871846209016,0.02522105924283465
5.49801,-3.42548,3.140908511579566,0.6955128192735893,0.027108357376418184,0.03897607150466446
5.4851,-3.39801,3.1421827062259498,0.6847842157467925,0.019705104561780082,0.028775640718135785
5.4722,-3.37054,3.143453420382983,0.7111316246279922,0.018807875254604495,0.026447811633244812
5.4593,-3.34307,3.1447241345400174,0.725625601762745,0.015874033117679542,0.021876341020930258
5.4464,-3.3156,3.1459948486970513,0.6907125138287056,0.0100031639998372,0.01448238420408574
5.4464,-3.3156,3.1459948486970513,0.6777559418787206,0.009971209126053449,0.014712094000110918
5.43532,-3.28758,3.1465676611382305,0.7052000455950397,0.02800314284685948,0.03970950232033912
5.42424,-3.25955,3.1471393017129725,0.6987311800587187,0.01443663793300329,0.020661218999544418
5.41316,-3.23153,3.1477121141541526,0.7377182872985316,0.020698569887863064,0.028057552922619904
5.40208,-3.2035,3.148283754728894,0.6879025326959484,0.026024824783449484,0.03783213979668891
5.391,-3.17548,3.1488565671700743,0.7027992171708337,0.011740044773021817,0.01670469244442555
5.37992,-3.14746,3.149429379611254,0.7147829728069677,0.016602004104864974,0.02322663624689961
5.36884,-3.11943,3.150001020185996,0.7102114194417827,0.019905075261917794,0.028026971570751333
5.35776,-3.09141,3.1505738326271757,0.7349008914806356,0.013326487277390966,0.018133720385808124
5.34668,-3.06338,3.1511454732019173,0.6659589342278179,0.023784928014750264,0.03571530734448211
5.3356,-3.03536,3.1517182856430974,0.679202685235692,0.03611004325312631,0.053165342302196085
5.32452,-3.00734,3.1522910980842775,0.7007062216398328,0.01791965427019145,0.02557370509463274
5.31344,-2.97931,3.1528627386590196,0.7021951446193502,0.03322580653425449,0.047317055363955446
5.30236,-2.95129,3.153435551100199,0.7236766933848605,0.03328375299037737,0.04599257278094577
5.29128,-2.92326,3.1540071916749413,0.7007123631089225,0.018668113948043744,0.026641622056184377
5.2802,-2.89524,3.1545800041161205,0.7111761484947671,0.025202274107362806,0.03543745689546034
5.26912,-2.86722,3.1551528165573006,0.6962235148725265,0.017818515861428037,0.02559309687305014
5.25804,-2.83919,3.1557244571320426,0.7133905366099885,0.022235637357749617,0.031168954754309936
5.24696,-2.81117,3.1562972695732228,0.6674823533589114,0.02286415919309163,0.03425432759088593
5.23588,-2.78314,3.1568689101479643,0.6835425585863791,0.022510004195372982,0.0329313865137022
5.2248,-2.75512,3.157441722589144,0.6773771317579381,0.038476915822729996,0.05680279716983388
5.21372,-2.7271,3.1580145350303237,0.7222057710014758,0.015147913443414311,0.020974511768867266
5.20264,-2.69907,3.158586175605066,0.6839855329771429,0.028497325715544183,0.041663638105773344
5.19156,-2.67105,3.159158988046246,0.7223729806087225,0.01948554538308282,0.026974355223894065
5.18047,-2.64302,3.1597341091103384,0.692140511563721,0.018391466552292998,0.026571868349017758
5.16939,-2.615,3.1603069215515176,0.7389088874168852,0.022048391142175685,0.029839120245600995
5.15831,-2.58698,3.1608797339926977,0.7015048562962259,0.035009977213764275,0.04990696343658744
5.14723,-2.55895,3.1614513745674393,0.7079180217984667,0.017920266861923807,0.02531404245988447
5.13615,-2.53093,3.1620241870086194,0.6991795605294863,0.033746410699312925,0.04826572829697265
5.12507,-2.50291,3.162596999449799,0.7167057307307309,0.04113334836663489,0.057392241477819086
5.11399,-2.47488,3.1631686400245416,0.7363806357833202,0.02877191965651139,0.039072075307772645
5.10291,-2.44686,3.163741452465721,0.7778197588102248,0.032788277551595205,0.04215408155965218
5.09183,-2.41883,3.1643130930404624,0.7638537870248785,0.03497505499559052,0.045787630551409955
5.08075,-2.39081,3.1648859054816425,0.7746084949589993,0.048845652415041345,0.06305850340258247
5.06967,-2.36279,3.165458717922822,0.7696118817355799,0.025077827747970263,0.032585031940276614
5.05859,-2.33476,3.1660303584975646,0.7520367703688754,0.03926802879694162,0.05221557022761079
5.04751,-2.30674,3.166603170938744,0.7550362738275329,0.02832908556915498,0.037520164992266285
5.03643,-2.27871,3.1671748115134863,0.7693036895309897,0.036909741154217614,0.04797811534833512
5.02535,-2.25069,3.167747623954666,0.7696909892642017,0.0285164202744121,0.037049180349211085
5.01427,-2.22267,3.168320436395846,0.7433479977235228,0.026312774674929436,0.03539765325999584
5.00319,-2.19464,3.1688920769705877,0.7308191889401312,0.03683270559085651,0.05039920427414208
4.99211,-2.16662,3.169464889411767,0.7269678956207055,0.022422544171613528,0.030843926267842315
4.98103,-2.13859,3.1700365299865094,0.687787131359884,0.01880070839738463,0.027335068570143364
4.96995,-2.11057,3.170609342427689,0.7075759651696998,0.02709491684277226,0.03829259072737726
4.95887,-2.08255,3.1711821548688692,0.7322910522050117,0.029436529194480556,0.0401978545359032
4.94779,-2.05452,3.171753795443611,0.7139092259965639,0.02928479918066876,0.04102034000161487
4.93671,-2.0265,3.172326607884791,0.7486924619724029,0.04057007486913737,0.05418790348477263
4.92563,-1.99847,3.1728982484595325,0.709396069651867,0.028484732094892856,0.040153495788145
4.91455,-1.97045,3.1734710609007126,0.6804892524086834,0.034038033994067414,0.05001994355323792
4.90347,-1.94243,3.1740438733418923,0.7010766298610139,0.02934714571261593,0.04186011123838759
4.89239,-1.9144,3.174615513916634,0.6960203130506197,0.027204559386102608,0.03908586987478351
4.88131,-1.88638,3.175188326357814,0.6645922524972587,0.02064467317081304,0.031063668126191695
4.87023,-1.85835,3.175759966932556,0.6927361833867888,0.03979699974600357,0.05744899819067621
4.85915,-1.83033,3.176332779373736,0.6922507475810831,0.03273042790624038,0.04728117379520298
4.84807,-1.80231,3.176905591814916,0.7171728864585163,0.02036906504286938,0.028401889457163123
4.83699,-1.77428,3.177477232389658,0.6995882078516089,0.016737881554577217,0.02392533402753913
4.82591,-1.74626,3.178050044830837,0.7633289660044891,0.020949499475599744,0.027444916161450294
4.81483,-1.71823,3.178621685405579,0.7353388633214137,0.02746718245674991,0.03735309505155871
4.80375,-1.69021,3.1791944978467592,0.7213399509704093,0.027004219079403313,0.037436189473596865
4.79267,-1.66219,3.1797673102879385,0.7252268929605006,0.019480261568236814,0.026860920020098874
4.78159,-1.63416,3.180338950862681,0.7905417621628239,0.0328386404195429,0.04153941257916655
4.77051,-1.60614,3.18091176330386,0.7495534304351106,0.027081982691861,0.03613082349064842
4.75943,-1.57811,3.1814834038786026,0.783286111612557,0.02538978591118875,0.03241444669422085
4.74835,-1.55009,3.1820562163197823,0.7212029545431742,0.022501901153129313,0.031200511605477977
4.73727,-1.52207,3.1826290287609624,0.7243383173009716,0.03781309467388557,0.05220363712744711
4.72619,-1.49404,3.183200669335704,0.752646946683569,0.02961608744192559,0.03934924279228746
4.71511,-1.46602,3.183773481776884,0.7314638419706457,0.02018627035967626,0.02759708573603882
4.70403,-1.43799,3.1843451223516253,0.7347443304575253,0.044538578768906885,0.060617791689760586
4.69295,-1.40997,3.1849179347928054,0.6930632482525713,0.030873744731316096,0.04454679253179048
4.68187,-1.38195,3.1854907472339855,0.7546231259105773,0.030132469424641175,0.039930487669962905
4.67079,-1.35392,3.186062387808727,0.7647081232544861,0.03144958989289662,0.04112626626620854
4.65971,-1.3259,3.186635200249907,0.7615707241137979,0.03567045406057264,0.04683800588852806
4.64862,-1.29787,3.1872103213139997,0.7318545320305482,0.027854017042953077,0.03805949929102909
4.63754,-1.26985,3.187783133755179,0.7508734210661504,0.023867117829741515,0.03178580724811522
4.62646,-1.24183,3.188355946196359,0.7691278369925536,0.04261462493346541,0.055406426453237304
4.61538,-1.2138,3.188927586771101,0.836707033758201,0.03159265933375613,0.0377583288523974
4.6043,-1.18578,3.1895003992122803,0.8260192658183201,0.04242620984129112,0.05136225218580145
4.59322,-1.15776,3.1900732116534605,0.8442612317728271,0.05284688844870724,0.0625954224354663
4.58214,-1.12973,3.190644852228203,0.8445181871117754,0.03142827046542683,0.03721443888959987
4.57106,-1.10171,3.191217664669382,0.8181591440436055,0.04796873442825464,0.058630077995801326
4.55998,-1.07368,3.191789305244124,0.8630650995435671,0.03603632779315595,0.04175389297077799
4.5489,-1.04566,3.1923621176853043,0.8476618395905307,0.032963394900661906,0.038887435249633416
4.53782,-1.01764,3.1929349301264844,0.8672511364060357,0.05828803221445297,0.06721009609281535
4.52674,-0.98961,3.1935065707012256,0.8621947657613317,0.03748013767583672,0.04347061611159418
4.51566,-0.96159,3.1940793831424057,0.8379151214692653,0.04208489585688844,0.050225726662019805
4.50458,-0.93356,3.194651023717148,0.8750212921496008,0.024166038994418104,0.027617658234408406
4.4935,-0.90554,3.1952238361583274,0.8486822152186229,0.05397623073023555,0.06360004930270764
4.48242,-0.87752,3.1957966485995075,0.8555215855493572,0.029950224548057184,0.03500814597077081
4.47134,-0.84949,3.196368289174249,0.8536574454726145,0.014737438272705747,0.01726387832832242
4.46026,-0.82147,3.196941101615429,0.8518913335309698,0.03679661212653716,0.04319402097215895
4.44918,-0.79344,3.1975127421901712,0.863210393309223,0.028194395709799116,0.032662252364354
4.4381,-0.76542,3.1980855546313505,0.8791992121740364,0.03366496982280144,0.038290491343317426
4.42702,-0.7374,3.1986583670725306,0.8676339851790233,0.03867964078787473,0.04458059671313332
4.41594,-0.70937,3.199230007647272,0.842781308833289,0.03102062027737197,0.036807437412578144
4.40486,-0.68135,3.1998028200884523,0.8266419544290964,0.022509477642496948,0.027230020835372026
4.39378,-0.65332,3.2003744606631943,0.8876117206593086,0.02536232630171853,0.028573672148988368
4.3827,-0.6253,3.2009472731043744,0.877151924761678,0.029847750163153077,0.03402802789409908
4.3827,-0.6253,3.2009472731043744,0.8806393847514904,0.02058377295924864,0.023373668400099117
4.36413,-0.60145,3.2046156403735964,0.9121965009890302,0.031027286352821534,0.03401381864453639
4.34557,-0.5776,3.2082805271534682,0.9351405696382644,0.048880544399978174,0.05227079862323413
4.327,-0.55375,3.211948894422691,0.9069628931335234,0.03231646483432682,0.03563151820100889
4.30843,-0.52991,3.2156184335583515,0.8893962098255818,0.03158331824135113,0.03551096563312867
4.28987,-0.50606,3.2192833203382243,0.8626949936818763,0.027746433030272213,0.03216250613887748
4.2713,-0.48221,3.222951687607446,0.8426977161895144,0.029541491043889232,0.03505585748762803
4.25273,-0.45836,3.226620054876669,0.8315223822367714,0.032596398449532986,0.039200867163490666
4.23417,-0.43451,3.230284941656541,0.9153762182123122,0.03532007465936255,0.03858530946799234
4.2156,-0.41066,3.2339533089257637,0.9456792592870815,0.02040430321411854,0.02157634632856463
4.19703,-0.38682,3.237622848061424,0.9067319760098853,0.025717817007835413,0.028363196278803158
4.17847,-0.36297,3.241287734841296,0.9327274907300678,0.03405543135170237,0.03651166250610496
4.1599,-0.33912,3.244956102110518,0.861504582124631,0.04541945431860618,0.05272108269766057
4.14133,-0.31527,3.248624469379741,0.8486490040292143,0.0352440276388773,0.04152956931728638
4.12277,-0.29142,3.2522893561596136,0.8694604783388566,0.030274226695834877,0.034819554712452426
4.1042,-0.26757,3.2559577234288364,0.8607616555689862,0.03851584034693843,0.04474623154708076
4.08563,-0.24372,3.2596260906980583,0.7116786518007403,0.02572147343874803,0.036141976963431056
4.06707,-0.21988,3.2632921493443683,0.814481799078029,0.043104215559395746,0.05292225757308332
4.0485,-0.19603,3.2669605166135907,0.8015251560060989,0.04660731791140036,0.058148290870418694
4.02993,-0.17218,3.2706288838828135,0.802395852630335,0.03446084580138623,0.042947437587594804
4.01137,-0.14833,3.2742937706626853,0.871931092430464,0.02990926752133946,0.03430232937097
3.9928,-0.12448,3.2779621379319077,0.8802153989236878,0.0186842611906763,0.021226919244452084
3.97423,-0.10063,3.28163050520113,0.8086115402255978,0.031398094480662164,0.038829639349325
3.95567,-0.07678,3.285295391981003,0.8515415605291569,0.029226178236344415,0.034321493619387126
3.9371,-0.05294,3.2889649311166633,0.8666601043602489,0.03276233087524087,0.03780297571148192
3.91853,-0.02909,3.292633298385886,0.921906419577002,0.04798464611667882,0.05204936759057996
3.89997,-0.00524,3.2962981851657576,0.7905203736628946,0.041567815998012556,0.05258285223618856
3.8814,0.01861,3.29996655243498,0.8295707986289143,0.022565118144115225,0.027200955218542006
3.86283,0.04246,3.3036349197042028,0.8350303425610278,0.03481372567964268,0.0416915696414928
3.84427,0.06631,3.3072998064840755,0.8501598970963006,0.03762673936787266,0.04425842655762267
3.8257,0.09015,3.310969345619736,0.8395199296878542,0.03299356087012437,0.03930050937848713
3.80713,0.114,3.314637712888958,0.8692028911211251,0.04027441904681684,0.04633488850326951
3.78857,0.13785,3.3183025996688302,0.9631236765789046,0.16439266251489226,0.1706869704406278
3.77,0.1617,3.3219709669380526,1.1287524010448355,0.2677510981240356,0.23720977060707946
