3.5108,13.7094,4.136852234527584,0.9077383125809486,0.04712271697484606,0.051912226598504224
3.49728,13.73786,4.137461511732498,0.843346061666764,0.03710503925580181,0.0439974062159827
3.48375,13.76633,4.138071486601349,0.8827599409958287,0.032681268700395505,0.037021694327823984
3.47023,13.79479,4.138680763806263,0.959906497577928,0.029113374457784075,0.030329385759179702
3.45671,13.82326,4.139289817474073,0.9288541982175428,0.022236456466945945,0.02393966298437082
3.44318,13.85172,4.139900015880028,0.9642235110352949,0.050323468331287854,0.05219066715896102
3.42966,13.88019,4.1405090695478375,0.9673076344528327,0.04025149426424833,0.04161188522720281
3.41614,13.90865,4.141118346752752,0.9596789850669751,0.03202258929695099,0.03336802180232816
3.40261,13.93712,4.141728321621603,0.9760646031949465,0.04333409312517768,0.044396746878569766
3.38909,13.96558,4.142337598826517,0.9724192779284321,0.04096170352880695,0.042123500077115544
3.37556,13.99405,4.142947573695367,1.0207057582328196,0.053636458461176255,0.05254840391420811
3.36204,14.02251,4.143556850900281,0.9777279805484138,0.02862021227826949,0.029272162449740093
3.34852,14.05098,4.144165904568091,1.0036674798936027,0.04649908407930347,0.04632917276968341
3.33499,14.07944,4.144776102974047,1.0359406283080541,0.03236417681347652,0.031241343305875722
3.32147,14.10791,4.145385156641856,0.9790467636701068,0.02118200334364349,0.021635333601675476
3.30795,14.13637,4.145994433846772,0.9538866752991458,0.03608475359157716,0.037829182989961276
3.29442,14.16484,4.146604408715621,0.9929234857636968,0.04991259771926603,0.050268322217070206
3.2809,14.1933,4.147213685920536,1.036400394214498,0.046988421361589296,0.04533809676635878
3.2809,14.1933,4.147213685920536,1.0428984877366039,0.02904499203935431,0.02785025808445698
3.27126,14.22233,4.14745279550659,1.1081829835713284,0.05432569551559749,0.04902231519610841
3.26161,14.25136,4.147692826293685,1.0179514219958983,0.049983716296610164,0.049102260890413654
3.25197,14.28039,4.147931935879741,1.0366597598256049,0.04065637308804932,0.03921862761885236
3.24233,14.30942,4.148171045465796,0.9613046883952496,0.04144805780300042,0.04311646276498618
3.23268,14.33845,4.148411076252891,0.9828954995017292,0.0402131215957819,0.04091291659812016
3.22304,14.36748,4.148650185838945,0.9888267069368913,0.03842043468401705,0.038854568160919534
3.2134,14.39651,4.148889295425,1.0037942377792668,0.02716203498807788,0.027059365321890582
3.20375,14.42554,4.149129326212095,0.993608508548437,0.02087293354194749,0.021007200886836976
3.19411,14.45457,4.14936843579815,0.9696293209458744,0.03870338776609121,0.03991565326050167
3.18447,14.4836,4.149607545384205,0.9385676231938955,0.03290430868493671,0.0350580052750649
3.17482,14.51263,4.1498475761713,1.0501464537326537,0.0262389949986333,0.024986034000656847
3.16518,14.54166,4.150086685757356,1.0498050120401023,0.06264375674784334,0.05967180193406274
3.15554,14.57069,4.150325795343409,1.0493811272256477,0.030358300388194166,0.028929718288774067
3.14589,14.59972,4.150565826130506,1.041836004501771,0.04175767210484258,0.04008084950453601
3.13625,14.62875,4.15080493571656,1.0212885721874116,0.04273538734372484,0.04184457606550275
3.12661,14.65778,4.151044045302615,0.9769096727128677,0.03202385113672776,0.03278076984108251
3.11696,14.68681,4.15128407608971,0.9880890335218482,0.05072144930940486,0.05133287344422625
3.10732,14.71584,4.1515231856757655,0.9707293576771147,0.04097284849672214,0.04220831292747467
3.09768,14.74487,4.15176229526182,0.9278866620327998,0.044200223348825875,0.04763536879815979
3.08803,14.7739,4.152002326048915,0.9482550885769161,0.03323934284098332,0.03505316580042499
3.07839,14.80293,4.15224143563497,0.9976829703425846,0.04070001642795501,0.040794538583714055
3.06875,14.83196,4.1524805452210245,0.9761596728659964,0.02615774410206454,0.02679658341679454
3.0591,14.86099,4.152720576008121,0.9971924624906692,0.035730316888584496,0.03583091352229192
3.04946,14.89002,4.152959685594175,0.990466704624707,0.023909474404077907,0.024139604382902836
3.03982,14.91905,4.153198795180229,1.0077909150163342,0.031388583736481956,0.031145928454785893
3.03017,14.94808,4.153438825967324,0.9931380350760088,0.038459378438436775,0.038725108776539126
3.02053,14.97711,4.15367793555338,0.9676458851691147,0.037715226133955594,0.03897626881073765
3.01089,15.00614,4.153917045139434,1.0206244430997058,0.032186636839441965,0.03153621986721086
3.00124,15.03517,4.1541570759265305,0.9854380097780144,0.04242497897864641,0.043051900330294046
2.9916,15.0642,4.154396185512584,0.9669408859331916,0.03838300738190107,0.03969529879260173
2.9916,15.0642,4.154396185512584,0.9900292891226533,0.024646791185984347,0.024895012154464546
2.98192,15.09324,4.154638756365697,1.035459110093767,0.06074651473877576,0.058666261319845654
2.97225,15.12229,4.154880182480663,1.0450927631036293,0.07198103777499533,0.06887526190616042
2.96257,15.15133,4.155122753333775,0.9898812355538629,0.03372981843278782,0.03407461139912927
2.95289,15.18037,4.155365324186889,1.027816054804225,0.030276835363491787,0.029457445446557866
2.94322,15.20942,4.155606750301855,1.0091535559799962,0.024491099242497188,0.024268952031501
2.93354,15.23846,4.1558493211549665,0.9703826489747863,0.053088137456253036,0.05470845703222424
2.92386,15.2675,4.156091892008079,1.0185946915949875,0.039557983527341294,0.03883584300385329
2.91419,15.29655,4.156333318123045,0.9707561288414268,0.039354072590323565,0.04053960765335746
2.90451,15.32559,4.156575888976159,1.0104967584548077,0.03370475821453218,0.03335464258794013
2.89483,15.35463,4.156818459829271,1.0614121961851366,0.0447390378547251,0.042150484058430304
2.88516,15.38368,4.157059885944237,1.006777536441144,0.04499256549120639,0.04468967955944918
2.87548,15.41272,4.157302456797349,1.0158042797631341,0.03740689873254142,0.03682490759072602
2.8658,15.44176,4.157545027650461,1.0706568109057566,0.03998733681302529,0.0373484167902474
2.85613,15.47081,4.157786453765428,1.0881854779957316,0.031067924628392255,0.02855021065491017
2.84645,15.49985,4.158029024618541,1.0572185796681917,0.027321486042873572,0.02584279785496054
2.83677,15.52889,4.1582715954716525,1.0460036352182962,0.044908875483803366,0.04293376616653066
2.8271,15.55794,4.15851302158662,1.0937172844884036,0.025608585000445508,0.02341426378062971
2.81742,15.58698,4.158755592439731,1.0374795045024272,0.031077985283836845,0.029955276368318982
2.80774,15.61602,4.1589981632928446,0.9865703752196501,0.018777325135104682,0.01903293024678964
2.79807,15.64507,4.15923958940781,1.0472152268069237,0.03776891225819866,0.036066045729071655
2.78839,15.67411,4.159482160260923,0.9864324818107908,0.03869251088833907,0.0392246926189123
2.77871,15.70315,4.159724731114036,0.903284001114163,0.03207513251620113,0.03550946598925454
2.76904,15.7322,4.159966157229001,0.8701728027519489,0.031185889622936284,0.03583873171433298
2.75936,15.76124,4.160208728082114,0.9497904751564384,0.027232972070051924,0.02867261020444159
2.74968,15.79028,4.160451298935227,0.9161147038367783,0.0358107889027447,0.039089852780187465
2.74001,15.81933,4.160692725050192,0.9502801265722937,0.024967860490330795,0.026274210932297485
2.73033,15.84837,4.160935295903306,0.9728669597738382,0.04175730029956589,0.04292190199292325
2.72065,15.87741,4.161177866756417,1.0035042870877713,0.02987665573962947,0.02977232496567931
2.71098,15.90646,4.161419292871384,0.9868212332565308,0.03340090232599676,0.0338469635637785
2.7013,15.9355,4.161661863724496,0.9951708209856168,0.02438441318230385,0.02450274130641565
2.7013,15.9355,4.161661863724496,0.9695654815905896,0.02493511238413599,0.02571782190845892
2.68406,15.96092,4.16268178299668,1.0113317285609156,0.03579927272074316,0.03539815048785633
2.66681,15.98634,4.163702623469906,1.0072053738552416,0.024475218137867776,0.024300126640691876
2.64957,16.01175,4.164722766279195,0.9730720028410144,0.04526914490178666,0.046521886119030575
2.63232,16.03717,4.16574360675242,1.0148671441146244,0.0546780212486286,0.05387702377174699
2.61508,16.06259,4.166763526024604,1.0280484617310262,0.04647020776122126,0.04520235133952227
2.59784,16.08801,4.167783445296788,0.990945977136658,0.013009398702374069,0.013128262289297317
2.58059,16.11342,4.168804509307119,0.9991779755797323,0.036056155261024424,0.03608581868520902
2.56335,16.13884,4.169824428579302,0.9916356870338869,0.03495875224812515,0.03525362459744807
2.5461,16.16426,4.170845269052527,0.96245616749223,0.04880580630515548,0.05070964055674722
2.52886,16.18968,4.171865188324711,1.0224164724417115,0.04430957271900864,0.04333808571490397
2.51161,16.21509,4.172886252335041,1.0840188474184052,0.04215619733312476,0.038888804778182504
2.49437,16.24051,4.173906171607226,0.9900810891820294,0.034282918836633085,0.03462637475982542
2.47713,16.26593,4.17492609087941,0.9693667427951217,0.026821551480696662,0.02766914759563344
2.45988,16.29135,4.175946931352635,0.959880872518642,0.03512906916776192,0.036597321785969514
2.44264,16.31676,4.176967074161923,0.9493846030669602,0.035170402323221585,0.037045473678006355
2.42539,16.34218,4.177987914635149,0.9679380764253107,0.03157776514418932,0.03262374516850197
2.40815,16.3676,4.179007833907333,0.9773241799371826,0.046627252840332166,0.04770909571001214
2.39091,16.39302,4.180027753179517,0.9743322963444896,0.06065484080039753,0.062252725305281385
2.37366,16.41844,4.181048593652742,0.9161608569225803,0.0270568362458751,0.0295328446325027
2.35642,16.44385,4.182068736462031,1.0044049008525164,0.024053252027581632,0.0239477644993227
2.33917,16.46927,4.183089576935257,1.03808159083773,0.04258723907835521,0.0410249439487578
2.32193,16.49469,4.184109496207441,1.0609755417011324,0.038767927616943115,0.036539888143683245
2.30469,16.52011,4.185129415479624,0.8842527294998724,0.03279897106999069,0.03709230401645644
2.28744,16.54552,4.186150479489954,0.9329858278890371,0.04158730637582837,0.04457442453324648
2.2702,16.57094,4.187170398762139,0.8855859822398282,0.02088053938080024,0.023578218038172963
2.25295,16.59636,4.188191239235364,0.9624304704976046,0.022828948673676096,0.023720101735632774
2.23571,16.62178,4.189211158507548,1.0146235961975596,0.02876508328148916,0.028350497060476647
2.21846,16.64719,4.190232222517878,1.0273259942614084,0.03478311570749903,0.03385791452936631
2.20122,16.67261,4.191252141790062,0.9881974269431085,0.03686213503060947,0.03730239932382627
2.18398,16.69803,4.192272061062246,1.048916096862333,0.04300166754062401,0.040996289092384716
2.16673,16.72345,4.193292901535472,0.9993414803814022,0.049919528573518446,0.049952423224208085
2.14949,16.74886,4.194313044344761,1.0061092214320833,0.05808233525085347,0.05772965202344513
2.13224,16.77428,4.195333884817985,1.0182496431848236,0.02281048176738917,0.02240165947521851
2.115,16.7997,4.196353804090169,1.035443217248842,0.02886329707186772,0.027875306526761647
2.115,16.7997,4.196353804090169,1.0012317097544616,0.03960078814181585,0.03955207146957761
2.09798,16.82513,4.197353233402349,0.9996131678486796,0.041416052806148115,0.041432080066814043
2.08095,16.85055,4.198353807452676,1.036474322822728,0.039035887901799904,0.03766218520058442
2.06393,16.87598,4.199353236764856,1.0366408914004595,0.03167243593410399,0.030552948660278894
2.04691,16.90141,4.200352666077036,1.03510247274374,0.03498495753802243,0.03379854503224981
2.02988,16.92683,4.201353240127362,1.0472022368321012,0.026503864098105494,0.02530921264863081
2.01286,16.95226,4.202352669439542,1.0277736265441264,0.03655171913625455,0.035563978479540445
1.99584,16.97769,4.203352098751723,1.026343237613404,0.042724596774788605,0.041627980980454234
1.97881,17.00311,4.204352672802049,1.0123813869134777,0.05076225213515665,0.05014143166926379
1.96179,17.02854,4.205352102114229,1.040185305261358,0.03291563106989438,0.031644006989335394
1.94476,17.05396,4.206352676164555,1.1100577385547192,0.031570107813523554,0.028440059212259918
1.92774,17.07939,4.207352105476734,1.0872312483301518,0.02862995414140313,0.026332902209511618
1.91072,17.10482,4.208351534788916,1.1189668924063647,0.060438527095523956,0.05401279296615245
1.89369,17.13024,4.209352108839242,1.0476432369901654,0.04087883591295807,0.039019806046189195
1.87667,17.15567,4.210351538151422,1.0491645843552804,0.049926293187755724,0.04758671225872136
1.85965,17.1811,4.211350967463601,1.0536425959220423,0.03814074628400092,0.036198941113066874
1.84262,17.20652,4.212351541513928,1.0484983966581052,0.04197871196331861,0.04003698250480687
1.8256,17.23195,4.2133509708261085,1.003581782297832,0.050775300133374425,0.05059408314200137
1.80858,17.25738,4.214350400138288,1.0958711931507046,0.03769646222037323,0.03439862499897759
1.79155,17.2828,4.215350974188614,1.081964026396814,0.02994662296761889,0.027678020929538617
1.77453,17.30823,4.216350403500795,1.0323458934102492,0.034999506860274844,0.03390288766942013
1.75751,17.33366,4.2173498328129755,1.0249408912983404,0.042940697284787915,0.041895779209660505
1.74048,17.35908,4.218350406863301,1.0484049326513984,0.04067929142147749,0.03880112555231903
1.72346,17.38451,4.219349836175481,1.0266741956914311,0.047618178377909895,0.04638100244239666
1.70644,17.40994,4.220349265487661,1.0131190203837221,0.03841177013770602,0.037914370735195
1.68941,17.43536,4.221349839537988,0.9873175461151245,0.028733303822989643,0.029102393587603928
1.67239,17.46079,4.222349268850167,1.0293865831528959,0.03444140905132076,0.03345818724956622
1.65536,17.48621,4.223349842900494,1.0251145729877722,0.05037144229022966,0.04913737802343242
1.63834,17.51164,4.224349272212675,1.0325996028909272,0.037052176662851065,0.03588242389316981
1.62132,17.53707,4.2253487015248545,1.006993065587367,0.03849751917814703,0.03823017307044899
1.60429,17.56249,4.22634927557518,1.0951510619921643,0.052250194459998026,0.0477104906102642
1.58727,17.58792,4.22734870488736,1.187425164582337,0.02725314177837546,0.02295146051411285
1.57025,17.61335,4.228348134199541,1.018532595709755,0.03536207121147426,0.03471864460737511
1.55322,17.63877,4.229348708249867,0.9873440606337336,0.04193254046507761,0.04247003869974457
1.5362,17.6642,4.230348137562046,1.0008169584629991,0.039205548446818145,0.039173545287469864
1.5362,17.6642,4.230348137562046,0.8941813469151049,0.03428438180232436,0.03834164280053963
1.52078,17.69102,4.231169103050027,1.0077539825424666,0.02957875230671436,0.029351163894277058
1.50536,17.71783,4.2319902920751105,0.9951259263579741,0.03215190829788777,0.03230938662763957
1.48993,17.74465,4.232812178764131,1.0678030293967185,0.04612683513320597,0.0431978874973472
1.47451,17.77146,4.233633367789215,0.993531617771447,0.03828951106961764,0.0385387947245236
1.45909,17.79828,4.234454333277194,0.975103810672621,0.029268358680479178,0.03001563357678813
1.44367,17.82509,4.2352755223022776,0.9956342544442652,0.028533722974019852,0.02865884017816017
1.42825,17.85191,4.236096487790257,1.0103086645304262,0.03633934215045422,0.03596855438960737
1.41282,17.87873,4.236918374479277,1.041300324231806,0.03194103278098373,0.03067417923311169
1.3974,17.90554,4.237739563504362,1.0484231278370766,0.05602713398046105,0.05343942964711819
1.38198,17.93236,4.23856052899234,0.9978884635781451,0.03555852636008216,0.03563376835982186
1.36656,17.95917,4.239381718017425,1.065386928741361,0.04207561441756206,0.03949327073804991
1.35114,17.98599,4.240202683505403,1.0194870582792739,0.04756722028393291,0.04665799325027092
1.33572,18.0128,4.241023872530488,0.9749698926319595,0.03022948237897504,0.03100555474320307
1.32029,18.03962,4.241845759219508,1.0471211941613077,0.05853500129636289,0.055900884847667066
1.30487,18.06643,4.242666948244593,1.0291365357319069,0.028092066914161114,0.027296734630242667
1.28945,18.09325,4.243487913732571,0.9873399339898681,0.04932494180188501,0.04995740585773893
1.27403,18.12007,4.244308879220551,0.994774591099484,0.044899959154240734,0.045135812229195195
1.25861,18.14688,4.2451300682456345,1.0380441911929892,0.03619863508560193,0.03487195958777059
1.24318,18.1737,4.245951954934655,1.0237302534738477,0.03174896205815848,0.031013015343078886
1.22776,18.20051,4.246773143959739,1.0480481765981315,0.04771960946131553,0.04553188539119358
1.21234,18.22733,4.247594109447719,0.9723742193579037,0.051161067554661516,0.052614586582154704
1.19692,18.25414,4.2484152984728025,1.0090850714596928,0.030216609875867828,0.029944561395758205
1.1815,18.28096,4.249236263960782,1.0547454481457734,0.032315599756509994,0.030638292692630558
1.16608,18.30778,4.2500572294487595,1.0766998005661743,0.05688001361872131,0.05282810825153993
1.15065,18.33459,4.250879339674886,1.2163414548600344,0.05084410286646551,0.04180084684552348
1.13523,18.36141,4.251700305162864,1.0212410099151021,0.058697687040067496,0.05747682130875958
1.11981,18.38822,4.252521494187949,1.0993309169948788,0.05234901168570785,0.04761897521158474
1.10439,18.41504,4.253342459675928,1.0321767473477208,0.056507693387334364,0.05474614065133362
1.08897,18.44185,4.254163648701013,0.9386836995450789,0.031646812982946325,0.03371403274423914
1.07354,18.46867,4.254985535390032,1.059306986338998,0.043881349745005425,0.04142458259117209
1.05812,18.49548,4.255806724415117,1.0954494720424919,0.05367692939817328,0.048999913522338324
1.0427,18.5223,4.256627689903096,1.0908580179304024,0.0592378470189285,0.054303902107549915
1.0427,18.5223,4.256627689903096,1.0738738526612854,0.03473587799997191,0.03234632998455926
1.02851,18.54889,4.257340489016478,1.0879774605173764,0.05117041882920622,0.047032609301366095
1.01432,18.57548,4.258053288129861,1.075327947437319,0.035654789568285536,0.033157130950847775
1.00014,18.60206,4.258765389579308,1.1328792822875235,0.04734725002875896,0.041793729278158234
0.98595,18.62865,4.259478188692691,0.9896632443307192,0.022233268405989236,0.02246548867339714
0.97176,18.65524,4.260190987806073,1.0970445023500917,0.058258883429410734,0.05310530548633934
0.95757,18.68183,4.260903786919456,1.1356925159721818,0.03894204418913948,0.03428924963532413
0.94338,18.70842,4.261616586032838,1.0622639764985915,0.05252097412406908,0.04944248820070829
0.9292,18.735,4.262328687482286,1.0849026335547234,0.036076431846432895,0.03325315169364751
0.91501,18.76159,4.263041486595669,1.0802740699926552,0.0344218988137917,0.031864042440661135
0.90082,18.78818,4.263754285709051,1.0762217558215754,0.05273736751698372,0.04900232431811845
0.88663,18.81477,4.264467084822433,1.131367673905849,0.04246718032229883,0.03753614435145413
0.87245,18.84135,4.265179186271881,1.0786633055736135,0.039199017399115264,0.036340364223542344
0.85826,18.86794,4.265891985385264,1.0555721520404369,0.02886669654041581,0.02734696674653272
0.84407,18.89453,4.2666047844986466,1.0189267108180444,0.03483697040262084,0.03418986864585384
0.82988,18.92112,4.267317583612029,0.988370606026287,0.036223306731291344,0.03664951841994372
0.81569,18.94771,4.268030382725412,1.0407153932373432,0.042662640471845224,0.04099357110413729
0.80151,18.97429,4.268742484174859,1.036479106428196,0.038038030472299006,0.0366992737590067
0.78732,19.00088,4.2694552832882415,1.011312292020865,0.029667377103081212,0.029335525076826737
0.77313,19.02747,4.270168082401624,1.0644693531530423,0.05964810340387274,0.056035529089860925
0.75894,19.05406,4.270880881515007,1.0817996959018437,0.040261998297017425,0.03721760918360488
0.74475,19.08065,4.2715936806283885,1.1433204653976508,0.0752323313738319,0.06580161350270751
0.73057,19.10723,4.2723057820778365,1.0801022531188276,0.03913559428091924,0.036233230851906884
0.71638,19.13382,4.273018581191219,1.0932405158348455,0.039696451313488035,0.03631081243195064
0.70219,19.16041,4.273731380304603,1.1215425771668912,0.04873555157950751,0.04345403604972138
0.688,19.187,4.2744441794179835,1.055248391396623,0.040607973208575426,0.038481909605027405
0.67382,19.21358,4.2751562808674315,1.0249802467636824,0.041094218215933564,0.040092692854995254
0.65963,19.24017,4.275869079980814,0.9967106406092332,0.05022771131439554,0.0503934735598831
0.64544,19.26676,4.276581879094198,0.9432754790045144,0.034612731582501166,0.03669419204984498
0.63125,19.29335,4.277294678207579,1.0085584440717692,0.024932305817404937,0.024720734791280723
0.61706,19.31994,4.278007477320962,0.9196982355663563,0.026490019185135535,0.0288029466195755
0.60288,19.34652,4.278719578770409,0.9378640727705578,0.014652172641743063,0.015622917080573166
0.58869,19.37311,4.279432377883793,1.0008215160187746,0.04023568444692722,0.04020265731994158
0.5745,19.3997,4.280145176997174,1.0490336032794123,0.042130453153189765,0.04016120458056312
0.5745,19.3997,4.280145176997174,0.9839596033300697,0.029576832556818047,0.03005899069099942
0.56307,19.42813,4.28056259379587,1.0727106303850955,0.04314908515225119,0.040224347489463186
0.55163,19.45656,4.280980931795607,1.018317068755064,0.05417098213002179,0.05319657677568748
0.5402,19.48498,4.281398572131408,1.0623289577500967,0.05325914941698981,0.050134328946268396
0.52876,19.51341,4.281816910131146,1.0542914529590675,0.03768992547197343,0.03574905721391325
0.51733,19.54184,4.282234326929841,1.0013890894934856,0.05797050799322705,0.057890093472607346
0.50589,19.57027,4.282652664929578,1.0272278282657712,0.0363859255971483,0.035421475738811756
0.49446,19.5987,4.283070081728274,1.030570238106954,0.03819003212301245,0.03705718514942117
0.48303,19.62712,4.283487722064075,1.101387522021662,0.024392643338479878,0.022147194198918956
0.47159,19.65555,4.283906060063813,1.0906977886769442,0.021340414514328058,0.019565836417633844
0.46016,19.68398,4.284323476862507,1.0636853691415795,0.06392367871416485,0.060096416260527155
0.44872,19.71241,4.284741814862245,1.1323449609756369,0.046801205022677685,0.041331225585490676
0.43729,19.74084,4.285159231660941,1.1489332411907203,0.046935333362235106,0.04085122762536901
0.42585,19.76927,4.285577569660677,1.1294092441609116,0.08099001734373128,0.07171007122746048
0.41442,19.79769,4.2859952099964795,1.1349988605620607,0.04866115944435982,0.04287331127386544
0.40298,19.82612,4.286413547996216,1.1379749118209124,0.057415744493190486,0.050454314850682955
0.39155,19.85455,4.286830964794912,1.1222646016595648,0.03881704270473075,0.03458813781289145
0.38012,19.88298,4.287248381593607,1.1131387661558416,0.06061002742549241,0.05444966006781484
0.36868,19.91141,4.287666719593345,1.1316337242482493,0.05490997979135249,0.04852274955646935
0.35725,19.93983,4.288084359929145,1.0977435578993766,0.05939564579654743,0.054107031983139965
0.34581,19.96826,4.288502697928882,1.1759084848241108,0.057797082695688444,0.049151004046317066
0.33438,19.99669,4.288920114727579,1.2545590861001783,0.04083138354020352,0.03254640135533886
0.32294,20.02512,4.289338452727315,1.1176806979383038,0.039686734017231266,0.035508114339308366
0.31151,20.05355,4.289755869526011,1.1257986220362626,0.05004455294861214,0.044452490853200015
0.30007,20.08198,4.290174207525748,1.1680571368292199,0.046949307128148404,0.040194358347568404
0.28864,20.1104,4.29059184786155,1.1595334097910792,0.04281972383962103,0.03692840885657287
0.27721,20.13883,4.291009264660245,1.208140969425219,0.06356027311947983,0.05260998072908582
0.26577,20.16726,4.291427602659982,1.198497309299459,0.03918623429238442,0.032696138729997985
0.25434,20.19569,4.291845019458678,1.1782839538063887,0.0793458970288858,0.06734021690829511
0.2429,20.22412,4.292263357458414,1.1520221150426484,0.04549813866187374,0.039494153860222876
0.23147,20.25254,4.292680997794216,1.158276705912541,0.07051517188170839,0.060879383589220556
0.22003,20.28097,4.293099335793952,1.2478416184222487,0.06290135731115493,0.05040812582504373
0.2086,20.3094,4.293516752592648,1.1517258330820945,0.047381131464554326,0.041139245212343016
0.2086,20.3094,4.293516752592648,1.0754906586173105,0.018504912892242403,0.01720601917271228
0.19333,20.33559,4.294337982902662,1.2158451057009594,0.02476906380042405,0.020371890863634463
0.17806,20.36177,4.295159436749782,1.3076591453272628,0.08388873081737187,0.06415183277472308
0.1628,20.38796,4.295979745858754,1.3477645183192875,0.06401380798424874,0.04749628522946749
0.14753,20.41414,4.296801199705874,1.3063652596497382,0.07605721388733305,0.05822048108331162
0.13226,20.44033,4.297622430015888,1.4382345952610605,0.06305555226649424,0.043842327582899465
0.11699,20.46651,4.298443883863007,1.3423581205695254,0.04937200774997262,0.03678005667297297
0.10173,20.4927,4.299264192971981,1.2350050462027502,0.05768949859213941,0.04671195374425098
0.08646,20.51888,4.3000856468191,1.2007918646557212,0.04742656706931096,0.039496076268728406
0.07119,20.54507,4.300906877129115,1.3877541928981079,0.029494137658719336,0.021253142530324794
0.05592,20.57125,4.301728330976233,1.2528858511514172,0.06599386363129722,0.052673484636008995
0.04066,20.59744,4.302548640085207,1.1827496098097643,0.060371901063304714,0.051043687152866654
0.02539,20.62362,4.303370093932326,1.316332616326425,0.06709051328774208,0.05096775120180182
0.01012,20.64981,4.304191324242339,1.259112469081013,0.05505109042511846,0.04372213902805564
-0.00515,20.67599,4.305012778089459,1.1614602883724074,0.06517881750327964,0.056117990563945036
-0.02041,20.70218,4.305833087198432,1.2863768375238493,0.04423335205721906,0.03438599854018203
-0.03568,20.72836,4.306654541045552,1.3846003246156389,0.06212002241061629,0.044864948610972365
-0.05095,20.75455,4.307475771355566,1.3323375668814257,0.0831300783974591,0.06239415630382615
-0.06622,20.78074,4.30829700166558,1.297370554000056,0.03456446627490044,0.02664193831772364
-0.08149,20.80692,4.309118455512699,1.4216325237586214,0.054608718336084036,0.03841268219701763
-0.09675,20.83311,4.309938764621672,1.2759117228666736,0.04829793694849742,0.03785366658438039
-0.11202,20.85929,4.310760218468791,1.3407372880265263,0.05515755500722979,0.041139718794886315
-0.12729,20.88548,4.311581448778806,1.2520252448795566,0.0956788225696189,0.07641924390975287
-0.14256,20.91166,4.312402902625925,1.2995394807727474,0.07739535962957673,0.059555989467557385
-0.15782,20.93785,4.313223211734898,1.3264210408557198,0.04169965237361267,0.03143771931325124
-0.17309,20.96403,4.314044665582018,1.2693575256767449,0.04971494896127263,0.039165442324665484
-0.18836,20.99022,4.314865895892031,1.439452815984178,0.057883783779833144,0.040212352316846896
-0.20363,21.0164,4.31568734973915,1.3268201627843388,0.05573747200288136,0.04200830946517725
-0.21889,21.04259,4.316507658848124,1.3798750231788262,0.07394035173900027,0.053584817825503825
-0.23416,21.06877,4.317329112695243,1.4871358329773958,0.051598095802153195,0.034696289779292455
-0.24943,21.09496,4.318150343005256,1.420933996415814,0.06416890638354925,0.04515966719454238
-0.2647,21.12114,4.318971796852376,1.2362030810099174,0.056715888012133606,0.04587910261944947
-0.27996,21.14733,4.3197921059613495,1.3248351258134339,0.03912666428928346,0.029533232873230262
-0.29523,21.17351,4.320613559808469,1.4640173551723616,0.060055645385052404,0.04102112941002802
-0.3105,21.1997,4.321434790118483,1.4658574637156823,0.049499508719782766,0.03376829599401193
-0.3105,21.1997,4.321434790118483,1.3556986666731554,0.030240528462073844,0.022306231617298267
-0.32627,21.2257,4.322306327685544,1.4929731587978567,0.07271046783566266,0.04870179172826469
-0.34204,21.25169,4.323178088789709,1.516398062405954,0.03643367734023216,0.024026459966867537
-0.3578,21.27769,4.32404870515573,1.4702499249117489,0.05476017632345246,0.037245488264003423
-0.37357,21.30369,4.32492024272279,1.4492823968665056,0.09131262283294504,0.06300540393671525
-0.38934,21.32969,4.325791780289851,1.4295811244340229,0.057668338780838824,0.04033932583131297
-0.40511,21.35568,4.326663541394017,1.4178496862666925,0.07488951822472191,0.052819081564218405
-0.42087,21.38168,4.327534157760037,1.3626248658241766,0.05890298492477792,0.043227586991927344
-0.43664,21.40768,4.328405695327098,1.3041399287398985,0.04493888602157384,0.0344586382421365
-0.45241,21.43367,4.329277456431265,1.3582014224626247,0.05014783208060696,0.03692223498756271
-0.46818,21.45967,4.330148993998325,1.4374276560049237,0.03987655612900707,0.027741609090670284
-0.48394,21.48567,4.331019610364344,1.5174468590961347,0.0686053265410593,0.045211024115812515
-0.49971,21.51166,4.33189137146851,1.3325314912747297,0.060287886102013834,0.045243122955646684
-0.51548,21.53766,4.332762909035571,1.3280495097071063,0.09563332402196476,0.0720103605497781
-0.53125,21.56366,4.333634446602632,1.3742804023487225,0.06865691874173889,0.04995844998182347
-0.54701,21.58966,4.334505062968652,1.4026542002870097,0.0840343971452713,0.05991098670511682
-0.56278,21.61565,4.335376824072818,1.3728707129148172,0.07680583150106687,0.05594542208420791
-0.57855,21.64165,4.336248361639878,1.4779526021442613,0.053293946163747954,0.036059306696593234
-0.59432,21.66765,4.337119899206939,1.4634683300840081,0.05083263608200463,0.034734360175109946
-0.61009,21.69364,4.337991660311105,1.5069667041462202,0.049663141352419116,0.03295569916427319
-0.62585,21.71964,4.338862276677125,1.5339227932873256,0.060515133765899544,0.03945122533593136
-0.64162,21.74564,4.339733814244187,1.5936453518321616,0.094893805197109,0.05954512093171339
-0.65739,21.77164,4.340605351811247,1.5876728500756747,0.04791116955392666,0.030176978558046783
-0.67316,21.79763,4.341477112915413,1.459392497938999,0.07290836622222092,0.04995802453773366
-0.68892,21.82363,4.342347729281433,1.4761674499502422,0.08124912249240877,0.05504058668625126
-0.70469,21.84963,4.343219266848494,1.53264633459878,0.07652645801393765,0.049930930760990554
-0.72046,21.87562,4.3440910279526594,1.4935766825981451,0.04792800935601776,0.03208941992361904
-0.73623,21.90162,4.344962565519721,1.5082489559799177,0.07367552311602998,0.04884838330165631
-0.75199,21.92762,4.34583318188574,1.7236823440152864,0.061630704957466545,0.03575525686124913
-0.76776,21.95361,4.3467049429899065,1.6420100634723238,0.07580825130792243,0.04616795779412724
-0.78353,21.97961,4.347576480556968,1.7059153419626,0.08103774270511246,0.047503965004430514
-0.7993,22.00561,4.348448018124028,1.6173457134562947,0.03915721509553239,0.02421078855914656
-0.81506,22.03161,4.349318634490047,1.5496815366415917,0.08111783978120951,0.052344844965375836
-0.83083,22.0576,4.350190395594214,1.4961328295840273,0.07024597451634167,0.04695169648531293
-0.8466,22.0836,4.351061933161275,1.611681667987002,0.103794218471928,0.06440119071501724
-0.8466,22.0836,4.351061933161275,1.4262110152057004,0.04269789005944634,0.029937989262611382
-0.86487,22.10846,4.352189254218574,1.483813255732201,0.07148447757579292,0.048176195555362025
-0.88314,22.13331,4.353316798812979,1.4840275962990916,0.05991728185189283,0.04037477604952642
-0.90141,22.15817,4.354444119870278,1.5420640473803922,0.054235061311408456,0.03517043368175349
-0.91968,22.18302,4.355571664464683,1.4924107626186687,0.043803249552724556,0.029350665815264482
-0.93795,22.20788,4.356698985521983,1.5565685155342428,0.05791429911660429,0.037206392483614535
-0.95622,22.23274,4.357826306579282,1.6243850972022542,0.09519349302624015,0.05860278648837388
-0.97449,22.25759,4.358953851173688,1.5537015546463717,0.08349898563305984,0.05374197212029212
-0.99276,22.28245,4.360081172230987,1.5995181340182982,0.051753704486813996,0.032355809781786406
-1.01104,22.3073,4.361209638026433,1.5615383281692825,0.10694058070486981,0.06848412157147939
-1.02931,22.33216,4.3623369590837315,1.521240883021657,0.06376521108760509,0.04191657731479552
-1.04758,22.35701,4.363464503678137,1.622155487517673,0.06372195023681934,0.039282270242990566
-1.06585,22.38187,4.364591824735435,1.487824540631298,0.03724772239885237,0.025035023540509564
-1.08412,22.40673,4.365719145792736,1.577300214941033,0.06960852546282983,0.044131437251742296
-1.10239,22.43158,4.36684669038714,1.5670460368756214,0.05886804093932816,0.0375662485683569
-1.12066,22.45644,4.36797401144444,1.5572055143851313,0.07690555392213827,0.04938690058036734
-1.13893,22.48129,4.369101556038845,1.5885157867075672,0.10425978065044467,0.0656334557848735
-1.1572,22.50615,4.370228877096143,1.5025413769439573,0.042193016648069494,0.02808110132307074
-1.17547,22.53101,4.3713561981534435,1.5676110744575886,0.08803319016237093,0.05615754545037992
-1.19374,22.55586,4.372483742747848,1.4820170065928753,0.049377195911589844,0.033317563625742015
-1.21201,22.58072,4.373611063805147,1.487621558574038,0.04257933201589446,0.028622421993338778
-1.23028,22.60557,4.374738608399553,1.558361694094406,0.0846824612085005,0.05434069736789257
-1.24855,22.63043,4.375865929456852,1.489179968877885,0.05724280086258412,0.038439142386341156
-1.26682,22.65529,4.376993250514151,1.5450558974204478,0.0449465885599667,0.029090590596112024
-1.28509,22.68014,4.378120795108556,1.3833200257537583,0.09720095372218585,0.07026642563727938
-1.30336,22.705,4.379248116165856,1.3580226499041903,0.0593848108947231,0.04372888103074919
-1.32164,22.72985,4.380376581961301,1.414058228503063,0.06806417946041098,0.04813392976926024
-1.33991,22.75471,4.381503903018602,1.432234687068399,0.040899274568980314,0.02855626590967147
-1.35818,22.77956,4.382631447613005,1.4892684798095648,0.06128447205053013,0.04115072123084662
-1.37645,22.80442,4.3837587686703055,1.4081525444179959,0.08355855190258688,0.05933913355752412
-1.39472,22.82928,4.384886089727604,1.3537596714495872,0.10867866910152953,0.08027914510494902
-1.41299,22.85413,4.386013634322009,1.3463527569969562,0.04827518128980689,0.03585626503820947
-1.43126,22.87899,4.387140955379309,1.2809479547220157,0.03649884457993643,0.02849362024849574
-1.44953,22.90384,4.388268499973714,1.2555582567553316,0.054043561945141545,0.043043452308460205
-1.4678,22.9287,4.389395821031013,1.343046216860189,0.07856281705774593,0.05849598924556168
-1.4678,22.9287,4.389395821031013,1.3349318119503333,0.05368433048441842,0.04021503570731878
-1.4874,22.95255,4.390668239074402,1.4658168437943764,0.05411935359582706,0.03692095218099355
-1.50699,22.9764,4.391939735916749,1.5958195454692596,0.06515644205546547,0.04082945483432205
-1.52659,23.00025,4.393212153960136,1.6450640172919417,0.06333144961548373,0.03849786327448715
-1.54619,23.02411,4.3944843484664196,1.5646250779456021,0.09105598812197879,0.058196682007384114
-1.56578,23.04796,4.395755845308767,1.3461806758733728,0.1250364478161958,0.09288236717190645
-1.58538,23.07181,4.397028263352155,1.1853240731188726,0.0937570268395177,0.07909822213668573
-1.60498,23.09566,4.398300681395543,1.1723006115567487,0.06632772458027746,0.05657910942501173
-1.62458,23.11951,4.399573099438932,1.1633960946242996,0.06698895393979565,0.05758052158618314
-1.64417,23.14336,4.400844596281279,1.3601734458749106,0.09795475436658954,0.07201637016489588
-1.66377,23.16722,4.402116790787562,1.4582802933514918,0.0624227075730593,0.042805699190788866
-1.68337,23.19107,4.4033892088309505,1.5067587425914977,0.07809493012588113,0.051829750787816535
-1.70296,23.21492,4.404660705673297,1.4858684830711903,0.09299156869516874,0.06258398354540869
-1.72256,23.23877,4.405933123716685,1.5319458104603307,0.07814038661139162,0.051007278506745225
-1.74216,23.26262,4.4072055417600735,1.5021002530529572,0.06851579020718356,0.04561332711843169
-1.76175,23.28647,4.408477038602421,1.4976878694112896,0.0888231462258864,0.059306847601563975
-1.78135,23.31032,4.409749456645809,1.5300221006382984,0.05319568797462597,0.03476792129501506
-1.80095,23.33418,4.411021651152091,1.5642729948798886,0.057698667909271084,0.036885293103012
-1.82055,23.35803,4.412294069195481,1.5342912244213935,0.06147265770166631,0.04006583412796919
-1.84014,23.38188,4.4135655660378275,1.6331291469461675,0.0875473990658309,0.053607149948635816
-1.85974,23.40573,4.414837984081216,1.600853327477487,0.06767470549458728,0.04227414487823463
-1.87934,23.42958,4.4161104021246045,1.5061005639159002,0.126493102274425,0.08398715550941678
-1.89893,23.45343,4.417381898966951,1.3020233202246574,0.09526920633982477,0.07317012288488547
-1.91853,23.47728,4.418654317010339,1.3450415875587463,0.0517420683532152,0.03846874983778545
-1.93813,23.50114,4.419926511516621,1.4351676264391888,0.060935055767795634,0.04245849379907092
-1.95772,23.52499,4.42119800835897,1.4245672563203138,0.1474688693481021,0.10351836229130887
-1.97732,23.54884,4.422470426402358,1.2624966716489538,0.07152715113664924,0.05665531857856484
-1.99692,23.57269,4.423742844445746,1.3504819020098728,0.0421568189480171,0.03121613024600822
-2.01652,23.59654,4.425015262489135,1.2765628525988237,0.06533829025603723,0.051182979453790065
-2.03611,23.62039,4.426286759331481,1.2911223691859115,0.05048973890449851,0.039105308768164
-2.05571,23.64425,4.427558953837764,1.3461548802242491,0.043815146594206066,0.03254836961026886
-2.07531,23.6681,4.428831371881153,1.3714283883468616,0.08089167136725309,0.05898351824608283
-2.0949,23.69195,4.4301028687235,1.3489680513582152,0.06419349578768375,0.04758711351469756
-2.1145,23.7158,4.431375286766888,1.490941193146032,0.06564424392061587,0.044028727774366526
-2.1145,23.7158,4.431375286766888,1.4242276557001194,0.04175641660156904,0.029318639077432106
-2.13436,23.73926,4.432680373984454,1.4445476857385544,0.07471659528563332,0.05172317675856643
-2.15422,23.76272,4.433985461202019,1.3217560975706426,0.06628751390244512,0.05015109370350555
-2.17407,23.78618,4.435289627218543,1.4176941496796538,0.10602226903250513,0.0747850084988093
-2.19393,23.80964,4.436594714436107,1.5735232534649124,0.06461902023859642,0.041066453956943284
-2.21379,23.8331,4.437899801653673,1.5723589412260144,0.043541574462053825,0.027691879583235098
-2.23365,23.85656,4.439204888871239,1.5579941897199159,0.06428350323396533,0.04126042552541336
-2.2535,23.88002,4.440509054887762,1.467700999177284,0.07388623171330864,0.050341474015978306
-2.27336,23.90348,4.441814142105327,1.516334380679662,0.0454948970700259,0.030003208823659238
-2.29322,23.92695,4.443119005785787,1.380488067000364,0.038885083042692156,0.02816763431152636
-2.31308,23.95041,4.444424093003352,1.4056952171461543,0.09187398382263609,0.06535839540605315
-2.33293,23.97387,4.4457282590198774,1.3613456228254819,0.04940393363671327,0.03629051492021187
-2.35279,23.99733,4.447033346237442,1.4365756740973108,0.04387138969752886,0.03053886439020761
-2.37265,24.02079,4.448338433455008,1.3870157878342226,0.033015328247854255,0.023803138030178122
-2.39251,24.04425,4.449643520672572,1.399262870673018,0.05520764545083651,0.039454806246865336
-2.41236,24.06771,4.450947686689097,1.407620744573465,0.05005918485813453,0.03556297749313391
-2.43222,24.09117,4.452252773906662,1.5017245019017564,0.04745171581275708,0.03159814982885682
-2.45208,24.11463,4.453557861124227,1.363325632760409,0.06149142198273364,0.045103987268418175
-2.47194,24.13809,4.454862948341792,1.4270951076981364,0.07054084528205691,0.04942967353860338
-2.49179,24.16155,4.456167114358316,1.3453810756426035,0.07313832612922816,0.054362535235077995
-2.51165,24.18501,4.457472201575882,1.4992449372645644,0.06654584159115529,0.04438623732328286
-2.53151,24.20847,4.4587772887934465,1.402942124741477,0.07675636882581834,0.054711001595994124
-2.55137,24.23193,4.4600823760110115,1.5325665656343226,0.03791596960268122,0.0247401779817557
-2.57122,24.25539,4.461386542027537,1.4795812183294057,0.08101979389021581,0.05475859850511972
-2.59108,24.27885,4.462691629245102,1.4248861036179696,0.057275120386350915,0.04019627971732056
-2.61094,24.30232,4.463996492925561,1.4003480717304397,0.11523684288735132,0.08229157108414532
-2.6308,24.32578,4.465301580143126,1.3493558583537324,0.046604542497140966,0.03453836303345535
-2.65065,24.34924,4.466605746159651,1.3171166589174077,0.07278150530499473,0.055258207245527394
-2.67051,24.3727,4.467910833377216,1.4776440154998443,0.0773467646472812,0.052344653946381686
-2.69037,24.39616,4.46921592059478,1.305823111267402,0.0488695300783416,0.03742431088611225
-2.71023,24.41962,4.470521007812346,1.2244521003980513,0.054943682992039146,0.04487205581515011
-2.73008,24.44308,4.47182517382887,1.1934512331875071,0.05338758624296712,0.04473378112013666
-2.74994,24.46654,4.473130261046435,1.1451104133977925,0.05343492834963043,0.046663559884218796
-2.7698,24.49,4.4744353482640005,1.1520760412064477,0.07491841890910701,0.06502905731001303
-2.7698,24.49,4.4744353482640005,1.1202451141167267,0.029270994109305986,0.026129097766594698
-2.79168,24.51143,4.475971896124236,1.1464684614084542,0.043897679403447645,0.038289478412270206
-2.81356,24.53286,4.47750844398447,1.3388439630628253,0.03960944498007955,0.02958481053271245
-2.83545,24.55429,4.479045913045746,1.3755373303452667,0.054300115102908685,0.03947556631507709
-2.85733,24.57571,4.480582684443085,1.3589715340935473,0.061205836723793886,0.045038350832432274
-2.87921,24.59714,4.4821192323033205,1.3745817166913872,0.07031308171723616,0.0511523475566658
-2.90109,24.61857,4.483655780163555,1.302308153214002,0.052657984772559605,0.04043435084285046
-2.92298,24.64,4.48519324922483,1.4026163960072662,0.07202042453621733,0.05134719994806351
-2.94486,24.66143,4.486729797085065,1.449293858198533,0.052890310100537526,0.0364938482291507
-2.96674,24.68286,4.488266344945299,1.4041695511155006,0.028254388280783364,0.020121778212850085
-2.98862,24.70429,4.489802892805534,1.4293046812728445,0.039385227936877536,0.027555515946259723
-3.0105,24.72571,4.491339664202873,1.403901891800225,0.06051514739920973,0.043104968910335384
-3.03239,24.74714,4.492877133264149,1.39956845226902,0.045796339281343704,0.03272175734391368
-3.05427,24.76857,4.494413681124383,1.3360438012749436,0.030088077326694197,0.02252027762711231
-3.07615,24.79,4.4959502289846185,1.2533430076595298,0.04676383219976138,0.03731128024329694
-3.09803,24.81143,4.497486776844853,1.3608697711689302,0.04371736100424147,0.03212457351204891
-3.11991,24.83286,4.499023324705087,1.3230395225038305,0.05673964255655799,0.04288582585135412
-3.1418,24.85429,4.500560793766363,1.3034845402711017,0.06798173156462213,0.05215384568387987
-3.16368,24.87571,4.5020975651637025,1.3110784029559182,0.038848523466902936,0.029630968963653293
-3.18556,24.89714,4.503634113023938,1.3146853644980392,0.05673435743915653,0.043154323438306705
-3.20744,24.91857,4.505170660884172,1.2240718728100106,0.04413001622448347,0.036051817875021895
-3.22932,24.94,4.506707208744406,1.1850943550469126,0.054871404356164645,0.04630129586094647
-3.25121,24.96143,4.508244677805681,1.147350485952824,0.022543556117104322,0.019648360630084967
-3.27309,24.98286,4.509781225665916,1.1979233527365802,0.05258244701230362,0.04389466729418234
-3.29497,25.00429,4.511317773526151,1.1759158324527892,0.04071553831186538,0.03462453450170724
-3.31685,25.02571,4.512854544923491,1.1663704258523329,0.04344797895497218,0.037250583512714056
-3.33874,25.04714,4.514392013984766,1.1726605084095327,0.03535379635770184,0.030148364427869945
-3.36062,25.06857,4.5159285618450005,1.152090145049121,0.03854538733705162,0.033456919584541875
-3.3825,25.09,4.5174651097052365,1.178968753064574,0.05407157602178169,0.04586345132661892
-3.3825,25.09,4.5174651097052365,1.1707540475766853,0.0531008175083911,0.04535608278980813
-3.40438,25.11181,4.518993163155461,1.2458161980985003,0.03767098211868167,0.030237993514756995
-3.42626,25.13363,4.520520993068581,1.2416288098271784,0.05004994611847296,0.04030991043566344
-3.44814,25.15544,4.522049046518805,1.1748012209365875,0.07379116955086192,0.06281162143501463
-3.47002,25.17726,4.523576876431925,1.1694216427313742,0.03740411950964793,0.03198514388897791
-3.4919,25.19907,4.52510492988215,1.1829714479250757,0.046407640314750954,0.03922972139027502
-3.51379,25.22089,4.5266336809963095,1.1720863100336383,0.034037766297833734,0.02904032408403172
-3.53567,25.2427,4.528161734446535,1.1900547132489856,0.05480791750794245,0.04605495604341633
-3.55755,25.26451,4.529689787896759,1.2089668179553006,0.06931901468485645,0.0573374005434609
-3.57943,25.28633,4.531217617809879,1.1337243205701684,0.03932498724634863,0.034686551688836886
-3.60131,25.30814,4.532745671260104,1.1164753695118221,0.04715836271796016,0.04223860553106524
-3.62319,25.32996,4.534273501173224,1.0801105729988176,0.05078715963729196,0.04702033375739167
-3.64507,25.35177,4.535801554623448,1.0929438280491865,0.05448791872844015,0.04985427185740784
-3.66695,25.37359,4.537329384536568,1.0839161451131303,0.03671111124068686,0.033868958780806105
-3.68883,25.3954,4.538857437986793,1.032459474252677,0.03457453147531887,0.0334875434218325
-3.71071,25.41721,4.540385491437017,1.0964545927771776,0.06477248559478672,0.059074480622792046
-3.7326,25.43903,4.541914242551178,1.0540697675888104,0.03831566895675777,0.036350220957769276
-3.75448,25.46084,4.543442296001402,1.0033282537474495,0.026521843258086486,0.026433864649008848
-3.77636,25.48266,4.544970125914522,1.0754799935340813,0.05511360692516554,0.05124559011466076
-3.79824,25.50447,4.546498179364746,1.0693268466741692,0.03855702386920727,0.03605728593565915
-3.82012,25.52629,4.548026009277867,1.0632773743833017,0.031834447182529396,0.029939927200081068
-3.842,25.5481,4.549554062728092,1.0581650451007385,0.052348127272143295,0.04947066387659753
