-0.5228,28.8491,7.374705447681144,1.049071529995196,0.029291441632895984,0.0279213006886481
-0.50727,28.82343,7.372870128127804,1.0130944776124806,0.04807677768370611,0.04745537434673095
-0.49174,28.79776,7.371034808574462,1.0345095671276896,0.0768193279675001,0.07425675934615913
-0.47621,28.7721,7.369199213897115,1.0964818496483855,0.14135087537688537,0.12891310095302816
-0.46068,28.74643,7.367363894343774,1.0810888482601997,0.10963971515270453,0.1014160078786754
-0.44515,28.72076,7.365528574790433,1.0464293158762739,0.08807949675314983,0.08417147285231832
-0.42962,28.69509,7.363693255237092,1.089424759462446,0.12404952094620446,0.11386699252862044
-0.4141,28.66942,7.361859572234221,0.9923996607208776,0.13615304512789633,0.137195779600524
-0.39857,28.64376,7.3600239775568745,1.107806655994385,0.10772128717303794,0.09723834623140586
-0.38304,28.61809,7.358188658003533,1.0598215958188377,0.04570062465363224,0.04312105436795057
-0.36751,28.59242,7.356353338450193,1.041796529712456,0.11323682638930549,0.10869380263779506
-0.35198,28.56675,7.354518018896851,0.9834819327314739,0.03928722322640959,0.039947071642989114
-0.33645,28.54108,7.352682699343511,0.9459931381632964,0.03678963645621101,0.03888996121857748
-0.32092,28.51542,7.350847104666161,0.9313498131137592,0.02848647638611309,0.030586226555277814
-0.30539,28.48975,7.349011785112821,0.959196668323511,0.02698961060705643,0.028137723470442213
-0.28986,28.46408,7.347176465559479,0.9300619159724379,0.021317859229837244,0.02292090329012998
-0.27433,28.43841,7.345341146006139,0.941718659476086,0.02845325955088157,0.030214182616612063
-0.2588,28.41275,7.343505551328793,0.9259743343677387,0.030076788680151394,0.032481233619383224
-0.24327,28.38708,7.341670231775451,0.9379612908734852,0.02918618646132394,0.03111662149100421
-0.22774,28.36141,7.339834912222111,0.9534139648960824,0.021300885084665523,0.02234169612460755
-0.21222,28.33574,7.3380012292192385,0.9476498407043815,0.03846237094878434,0.04058711276751287
-0.19669,28.31007,7.336165909665898,0.9284147137340403,0.0340303905380858,0.03665429902679716
-0.18116,28.28441,7.33433031498855,0.9823590033453934,0.04126320064370157,0.04200419653424157
-0.16563,28.25874,7.33249499543521,0.9472662184690754,0.025116306050041042,0.02651451678561151
-0.1501,28.23307,7.33065967588187,0.9317828485331956,0.0325658778636221,0.034950072235056716
-0.13457,28.2074,7.3288243563285285,1.0057932047271698,0.0341247101124995,0.03392815735094981
-0.11904,28.18173,7.326989036775188,1.0179124518054812,0.028360493935790577,0.02786142745919582
-0.10351,28.15607,7.325153442097839,0.9742718771506873,0.02946887354781066,0.030247073983079582
-0.0973,28.1458,7.324419696611397,0.9343381555168848,0.04555490416287481,0.04875633505266988
-0.07778,28.12302,7.321851882582678,0.9283052145024058,0.05375912177838246,0.057911041474865206
-0.05826,28.10023,7.319284343677966,0.9512687775565343,0.030437900603184343,0.03199716139256489
-0.03875,28.07745,7.316718166199715,0.935327922246168,0.025350816207427383,0.027103666644045003
-0.01923,28.05467,7.314150352170996,0.9702890533124219,0.024905729071422442,0.025668360357563556
0.00029,28.03188,7.311582813266281,0.9220249523607613,0.022941754106526713,0.02488192325791881
0.01981,28.0091,7.3090149992375615,0.9069733860987308,0.03554969209339815,0.03919595948268354
0.03932,27.98632,7.306448821759311,0.9113460557918709,0.019310577338177485,0.021189072159201343
0.05884,27.96354,7.303881007730591,0.9501455405887931,0.028602790522051523,0.030103588661087373
0.07836,27.94075,7.30131346882588,0.9435393916272365,0.03548762111106474,0.03761117068982405
0.09788,27.91797,7.29874565479716,0.9893058197409317,0.042580603671875446,0.043040890715700005
0.11739,27.89519,7.296179477318908,0.9559378363362931,0.034490572412425265,0.03608035073139598
0.13691,27.8724,7.293611938414195,0.9946595315260064,0.020692293986146602,0.020803393855182276
0.15643,27.84962,7.2910441243854756,0.9501267692288543,0.03112424851467695,0.03275799558824991
0.17595,27.82684,7.288476310356756,0.9460320452825053,0.026649206835416425,0.028169454690573834
0.19546,27.80405,7.285910408002511,0.9696209519770725,0.035147633230908616,0.03624883843448518
0.21498,27.78127,7.283342593973792,0.9330790989108774,0.03756264692690484,0.04025665880925774
0.2345,27.75849,7.28077477994507,1.0069258305638549,0.0325864252192036,0.03236228948556814
0.25402,27.73571,7.278206965916351,0.9678551582686664,0.035017440348279645,0.036180455359580956
0.27353,27.71292,7.275641063562109,0.9347461210033533,0.043501849248178244,0.04653867854673043
0.29305,27.69014,7.273073249533389,0.9919077069391807,0.037635086174266724,0.03794212496886501
0.31257,27.66736,7.27050543550467,1.0053626761685088,0.02663584683818733,0.0264937693327725
0.33209,27.64457,7.267937896599955,1.034603480403463,0.026779784030672302,0.02588410394698172
0.3516,27.62179,7.265371719121704,1.0243246671072053,0.03298661593449079,0.03220328182435386
0.37112,27.59901,7.2628039050929845,1.0174634724491893,0.03876528986667236,0.03809993274093507
0.39064,27.57622,7.260236366188273,0.9590720817374103,0.05584053111636499,0.058223497669963334
0.41016,27.55344,7.257668552159553,0.9702573303727462,0.03662681826361333,0.0377495919041831
0.42967,27.53066,7.255102374681302,1.0095889733367662,0.032260885635806626,0.031954475026784425
0.44919,27.50788,7.252534560652582,0.9483232768733162,0.025062062168005047,0.026427762324506367
0.46871,27.48509,7.249967021747868,0.9883984982421264,0.023598942189674146,0.023875938937225245
0.48823,27.46231,7.247399207719149,0.9771157424539261,0.028856376844486997,0.029532199299150748
0.50774,27.43953,7.2448330302408985,1.0199594689526568,0.02692983570014485,0.026402848858099917
0.52726,27.41674,7.242265491336186,1.0007647163698603,0.025498704263706193,0.025479219887167205
0.54678,27.39396,7.239697677307464,0.9452551496544158,0.03003766402005715,0.03177730799037581
0.5494,27.3909,7.239353089030571,0.9584041034778135,0.038515182152723426,0.04018678761178221
0.56892,27.36812,7.236785275001851,0.9788255542056037,0.030635311508997964,0.0312980299475947
0.58844,27.34534,7.234217460973132,1.028648189832159,0.03272139905712412,0.03181009734967128
0.60796,27.32255,7.231649922068418,0.9912155042159465,0.06462849268928116,0.06520125281979162
0.62748,27.29977,7.229082108039697,0.9839714795180065,0.0370641777197831,0.03766793905239896
0.647,27.27699,7.226514294010977,0.962363240703462,0.041161941387655346,0.04277173072151744
0.66651,27.25421,7.223948116532727,1.014268922073255,0.024965007742292007,0.02461379541360819
0.68603,27.23143,7.2213803025040075,0.9075748329239257,0.04346465683888644,0.047890989549431134
0.70555,27.20865,7.218812488475288,0.9715078900413687,0.03153791971807584,0.03246285495090821
0.72507,27.18586,7.216244949570575,0.9651326700492866,0.03864704931720436,0.04004325054630133
0.74459,27.16308,7.213677135541855,0.936734130124691,0.06368803500391818,0.06798944647766865
0.76411,27.1403,7.211109321513136,0.9362339983090064,0.031395843935801554,0.03353418482185826
0.78363,27.11752,7.208541507484416,0.9672767875608639,0.03759605601597825,0.038867939869396066
0.80315,27.09474,7.205973693455697,0.9523349167154025,0.03336118508319977,0.035030937643515475
0.82267,27.07196,7.203405879426975,0.9232422826141995,0.035469759384164995,0.0384186903612461
0.84219,27.04917,7.200838340522262,0.9352280602748421,0.021871502678872844,0.02338627721717985
0.8617,27.02639,7.198272163044011,0.9064035894564861,0.038630155321916056,0.042619155276161426
0.88122,27.00361,7.195704349015291,0.9468630005897347,0.023410251935203963,0.024724011732028133
0.90074,26.98083,7.193136534986572,1.020084103094883,0.031544705710929655,0.030923632291910665
0.92026,26.95805,7.1905687209578515,0.938599566793642,0.035244053732438364,0.03754961644914868
0.93978,26.93527,7.1880009069291315,0.9497075103374945,0.0386259526847619,0.040671419636384175
0.9593,26.91248,7.18543336802442,1.0206548705106266,0.052862671209944055,0.05179289565678281
0.97882,26.8897,7.182865553995699,1.0106136726443287,0.04626030322161134,0.045774468002761734
0.99834,26.86692,7.180297739966978,0.9644001995920389,0.03697382510744621,0.038338674258971424
1.01786,26.84414,7.177729925938258,0.9967939659513062,0.035694356023070514,0.03580916141381839
1.03738,26.82136,7.175162111909539,0.9773726228857678,0.05182469779598642,0.05302450322679391
1.05689,26.79857,7.172596209555296,1.0374507128879842,0.04428145269192626,0.04268294593837483
1.07641,26.77579,7.170028395526576,1.0770055091244273,0.02127319977787434,0.01975217359395757
1.09593,26.75301,7.167460581497855,1.0774326393527878,0.036800675258490304,0.03415589421961118
1.11545,26.73023,7.164892767469135,1.0827848282453487,0.0330546130475898,0.030527406909787193
1.13497,26.70745,7.162324953440416,1.1199232261010088,0.0316943834210066,0.028300496571849826
1.15449,26.68467,7.159757139411696,1.079448715133091,0.023951285785037846,0.022188442534840355
1.17401,26.66188,7.157189600506982,1.1046254222459317,0.031839090199703546,0.02882342698121875
1.19353,26.6391,7.154621786478262,1.1066813836551328,0.03761324105924508,0.03398741644593005
1.1961,26.6361,7.154283730209674,1.0520586687977218,0.05098348652294762,0.04846068763561527
1.20818,26.60864,7.153062267765589,1.0338452987729219,0.036438488069339345,0.03524559052750778
1.22025,26.58118,7.15184244187197,1.0431322801674268,0.033127138957426756,0.03175737112853005
1.23233,26.55371,7.15062125455189,1.1149960442339635,0.03388951590781368,0.03039429250271181
1.24441,26.52625,7.149399792107804,1.0500779332625414,0.0587763771303516,0.055973347566438465
1.25648,26.49879,7.148179966214187,1.104680506525309,0.04576228874880244,0.041425813598127435
1.26856,26.47133,7.146958503770101,1.0467672849800598,0.031638406002842186,0.03022487085412196
1.28064,26.44387,7.145737041326014,1.0166547427872321,0.03806376627835136,0.03744020922382835
1.29272,26.41641,7.144515578881927,1.0399714279414476,0.031337640901817516,0.030133174873706134
1.30479,26.38894,7.143296028112317,1.0576698474819524,0.032492891289722214,0.030721204132915077
1.31687,26.36148,7.1420745656682305,1.0723471276387901,0.05755164762701866,0.05366885977840226
1.32895,26.33402,7.140853103224143,1.0404279275809334,0.03963396537034634,0.0380939076313513
1.34102,26.30656,7.139633277330526,0.9729115142949913,0.03863965260359395,0.03971548494992755
1.3531,26.2791,7.13841181488644,1.0575782421420827,0.036078879299100225,0.034114619478199444
1.36518,26.25164,7.137190352442353,1.0115933967881672,0.05175263884353686,0.051159526157300655
1.37725,26.22417,7.135970801672743,1.076946615699209,0.059060168242238094,0.05484038612618993
1.38933,26.19671,7.134749339228656,1.0105445803073339,0.048826921208944926,0.04831743414436535
1.40141,26.16925,7.13352787678457,1.0925606450559366,0.04286087378136195,0.03922974342460191
1.41349,26.14179,7.1323064143404835,1.0473106893952797,0.02910826042567972,0.027793338424232945
1.42556,26.11433,7.131086588446865,1.048351443758729,0.038229178133494635,0.036465994644342595
1.43764,26.08687,7.1298651260027786,1.0358876568979904,0.04814811166459041,0.04648005152293442
1.44972,26.0594,7.128643938682699,1.0054814368836518,0.04860137854959679,0.04833642548412423
1.46179,26.03194,7.127424112789082,1.0586567077813906,0.03562879905268181,0.0336547237558703
1.47387,26.00448,7.126202650344996,1.022962519993853,0.05391112428690221,0.05270097704774771
1.48595,25.97702,7.124981187900907,1.0091344012190613,0.026442026615823063,0.026202680816232594
1.49802,25.94956,7.123761362007292,0.9713346241471916,0.02980336390633103,0.030682900789722866
1.5101,25.9221,7.122539899563206,1.0503910906321567,0.050992166376013906,0.04854588622350681
1.52218,25.89463,7.121318712243125,0.9985905445515761,0.047157542881246635,0.04722410315072936
1.53426,25.86717,7.120097249799038,1.026179043538614,0.03804546130571847,0.03707487649964551
1.54633,25.83971,7.118877423905422,1.0137347137435841,0.03086843988735995,0.030450214902246968
1.55841,25.81225,7.117655961461335,0.9754968391554651,0.036443537343748625,0.03735894969716105
1.57049,25.78479,7.116434499017248,1.0126145372255402,0.030589526733811115,0.030208460978274395
1.5791,25.7652,7.115564396992612,0.9897179505742312,0.029542222518492128,0.0298491327770218
1.5975,25.74151,7.11320491290112,1.0048564435325607,0.037164353788730044,0.03698473948983121
1.6159,25.71781,7.110845703933636,1.0099385733761619,0.023638473218013215,0.023405852436144972
1.6343,25.69412,7.108486219842143,0.9922669383209068,0.03392983858019903,0.034194264940051705
1.6527,25.67042,7.106127010874658,1.027922220398144,0.031519467687751344,0.03066328080303872
1.6711,25.64673,7.103767526783167,0.9851423274434234,0.024497402016606256,0.024866865765660787
1.68951,25.62304,7.101406406141206,1.0112184122271282,0.033817408184936185,0.03344223935801963
1.70791,25.59934,7.099047197173721,1.0228543079985224,0.02381020626361241,0.023278199131021117
1.72631,25.57565,7.096687713082228,1.1056290235825628,0.03489088120264296,0.03155749393190336
1.74471,25.55195,7.094328504114743,1.1223196737339438,0.0360877637799297,0.03215462102688279
1.76311,25.52826,7.091969020023251,1.1225026687871649,0.03661658291951873,0.032620486291655766
1.78151,25.50457,7.08960953593176,1.0770903691913696,0.037138366843890235,0.03448027009263116
1.79991,25.48087,7.0872503269642735,1.0834788356089462,0.02613525825913386,0.024121614008680747
1.81831,25.45718,7.084890842872782,1.1751152468302979,0.05401555107839545,0.045966173295848664
1.83671,25.43348,7.082531633905297,1.2148264611051958,0.045464277347054834,0.037424503665892686
1.85511,25.40979,7.080172149813804,1.2581390791178908,0.07036062609645209,0.05592436262752722
1.87351,25.3861,7.077812665722313,1.27849561167548,0.04350126116516938,0.03402535039456302
1.89192,25.3624,7.075451820204358,1.2322105300324515,0.03462593381435618,0.02810066378303411
1.91032,25.33871,7.073092336112866,1.1860064189835609,0.040969471350777685,0.03454405532298014
1.92872,25.31501,7.07073312714538,1.2595821366021211,0.03839251981166424,0.03048036225349529
1.94712,25.29132,7.068373643053889,1.3523759524284842,0.034671334909877845,0.025637349471955596
1.96552,25.26763,7.066014158962397,1.3051486739816316,0.041999648586572236,0.03217997261449413
1.98392,25.24393,7.063654949994913,1.332401747521687,0.06911724481285514,0.051874177545485504
2.00232,25.22024,7.061295465903421,1.384798851338312,0.05507723490241963,0.0397727329490426
2.02072,25.19654,7.058936256935936,1.3103521733462853,0.037980293824783545,0.02898479858875812
2.03912,25.17285,7.056576772844444,1.2602446874537168,0.03802209569250482,0.030170407438358044
2.05752,25.14916,7.054217288752952,1.3031717523527937,0.04754077455222361,0.03648082032655463
2.07592,25.12546,7.051858079785466,1.341313720354875,0.034952120428585635,0.026058124880239245
2.09433,25.10177,7.049496959143504,1.356488047116865,0.06653728459283853,0.04905113962062518
2.11273,25.07807,7.04713775017602,1.364261519695844,0.053418228129630076,0.03915541658137468
2.13113,25.05438,7.044778266084528,1.364528423435146,0.0370533084961507,0.027154662269966108
2.14953,25.03069,7.042418781993034,1.3586145433411951,0.04554807650302858,0.033525385641032315
2.16793,25.00699,7.040059573025551,1.343405502832051,0.04458328692631554,0.0331867681294508
2.18633,24.9833,7.037700088934058,1.4269436454542093,0.05683870073337322,0.039832477557500835
2.20473,24.9596,7.035340879966573,1.3495837463102707,0.040381518350025514,0.02992146168063124
2.22313,24.93591,7.0329813958750815,1.3551546230002542,0.045308614795684585,0.03343427681733709
2.24153,24.91222,7.03062191178359,1.3930618634598384,0.0536732168320269,0.038528954269642375
2.25993,24.88852,7.028262702816104,1.328182471383125,0.055590725135662385,0.04185473482252183
2.27833,24.86483,7.025903218724612,1.4198691307116202,0.04836232726684986,0.03406111607103626
2.2855,24.8556,7.024983751496366,1.4826748712627336,0.09099570067484043,0.06137265993949376
2.29909,24.82885,7.023495636126877,1.4601387788510694,0.10416034403798385,0.07133592063073886
2.31268,24.80211,7.022007245633382,1.5094813205806803,0.07203379263792188,0.0477208903851896
2.32626,24.77536,7.020520766814363,1.6226496480529995,0.06136658134860283,0.037818749982311925
2.33985,24.74861,7.019032651444874,1.5289180635639155,0.1127369369352853,0.07373641506497408
2.35344,24.72187,7.017544260951379,1.4834621189350767,0.07899571956448445,0.05325091794133078
2.36703,24.69512,7.0160561455818895,1.4511534444160636,0.07289955509989395,0.050235593885957615
2.38062,24.66838,7.014567755088393,1.4213944043726336,0.04999317833171304,0.03517192566533194
2.3942,24.64163,7.013081276269375,1.4075930101750238,0.07975343170640938,0.056659440001405395
2.40779,24.61488,7.011593160899887,1.4573477566717559,0.07324820171442283,0.050261306115229984
2.42138,24.58814,7.01010477040639,1.498281520811409,0.07599187963745521,0.0507193598678979
2.43497,24.56139,7.008616655036901,1.477191245730452,0.08875419984567677,0.06008308003598341
2.44856,24.53464,7.007128539667414,1.444011586112746,0.06462725412887331,0.04475535705558205
2.46214,24.5079,7.005641785724388,1.355620811819177,0.06422905882277537,0.047379811716362706
2.47573,24.48115,7.004153670354898,1.4668792446931305,0.04072016009435853,0.027759722036885964
2.48932,24.45441,7.002665279861402,1.4074176957160964,0.04767074381731086,0.03387107037406966
2.50291,24.42766,7.001177164491915,1.3582638472115551,0.041041554178053226,0.030216186834619355
2.5165,24.40091,6.999689049122426,1.4373524509882454,0.050853938976408525,0.035380284732143545
2.53008,24.37417,6.998202295179399,1.3931831575298212,0.05740847555219618,0.041206696507861955
2.54367,24.34742,6.99671417980991,1.447382046324318,0.06317644372507523,0.0436487683991343
2.55726,24.32067,6.9952260644404225,1.4028435303215931,0.07930704448642201,0.05653306500137001
2.57085,24.29393,6.993737673946927,1.4348703594523537,0.05291708260698711,0.03687934750229557
2.58444,24.26718,6.992249558577438,1.3740564323494309,0.07271610870015911,0.05292075855707429
2.59802,24.24043,6.990763079758417,1.3756515424809315,0.042771301200099206,0.03109166811455967
2.61161,24.21369,6.989274689264923,1.3810800495640936,0.03163004898891611,0.02290240091361787
2.6252,24.18694,6.987786573895434,1.3875054223627794,0.060671985952295324,0.043727386556066325
2.63879,24.1602,6.986298183401938,1.4239306818413608,0.06380614313339392,0.04480986606095374
2.6428,24.1523,6.985859274629151,1.3175905701235577,0.01924638035351207,0.014607254172824895
2.65951,24.12739,6.98380993269587,1.329393265296815,0.03166315772825508,0.02381775096565245
2.67622,24.10247,6.981760865886595,1.3498257895822348,0.036078008863323976,0.026727900105160952
2.69293,24.07756,6.979711523953313,1.374852519006748,0.040748913747108394,0.02963875265439172
2.70965,24.05264,6.977660820593569,1.3788026176560635,0.037630654162884566,0.027292270612929295
2.72636,24.02773,6.975611478660287,1.3153628996398754,0.03925857272031681,0.02984619129144144
2.74307,24.00281,6.973562411851013,1.364181193813089,0.04462754792454578,0.03271379793750503
2.75978,23.9779,6.971513069917731,1.350207736503707,0.0645923270454594,0.047838806799254376
2.77649,23.95299,6.96946372798445,1.3314040740556878,0.02630430862169693,0.019756818485292326
2.7932,23.92807,6.967414661175175,1.4570744761226622,0.0610336585362421,0.04188780981096813
2.80992,23.90316,6.9653636826914225,1.3937377796402532,0.04683779263642203,0.03360588578470739
2.82663,23.87824,6.963314615882148,1.3972829486118812,0.039126811487809325,0.02800206753161879
2.84334,23.85333,6.961265273948866,1.393187649037089,0.04174550457626004,0.029964021433231
2.86005,23.82841,6.959216207139592,1.4295312021611088,0.06282199962155194,0.04394587507189778
2.87676,23.8035,6.957166865206311,1.4359939502167656,0.07113203430373899,0.049535051518149846
2.89347,23.77859,6.955117523273029,1.4740490122688648,0.07023654374152032,0.04764871666879775
2.91019,23.75367,6.9530668199132855,1.378218057344126,0.059662852795439744,0.04328984987354768
2.9269,23.72876,6.951017477980003,1.4029741481997227,0.06164445850489763,0.043938413679253434
2.94361,23.70384,6.948968411170728,1.3677275451736703,0.062249735401683756,0.045513257096667925
2.96032,23.67893,6.946919069237447,1.4040725650248607,0.05048341492905642,0.0359549899247284
2.97703,23.65401,6.944870002428172,1.3597951983394672,0.047069444503252136,0.034615098332992825
2.99374,23.6291,6.942820660494891,1.3950526999870945,0.07258274116626051,0.05202867330168385
3.01046,23.60419,6.9407696820111395,1.3269683763148215,0.04458993947051109,0.033602865197393514
3.02717,23.57927,6.9387206152018654,1.3185041627770038,0.05938144697669383,0.04503698103737948
3.04388,23.55436,6.936671273268584,1.355434946124324,0.06502422082608704,0.047972955848611304
3.06059,23.52944,6.934622206459309,1.2480242455374284,0.030869106056671418,0.024734380094818157
3.0773,23.50453,6.932572864526028,1.3039761560605911,0.07064757011500747,0.054178575111709884
3.09401,23.47961,6.930523797716752,1.2132650434736585,0.03496763024881105,0.028821097613342915
3.11073,23.4547,6.928472819233001,1.2068082583513362,0.030171013681199396,0.02500066889036465
3.12744,23.42979,6.9264234772997195,1.1745883581435526,0.0354972850488275,0.030221042804247845
3.14415,23.40487,6.924374410490444,1.1294357619498887,0.040408118775411304,0.035777261652889074
3.1448,23.4039,6.924294721738599,1.0446239944067095,0.03319273960357651,0.03177482020449684
3.15944,23.37771,6.922619361625413,1.1866168018412695,0.06548485558432107,0.055186186039763156
3.17408,23.35153,6.920943726388222,1.2103658755103857,0.04455103121742076,0.036807904220394955
3.18871,23.32534,6.919270002825506,1.2068637155622255,0.05384622074137074,0.044616653932864424
3.20335,23.29915,6.91759464271232,1.3691095977706316,0.09846279276659053,0.07191739282736817
3.21799,23.27297,6.915919007475129,1.3287034249255094,0.037185177942122,0.02798606313836114
3.23263,23.24678,6.9142436473619435,1.3319465793601248,0.05659172059936821,0.04248798073159602
3.24727,23.22059,6.912568287248757,1.4562899473437387,0.06285600884023494,0.04316174052762213
3.2619,23.19441,6.910894288562035,1.4944824522625237,0.06947561625959,0.046488077631429946
3.27654,23.16822,6.9092189284488486,1.4332578513732948,0.07956448529691938,0.05551302943896915
3.29118,23.14204,6.907543293211657,1.4248935729589727,0.05422511785352896,0.03805555648687755
3.30582,23.11585,6.90586793309847,1.5133389045944725,0.07522451501715685,0.04970764631027223
3.32045,23.08966,6.904194209535755,1.5001686243400345,0.04567613432068775,0.030447333439453807
3.33509,23.06348,6.902518574298564,1.4861762752152852,0.07229634966827417,0.04864587793113669
3.34973,23.03729,6.900843214185378,1.5022752278900005,0.06864195576053271,0.04569199736917902
3.36437,23.0111,6.899167854072193,1.492116201179317,0.04366692844469455,0.02926509906546268
3.37901,22.98492,6.8974922188350005,1.442572079635347,0.039747287725322704,0.027553068776549464
3.39364,22.95873,6.895818495272284,1.448328033034396,0.04938340327372782,0.03409683590137002
3.40828,22.93254,6.894143135159099,1.4614921274279307,0.06141474189979273,0.04202194507053287
3.42292,22.90636,6.892467499921907,1.4611913790661184,0.04517519486462593,0.030916685871428047
3.43756,22.88017,6.890792139808721,1.4563471252532219,0.07926526831617405,0.0544274554752129
3.4522,22.85398,6.889116779695537,1.4287880902690544,0.059319405217541615,0.041517287008160327
3.46683,22.8278,6.887442781008814,1.396545528592642,0.05812157852389406,0.04161810505559789
3.48147,22.80161,6.885767420895627,1.4874503114867008,0.058756744342286726,0.039501651845808276
3.49611,22.77542,6.884092060782443,1.4898809161788251,0.08360991739244006,0.05611852362461206
3.51075,22.74924,6.88241642554525,1.43287654989043,0.03696452460897809,0.02579742449676123
3.52538,22.72305,6.880742701982534,1.4508106009319683,0.05130468914108553,0.03536277520175862
3.54002,22.69686,6.87906734186935,1.4917247738119996,0.07288956559311813,0.048862609827719006
3.55466,22.67068,6.877391706632157,1.4219473501431146,0.028571406324283222,0.020093153464091056
3.5693,22.64449,6.8757163465189715,1.3705673031396177,0.04731835835499119,0.03452465139551847
3.5703,22.6427,6.875601938669263,1.4171841816797048,0.03399012052946931,0.02398426469111645
3.58488,22.61648,6.873937223230915,1.4212157004918613,0.06520881541822324,0.04588241981541257
3.59946,22.59026,6.872272507792569,1.450096163285846,0.047652896200023664,0.03286188696068581
3.61404,22.56404,6.870607792354222,1.4523189758635406,0.03394313144295844,0.02337167799021289
3.62862,22.53782,6.868943076915875,1.427606347453073,0.05442715670312064,0.03812476513586651
3.64319,22.5116,6.867279998027997,1.4066910946823667,0.04330346417420096,0.0307839186143273
3.65777,22.48538,6.86561528258965,1.4219396193669496,0.05965400099298561,0.041952555636324204
3.67235,22.45916,6.863950567151304,1.4476243505366728,0.032169003224666294,0.022221927403155654
3.68693,22.43295,6.86228557658895,1.3449689490562042,0.043626686172894155,0.03243694674401815
3.70151,22.40673,6.860620861150603,1.3395513490661857,0.055330472853180414,0.04130522722533319
3.71609,22.38051,6.8589561457122565,1.3799745263976118,0.06291912366360218,0.04559440950540656
3.73067,22.35429,6.85729143027391,1.3750102716742894,0.05540864059674356,0.04029689213104925
3.74525,22.32807,6.855626714835561,1.3470094350388049,0.029280476912022506,0.021737395559652473
3.75983,22.30185,6.853961999397215,1.4128070045275938,0.05009950888900605,0.03546097147625484
3.77441,22.27563,6.852297283958867,1.3430932664226232,0.025146356000333783,0.018722717646639686
3.78898,22.24941,6.85063420507099,1.337598291788189,0.04118898747224594,0.030793241681836933
3.80356,22.22319,6.848969489632643,1.3739442400109851,0.07507896296994433,0.05464483985852588
3.81814,22.19697,6.8473047741942965,1.3911656912550203,0.061823584922921664,0.044440130540560126
3.83272,22.17075,6.845640058755949,1.3805476716688987,0.04834167726276703,0.03501630422101134
3.8473,22.14453,6.843975343317602,1.3991082423066314,0.053076680063933575,0.03793607846697338
3.86188,22.11831,6.842310627879256,1.333013269017553,0.044765390919765835,0.033582104514802376
3.87646,22.09209,6.840645912440909,1.377056216639075,0.04211373005448339,0.030582433415295606
3.89104,22.06587,6.838981197002561,1.4254465663544795,0.06586974453699615,0.04620990087720741
3.90562,22.03966,6.837316206440208,1.450743478133282,0.055632079362350595,0.038347288959681675
3.9202,22.01344,6.835651491001862,1.4282409654481394,0.039290433666255495,0.027509667217763448
3.93477,21.98722,6.833988412113984,1.4109089512984796,0.0680521730589208,0.04823285938918413
3.94935,21.961,6.832323696675637,1.3554010962005816,0.035711358257418516,0.02634744678717133
3.96393,21.93478,6.83065898123729,1.3720854328189032,0.043616349987312945,0.03178836313253806
3.97851,21.90856,6.8289942657989435,1.44130736995421,0.09975758296671522,0.0692132608535017
3.99309,21.88234,6.827329550360596,1.452170812509049,0.051970913657763226,0.03578843012824938
4.0044,21.862,6.826038214009698,1.3853871387206391,0.04987581278734144,0.036001353984995245
4.01898,21.83578,6.82437349857135,1.4441488980886894,0.06780091617046496,0.0469487019380055
4.03356,21.80956,6.822708783133004,1.4161324409264207,0.08832286154110257,0.062369068731539384
4.04813,21.78334,6.821045704245126,1.4123297565038162,0.04655491143650599,0.03296320227065909
4.06271,21.75712,6.819380988806779,1.4456988094372567,0.06035610956107437,0.041748744044804324
4.07729,21.7309,6.817716273368432,1.4293340159796308,0.05243057700268047,0.03668182273458722
4.09187,21.70468,6.816051557930086,1.421149683850702,0.03921025939245974,0.027590520434284494
4.10644,21.67846,6.814388479042208,1.3807147393965937,0.0509986988803671,0.036936448511192675
4.12102,21.65224,6.812723763603861,1.4411059138376217,0.07035930268446365,0.0488231309086082
4.1356,21.62602,6.811059048165514,1.4340762319521185,0.062174622173159604,0.04335517233175615
4.15018,21.5998,6.809394332727168,1.4132808810613253,0.05224873932702174,0.036969819677872336
4.16476,21.57358,6.807729617288821,1.332987294353321,0.0578168586208181,0.043373900760897414
4.17933,21.54736,6.806066538400943,1.2980614421804302,0.039484840715826836,0.030418314135809955
4.19391,21.52114,6.804401822962596,1.3227287119979205,0.04953619347089026,0.03745000242420695
4.20849,21.49492,6.8027371075242495,1.3464778259661319,0.056854774967274174,0.04222481341382613
4.22307,21.4687,6.801072392085903,1.3164956474968865,0.03583660745254102,0.02722121225442621
4.23765,21.44248,6.799407676647554,1.296063871744405,0.04465197133232282,0.03445198366051559
4.25222,21.41626,6.797744597759678,1.330808715776329,0.058964660349523884,0.044307389672547166
4.2668,21.39004,6.796079882321331,1.2930866003456323,0.055835277120378474,0.043179843566126294
4.28138,21.36382,6.794415166882983,1.3098016977923592,0.04632233920903353,0.035365917823368814
4.29596,21.3376,6.792750451444636,1.2984087177201051,0.026197594272706275,0.020176693143825322
4.31053,21.31138,6.791087372556761,1.3156513570428803,0.07217484213986619,0.054858638463376616
4.32511,21.28516,6.789422657118413,1.300063766902015,0.03537286380651838,0.027208560616076616
4.33969,21.25894,6.787757941680065,1.3531090728754147,0.05626372688071533,0.041581072811190674
4.35427,21.23272,6.786093226241719,1.3049245355584944,0.04407795466173564,0.03377816376398404
4.36885,21.2065,6.784428510803371,1.3431552353190581,0.045853713243044346,0.03413880394260763
4.38342,21.18028,6.782765431915494,1.3352975359571486,0.038901690311216965,0.029133349881704095
4.398,21.15406,6.781100716477146,1.343585503258036,0.030820502531838247,0.022938996034939475
4.41258,21.12784,6.779436001038801,1.3633147543172306,0.04894415305098776,0.03590084600492698
4.42716,21.10162,6.777771285600453,1.363249360141009,0.06296573147608907,0.04618797801568464
4.4384,21.0814,6.776488103614758,1.329207481264887,0.052917358327583014,0.03981121011839801
4.45293,21.05515,6.77483239630078,1.3736222808368217,0.06532907765198293,0.04755971023721596
4.46746,21.0289,6.773176688986801,1.3784875938311334,0.05633746792776971,0.04086904240552137
4.48198,21.00266,6.771522343099288,1.3671109216390058,0.05544538866981233,0.040556613067899275
4.49651,20.97641,6.769866635785309,1.3233745353436053,0.04926441039191409,0.037226355106736976
4.51104,20.95016,6.768210928471331,1.3305116542426554,0.04149436896385917,0.031186776028262832
4.52557,20.92391,6.766555221157352,1.3914604544809486,0.0563039599256182,0.04046393107637476
4.54009,20.89767,6.764900875269836,1.364575231460164,0.06991094004926572,0.05123274879792264
4.55462,20.87142,6.7632451679558585,1.305895229660533,0.0432313612540081,0.03310477002450348
4.56915,20.84517,6.76158946064188,1.2969979707434294,0.04213917699250351,0.032489778660447444
4.58368,20.81892,6.759933753327902,1.3514531477241813,0.03782281208695546,0.027986772719903963
4.5982,20.79267,6.758279682564393,1.3493530026832496,0.05179659558568012,0.03838624546925841
4.61273,20.76643,6.756623700126408,1.3627819081819228,0.06537027272188874,0.04796825693782414
4.62726,20.74018,6.754967992812431,1.3159199107131614,0.0469447418628441,0.03567446732940035
4.64179,20.71393,6.753312285498453,1.3136992264314302,0.052849075609424596,0.0402292050920859
4.65631,20.68768,6.751658214734944,1.3155177034891092,0.04406307357347967,0.033494854122154694
4.67084,20.66143,6.750002507420966,1.3352842590981273,0.07134231368877768,0.053428558902479266
4.68537,20.63519,6.748346524982981,1.3197646670516663,0.06430373922763409,0.048723640534556543
4.6999,20.60894,6.746690817669003,1.312492447132807,0.03371134244881406,0.025684980147853694
4.71443,20.58269,6.745035110355025,1.2653988292732912,0.03783204727994365,0.02989733071087975
4.72895,20.55644,6.743381039591516,1.2953215733984234,0.0465530743298532,0.03593939550293748
4.74348,20.5302,6.7417250571535305,1.2576613795969032,0.046207252344881225,0.036740614838384596
4.75801,20.50395,6.740069349839552,1.2514062018315513,0.05269220403782359,0.042106395158265614
4.77254,20.4777,6.7384136425255745,1.2465571526641295,0.05013927369456539,0.0402222020766623
4.78706,20.45145,6.736759571762067,1.2247319625264381,0.025891158724402022,0.021140265394064224
4.80159,20.4252,6.735103864448089,1.2396476623073647,0.031731683504503005,0.025597340655199242
4.81612,20.39896,6.733447882010104,1.2406325950038852,0.035150703208863265,0.028332887069401225
4.83065,20.37271,6.731792174696126,1.2100235470881369,0.03293868961850952,0.02722152779404573
4.8384,20.3587,6.730909296815978,1.2408884604019352,0.027564343885442974,0.022213393681261753
4.84774,20.33019,6.730165137221289,1.2560037752893443,0.046416619786009396,0.03695579639107092
4.85708,20.30168,6.7294209776266,1.2454156832269123,0.047235710025521946,0.0379276659686288
4.86643,20.27318,6.728674906357435,1.2447868879996355,0.03688816569529327,0.029634121351143336
4.87577,20.24467,6.7279307467627465,1.2660801763252756,0.03843441277332824,0.030357013317183355
4.88511,20.21616,6.727186587168056,1.2644821493811524,0.0382433754865124,0.030244298430965603
4.89445,20.18765,6.7264424275733665,1.2538554431262008,0.05328761433208628,0.04249900945457145
4.9038,20.15914,6.725696631428209,1.2786300482167712,0.03405630543287496,0.02663499538460812
4.91314,20.13063,6.72495247183352,1.2554475791785777,0.044960921249414615,0.035812663145068896
4.92248,20.10213,6.724208037114822,1.2460098788024534,0.0492401133075421,0.03951823668915613
4.93182,20.07362,6.723463877520134,1.2712930331530718,0.03851513693761095,0.03029603398524523
4.94117,20.04511,6.722718081374976,1.2662390668013928,0.04701993765690777,0.037133538910376046
4.95051,20.0166,6.721973921780287,1.251594217738472,0.0411273741978437,0.03285999057438719
4.95985,19.98809,6.721229762185598,1.251426459379879,0.03731422156553708,0.029817350660803068
4.96919,19.95958,6.720485602590907,1.260308106885285,0.03391977071556271,0.02691387171934627
4.97854,19.93108,6.719739531321743,1.2499688983970085,0.05027529979856899,0.04022124059490064
4.98788,19.90257,6.718995371727053,1.2284203912916474,0.0389951815316256,0.03174416658015855
4.99722,19.87406,6.7182512121323645,1.2303680292545558,0.034173045994656925,0.027774653747595652
5.00656,19.84555,6.717507052537674,1.2454964206038004,0.06628027174407297,0.05321594718990935
5.0159,19.81704,6.716762892942985,1.2729914500695563,0.05953218854245845,0.046765583963038884
5.02525,19.78853,6.716017096797827,1.2043160745538777,0.040197391826291166,0.03337777571488593
5.03459,19.76003,6.715272662079132,1.2157865494823008,0.04571309488031948,0.037599605703636685
5.04393,19.73152,6.714528502484442,1.2551009511810498,0.058740475681662505,0.04680139523947275
5.05327,19.70301,6.713784342889752,1.2418150463020607,0.07536989072334122,0.06069333025701489
5.06262,19.6745,6.713038546744594,1.2050973008785977,0.04737054409067591,0.039308480780879326
5.07196,19.64599,6.712294387149905,1.2294817901524961,0.05010710303423096,0.04075465243614225
5.0813,19.61749,6.711549952431209,1.2041787495457867,0.04063660254067403,0.03374632093117575
5.09064,19.58898,6.71080579283652,1.2247642990172711,0.036717023383723645,0.029978848512472747
5.09999,19.56047,6.71005999669136,1.100645907337491,0.13778118084640767,0.1251821134552766
5.10933,19.53196,6.709315837096671,1.1840090685706524,0.0857790450552339,0.07244796288493568
5.11867,19.50345,6.708571677501983,1.11874404316884,0.08086271052824216,0.07227990264797184
5.12801,19.47494,6.707827517907294,1.080180305553788,0.18648482702806787,0.17264231357417745
5.13735,19.44644,6.707083083188597,1.235297354330015,0.22146021667020663,0.1792768485206701
5.1467,19.41793,6.7063372870434375,1.2294834165217838,0.05265931227656174,0.04283043721365129
5.15604,19.38942,6.70559312744875,1.0769470689869247,0.16995997478083955,0.15781646069264993
5.16538,19.36091,6.70484896785406,1.1693144378401774,0.10785358076553887,0.0922365937469767
5.17472,19.3324,6.7041048082593715,1.1070299034476854,0.19427961303372546,0.17549626476093333
5.18407,19.30389,6.703359012114212,1.0796000451768006,0.19218885026264818,0.17801856448716097
5.19341,19.27539,6.702614577395516,1.1716222325302839,0.10335395726315233,0.0882144042623234
5.20275,19.24688,6.701870417800827,1.192514224773893,0.06426049677567816,0.0538865662486016
5.21209,19.21837,6.701126258206138,1.1143079696276632,0.1650949294559351,0.14815915703367014
5.22144,19.18986,6.700380462060978,1.161279228701306,0.16117853566727902,0.13879395384306484
5.23078,19.16135,6.699636302466289,1.146093262342615,0.13633120185200998,0.11895297383857659
5.24012,19.13284,6.698892142871601,1.1481913073935948,0.10768119312426307,0.09378332028022439
5.24946,19.10434,6.698147708152905,1.1405027125993903,0.13493826395152334,0.11831472425346293
5.25881,19.07583,6.697401912007745,1.0781015809899188,0.1702647851213387,0.15793018777043313
5.26815,19.04732,6.6966577524130555,1.075424394905035,0.20497064400149137,0.19059512223506073
5.27749,19.01881,6.695913592818367,1.2419891707807778,0.07014738301695335,0.056479866867804596
5.28683,18.9903,6.695169433223678,1.1625819377569921,0.12230557468930527,0.10520168146193073
5.29617,18.9618,6.694424998504982,1.2891122776294193,0.1029667010821427,0.07987411404652102
5.30552,18.93329,6.693679202359823,1.1997036662523044,0.11447982882928344,0.09542342167453849
5.31486,18.90478,6.692935042765133,1.2020259423721176,0.10452170442153844,0.08695461615019046
5.3242,18.87627,6.692190883170444,1.1550851137061349,0.1706962301617928,0.14777805387354306
5.33354,18.84776,6.691446723575757,1.2719090560898385,0.07278299537268598,0.0572234272758768
5.3412,18.8244,6.690835815596361,1.1315392171532086,0.1910447344896639,0.16883615838813365
5.35502,18.79777,6.689306758077989,1.1251277161190687,0.18742553066266546,0.1665815604553384
5.36883,18.77114,6.687779337110086,1.1704651279714073,0.18237492388831186,0.15581406017998597
5.38265,18.74451,6.686250279591713,1.165553059135818,0.17001476203507337,0.14586617117296083
5.39646,18.71788,6.68472285862381,1.1989256693744688,0.04954148311904595,0.041321563450129384
5.41028,18.69125,6.683193801105436,1.1009785380608925,0.1322510004161558,0.12012132466186305
5.42409,18.66462,6.681666380137533,1.1880555803021926,0.11027366073574375,0.09281860425056432
5.43791,18.63799,6.680137322619161,1.1287023323769954,0.17172661867268973,0.15214517924406282
5.45172,18.61136,6.678609901651258,1.1860730578234568,0.35521984054196537,0.2994923779769717
5.46554,18.58473,6.6770808441328855,1.1808858260844537,0.07021109896427256,0.059456297478881974
5.47936,18.55811,6.6755515114905055,1.0888561684824984,0.1894258098441407,0.17396770604526857
5.49317,18.53148,6.674024090522602,1.131477688173047,0.0954680546839693,0.08437466834906647
5.50699,18.50485,6.672495033004229,1.0901855451170424,0.18325761090722162,0.16809763413946852
5.5208,18.47822,6.670967612036326,1.182085487504951,0.11850767554865257,0.10025305005544807
5.53462,18.45159,6.669438554517953,1.16891334201822,0.12366464623041734,0.10579453735800524
5.54843,18.42496,6.667911133550049,1.0822951850838805,0.15735012446421032,0.14538559039419113
5.56225,18.39833,6.6663820760316765,1.106451900985757,0.19116727161732097,0.17277504015041845
5.57607,18.3717,6.6648530185133055,1.1067825079648184,0.24534812442067508,0.22167690820469133
5.58988,18.34507,6.663325597545402,1.1128023461929273,0.17204431364594125,0.15460455689595914
5.6037,18.31844,6.661796540027029,1.043259074366055,0.304824879131318,0.29218521709628775
5.61751,18.29181,6.660269119059125,1.0938070812059715,0.19639298621859325,0.17954993123838725
5.63133,18.26518,6.658740061540753,1.1548454910565367,0.23254199506840673,0.20136199766053586
5.6391,18.2502,6.657880597588344,1.0426045774700288,0.23558768897334925,0.22596072764712333
5.65755,18.22655,6.655511830248477,1.012451389408704,0.15150281365022275,0.14963959280919556
5.67601,18.20289,6.653141701482147,1.0519262214216085,0.20530613209158505,0.1951716079613715
5.69446,18.17924,6.650772934142278,1.0019230357729072,0.2027698313241931,0.20238064610199488
5.71291,18.15559,6.64840416680241,1.1248150971386093,0.1572300435713733,0.13978301320043365
5.73137,18.13193,6.64603403803608,1.1435952945778962,0.2259577427240354,0.1975854078758141
5.74982,18.10828,6.6436652706962125,1.0486638843155442,0.17455865760465716,0.16645815710397083
5.76827,18.08463,6.641296503356344,1.04564917424058,0.17960285052091302,0.1717620545641922
5.78673,18.06097,6.638926374590014,1.0847184202093374,0.12240776033794529,0.11284749853729052
5.80518,18.03732,6.636557607250146,0.9826787847454573,0.20783090435733115,0.2114942416419069
5.82363,18.01367,6.634188839910278,1.030874383817769,0.16725168535424634,0.1622425466959823
5.84209,17.99002,6.631818436019942,1.0973727352547435,0.1496182236236754,0.13634220973144837
5.86054,17.96636,6.62944994380408,1.0391526452173612,0.14492185727732154,0.13946156798456497
5.87899,17.94271,6.627081176464213,1.0661717196277367,0.12112042577644236,0.11360311246928649
5.89745,17.91906,6.624710772573875,0.8806093803601514,0.1366606148508832,0.15518868853633128
5.9159,17.8954,6.622342280358015,1.02581336070068,0.11398674192745951,0.11111840252265877
5.93435,17.87175,6.619973513018146,0.8473766910701814,0.12353585967782764,0.14578623766699308
5.95281,17.8481,6.617603109127809,0.9870611895262215,0.14574295129483994,0.14765341079289618
5.97126,17.82444,6.615234616911948,0.8761715355187045,0.10677710537413944,0.12186780903687547
5.98971,17.80079,6.6128658495720805,0.9444516120103849,0.14926933588443841,0.1580486855930075
6.00817,17.77714,6.610495445681742,0.926479077714396,0.0839556446123751,0.09061796065540074
6.02662,17.75348,6.608126953465883,0.9529165473520074,0.12914949264088327,0.13553074820640662
6.04507,17.72983,6.605758186126015,1.0150362268235678,0.15772479355475044,0.15538833924019735
6.06353,17.70618,6.603387782235678,0.8756998389105721,0.07496416263578078,0.08560486059817152
6.08198,17.68252,6.601019290019817,0.9542340063144051,0.11462376069217932,0.12012122805693909
6.10044,17.65887,6.598648886129479,0.9633306232385757,0.14246275195512106,0.14788562568080965
