8.5414,29.5244,7.637162828429299,0.8608250217883618,0.04275194605444243,0.04966392120622303
8.53172,29.55288,7.637810181676243,0.8694653909570557,0.050975377505305446,0.058628414696523794
8.52203,29.58135,7.638457798696677,0.8925692903261098,0.028457024263969167,0.03188214581477712
8.51235,29.60983,7.639105151943619,0.8912191221347389,0.07378439763853809,0.08279041125352223
8.50267,29.6383,7.639752402459822,0.8792014180491986,0.030351000950757816,0.03452110099879232
8.49299,29.66678,7.640399755706763,0.892547038480463,0.08867764644947908,0.09935347116321214
8.4833,29.69526,7.641047475457937,0.8868440155255308,0.03661970672801329,0.04129216196640058
8.47362,29.72373,7.64169472597414,0.8985119392790695,0.027786011769172236,0.030924476965177153
8.46394,29.75221,7.642342079221082,0.8720379892098323,0.0545289060959419,0.06253042501663422
8.45426,29.78068,7.642989329737285,0.9231762894397008,0.10763913541309446,0.11659651211192111
8.44457,29.80916,7.643637049488457,0.8707510190341983,0.04155555798833542,0.04772381206562028
8.43489,29.83763,7.64428430000466,0.8993447720937405,0.07072336018814959,0.07863876277781703
8.42521,29.86611,7.644931653251604,0.9469373842680643,0.07532252417338939,0.07954329972050894
8.41552,29.89459,7.645579373002778,0.9075829695350601,0.04205891630635793,0.046341676428661965
8.40584,29.92306,7.646226623518979,0.9605886622398018,0.10828350769462902,0.11272619795672446
8.39616,29.95154,7.646873976765922,0.9764910699929417,0.1620205688580989,0.16592119870514538
8.38648,29.98001,7.647521227282123,0.8775284323560346,0.058507024122543196,0.06667251107233124
8.37679,30.00849,7.648168947033297,0.8944345534462649,0.06746693792630302,0.07542970882145851
8.36711,30.03697,7.648816300280241,0.8794398418390104,0.04073560586308938,0.046319945862250814
8.35743,30.06544,7.649463550796442,0.9415965727252045,0.0622325063343473,0.06609253701320474
8.34774,30.09392,7.650111270547615,0.955643266923424,0.07749086037867141,0.08108764332965344
8.33806,30.12239,7.650758521063817,0.9167306969605156,0.0642512697898488,0.07008739862522151
8.32838,30.15087,7.65140587431076,0.939937164842447,0.051626214666739036,0.05492517648814606
8.3187,30.17934,7.652053124826963,0.9672464428832879,0.06919170281147954,0.07153471932677712
8.30901,30.20782,7.6527008445781375,0.9398213929958901,0.02910588579595523,0.03096959274695135
8.29933,30.2363,7.653348197825079,0.9953491460818016,0.07185215271868131,0.0721878880406215
8.28965,30.26477,7.6539954483412815,0.9902718430795646,0.04185402320932488,0.04226518556678993
8.27997,30.29325,7.654642801588224,0.9765006088498615,0.029691421549212428,0.03040594268976798
8.27028,30.32172,7.655290418608657,1.0106146147051032,0.03262995387073973,0.032287237287045495
8.2606,30.3502,7.6559377718556005,1.05919580257217,0.07791285236213828,0.07355849803495569
8.2606,30.3502,7.6559377718556005,0.9767226356853034,0.0896930216675205,0.09183059590360439
8.25092,30.37867,7.656585022371801,1.0064513478121084,0.0848409865961769,0.08429715632117732
8.24123,30.40714,7.657232639392235,1.1303722262877003,0.10181998940059316,0.09007651376483672
8.23155,30.43562,7.657879992639178,1.1174170809120656,0.0829787857644512,0.07425945708358217
8.22187,30.46409,7.65852724315538,1.0033662588574717,0.11539973316409123,0.1150125710779794
8.21219,30.49256,7.659174493671581,1.100497890276893,0.1929399878547666,0.17532063401432016
8.2025,30.52103,7.659822110692013,1.0728341630457927,0.030839719709221138,0.028746026899131083
8.19282,30.54951,7.660469463938956,1.0649674007465904,0.07340219619641027,0.06892435969866496
8.18314,30.57798,7.661116714455158,1.068013454159707,0.07885707250323137,0.07383528006702372
8.17346,30.60645,7.66176396497136,0.9911074569657339,0.08839101012782052,0.08918408342767269
8.16377,30.63492,7.662411581991793,1.0322050324695808,0.04569298796968152,0.044267356321989346
8.15409,30.6634,7.663058935238735,1.096968478660941,0.046934020558027104,0.04278520438009214
8.14441,30.69187,7.663706185754937,1.1216905744107604,0.0528363823915055,0.047104240328720945
8.13472,30.72034,7.66435380277537,1.1540339833847555,0.0647793346856855,0.05613295242458041
8.12504,30.74881,7.665001053291572,1.1566769428102135,0.07790199935038701,0.06734983336066128
8.11536,30.77729,7.665648406538516,1.2663608879708197,0.17161096532863077,0.1355150549568972
8.10568,30.80576,7.666295657054716,1.237624537542623,0.0825006962365642,0.06666052080736394
8.09599,30.83423,7.666943274075149,1.2194936668541452,0.10842004972887023,0.08890579153933201
8.08631,30.8627,7.6675905245913505,1.198119388329057,0.03492608501441969,0.029150755220753867
8.07663,30.89118,7.668237877838294,1.1666916969428303,0.06080628971542997,0.052118558720153106
8.06694,30.91965,7.668885494858727,1.1691388438664954,0.04131298160638157,0.03533624925997166
8.05726,30.94812,7.669532745374928,1.16533580871396,0.06013093429203186,0.05159966238263208
8.04758,30.97659,7.67017999589113,1.1975672667913309,0.03810472697171047,0.031818443964158546
8.0379,31.00507,7.670827349138073,1.1503960396957469,0.060130519287614585,0.052269407415134805
8.02821,31.03354,7.671474966158506,1.2441116052508105,0.09557465403911004,0.076821607993796
8.01853,31.06201,7.672122216674707,1.3164405682087301,0.047830621282429535,0.03633329330431701
8.00885,31.09048,7.672769467190909,1.3422652961037718,0.049692208072219156,0.037021152388027924
7.99917,31.11896,7.673416820437852,1.481653716270473,0.3731400191369434,0.25184023435394093
7.98948,31.14743,7.674064437458285,1.306775980952672,0.0638953380363071,0.04889540285988867
7.9798,31.1759,7.6747116879744866,1.3190708516007519,0.03725853967367127,0.028246048821756888
7.9798,31.1759,7.6747116879744866,1.2524599120725814,0.10621725923548297,0.0848069133483991
7.96856,31.2047,7.675419503265203,1.3571235653350757,0.0631548408439132,0.04653580739224742
7.95731,31.2335,7.676127685060148,1.3164582758767158,0.055837764989493915,0.04241514221353342
7.94607,31.2623,7.676835500350863,1.2648722663319687,0.045641256330066944,0.03608368808846054
7.93483,31.2911,7.677543315641579,1.2248597974737756,0.05657379898778779,0.04618797931360715
7.92359,31.3199,7.678251130932293,1.2113830615250316,0.04093445558033905,0.03379150400931472
7.91234,31.3487,7.6789593127272395,1.1548096955898495,0.07165164653459828,0.06204628070601738
7.9011,31.3775,7.679667128017956,1.1659242404512244,0.040845710361236805,0.035032902605600776
7.88986,31.4063,7.68037494330867,1.1657179665628186,0.04510049559194756,0.038689028466232504
7.87861,31.4351,7.681083125103616,1.1782881598186203,0.05698595958940312,0.048363347381998004
7.86737,31.4639,7.68179094039433,1.2127133035413595,0.03423197133361085,0.028227587867344087
7.85613,31.4927,7.682498755685046,1.1767662213355268,0.04992858761529969,0.04242863765976823
7.84489,31.5215,7.683206570975762,1.165608387895207,0.05181004100069524,0.044448926019013145
7.83364,31.5503,7.683914752770708,1.152653741014778,0.0288419714448152,0.025022233840514142
7.8224,31.5791,7.684622568061423,1.085986907861431,0.04800202432047825,0.04420129190600075
7.81116,31.6079,7.685330383352139,1.0033679651995466,0.03565886670299311,0.03553917200844796
7.79991,31.6367,7.686038565147083,0.9687448750804931,0.031503860329631386,0.03252028592875263
7.78867,31.6655,7.686746380437799,0.9606862014362546,0.02127623824601602,0.022146917707579653
7.77743,31.6943,7.687454195728515,0.9839431097421688,0.026734750648439297,0.027171032942590385
7.76619,31.7231,7.688162011019229,1.0276987888957998,0.022428623072260317,0.021824121342361915
7.75494,31.7519,7.688870192814176,1.0396036296898052,0.025006335162918884,0.024053720522676725
7.7437,31.7807,7.689578008104892,0.9729579031562171,0.031339212259565645,0.032210244819331976
7.73246,31.8095,7.690285823395606,1.0002923419332233,0.028578370210980253,0.02857001799668688
7.72121,31.8383,7.690994005190552,1.0700723421741372,0.04857261814383311,0.0453919013037426
7.70997,31.8671,7.691701820481266,1.1067749595941145,0.04670892877268782,0.04220273359800017
7.69873,31.8959,7.692409635771982,1.1348436489269553,0.05116610636613557,0.045086480780427665
7.68749,31.9247,7.693117451062698,0.9943097963387432,0.043373754338606296,0.04362197224478481
7.67624,31.9535,7.693825632857644,1.0157689991616234,0.039769283639063124,0.039151897401758826
7.665,31.9823,7.694533448148359,1.0935156001617776,0.03853534510431302,0.03523986772444033
7.665,31.9823,7.694533448148359,1.0884564756441029,0.03302683414824244,0.030342815617591456
7.65961,32.01198,7.695035898769121,1.0542282967257746,0.03272561195701972,0.031042243941524834
7.65422,32.04166,7.695538349389882,1.067586760754264,0.032987127261627745,0.030898778885494898
7.64883,32.07134,7.6960408000106435,0.9766390839521881,0.037586877659686914,0.038485944580042016
7.64344,32.10102,7.6965432506314055,1.0314836241401226,0.05113108007592319,0.049570423494166155
7.63805,32.1307,7.697045701252168,1.0118759831112376,0.02317542720495995,0.022903426498672247
7.63266,32.16038,7.69754815187293,0.9901369273477794,0.04258099265172812,0.04300515562608828
7.62727,32.19006,7.698050602493691,1.0011965099899327,0.0328920824738033,0.0328527738017525
7.62188,32.21974,7.698553053114454,0.9376490784590816,0.0214103928727249,0.022834121383567524
7.61649,32.24942,7.699055503735214,1.0008733962251042,0.03544527514336806,0.03541434438866446
7.6111,32.2791,7.699557954355975,0.9631871235345033,0.05368550674582607,0.05573735926703649
7.60571,32.30878,7.700060404976738,0.916814746941569,0.03934708421982927,0.04291715894741925
7.60032,32.33846,7.700562855597498,0.9518104634864575,0.04821330945345796,0.050654317538025205
7.59493,32.36814,7.701065306218262,0.9460947293711012,0.10234457636668719,0.10817582340271448
7.58954,32.39782,7.701567756839022,0.8329276336034761,0.04879058901498464,0.05857722453498512
7.58415,32.4275,7.702070207459784,0.895202915599997,0.06859922966007667,0.07662981036438986
7.57876,32.45718,7.7025726580805465,0.9049319859342269,0.03294767233475268,0.03640900404325791
7.57337,32.48686,7.7030751087013085,0.9027810664476347,0.04527593818970066,0.05015162576222113
7.56798,32.51654,7.703577559322071,0.9039021862164892,0.05239883464507259,0.057969585032647326
7.56259,32.54622,7.704080009942831,0.9829880783020266,0.12259552580487414,0.12471720513298659
7.5572,32.5759,7.704582460563593,0.9955933573301106,0.051661677632827245,0.05189033981842618
7.55181,32.60558,7.705084911184355,0.9510628648948714,0.03764442181015442,0.03958142326828791
7.54642,32.63526,7.705587361805117,0.8992385154695473,0.0403002802648243,0.04481600773492344
7.54103,32.66494,7.706089812425877,0.875476629049168,0.02296250902202052,0.02622858025000564
7.53564,32.69462,7.70659226304664,0.9024100700559929,0.044623117343525524,0.04944882467984509
7.53025,32.7243,7.707094713667401,0.8823524561540108,0.03479083113537061,0.0394296302942438
7.52486,32.75398,7.707597164288163,0.8698257577201778,0.04712471281483344,0.05417718709359424
7.51947,32.78366,7.708099614908925,0.8896868913828999,0.023139293829964613,0.026008356483703674
7.51408,32.81334,7.708602065529686,0.8903039575115093,0.026940511890023756,0.030259903556225053
7.50869,32.84302,7.709104516150449,0.9051862378529917,0.039233700227278144,0.04334323544327898
7.5033,32.8727,7.70960696677121,0.8634269748175356,0.02690479500087078,0.031160475391166065
7.5033,32.8727,7.70960696677121,0.8353664737445236,0.029295747409007023,0.035069335830164534
7.48798,32.89869,7.710435448449902,0.8096497333362478,0.03099796022683153,0.03828564248283161
7.47267,32.92468,7.711263563624366,0.8414710062812784,0.045117136023573534,0.05361698226889619
7.45735,32.95067,7.7120920453030575,0.926213749621821,0.04842162197314583,0.05227910079386825
7.44203,32.97665,7.712920424251008,0.8999667580527116,0.040880561479531397,0.0454245238657326
7.42671,33.00264,7.713748905929702,0.9524188085335205,0.02575507490780573,0.027041753771601704
7.4114,33.02863,7.714577021104164,0.955640847184584,0.0329868392807202,0.03451802984133926
7.39608,33.05462,7.715405502782857,0.9253666852196405,0.029233537733620155,0.031591301265272397
7.38076,33.08061,7.716233984461549,0.9479154382398478,0.03357083056942681,0.03541542759527511
7.36545,33.1066,7.717062099636012,0.9084493766890205,0.02302240756235645,0.025342532179685188
7.35013,33.13259,7.717890581314704,0.8696176501233056,0.03979794442729803,0.04576487657725779
7.33481,33.15857,7.718718960262656,0.8834440330801719,0.042469165320062605,0.0480722759222129
7.31949,33.18456,7.719547441941349,0.9067441546789621,0.02909611551543545,0.032088561437417916
7.30418,33.21055,7.72037555711581,0.8846332013144844,0.030879937931172562,0.034907052872634424
7.28886,33.23654,7.721204038794503,0.9011870076942824,0.04050219426616868,0.04494316265144004
7.27354,33.26253,7.722032520473195,0.8578692345363997,0.049533155621112816,0.05773975056685764
7.25823,33.28852,7.722860635647657,0.8787872299598647,0.02984214838759823,0.03395833185805529
7.24291,33.31451,7.723689117326351,0.7937788996501036,0.02862311704074544,0.03605930701025495
7.22759,33.34049,7.724517496274301,0.799139178141828,0.03738151143932252,0.04677722286904097
7.21227,33.36648,7.725345977952995,0.8012422993361931,0.02795786832592585,0.034893150734912726
7.19696,33.39247,7.726174093127456,0.8056462131753548,0.03664823053627396,0.04548923576743382
7.18164,33.41846,7.72700257480615,0.8611896175646541,0.0523210864039618,0.06075443240005594
7.16632,33.44445,7.727831056484842,0.9575222649299053,0.029972489121134805,0.03130213282646636
7.15101,33.47044,7.728659171659305,0.9353515669858504,0.045018581835548875,0.04813011858270602
7.13569,33.49643,7.729487653337997,0.97802972201231,0.04032765039944387,0.04123356324639006
7.12037,33.52241,7.730316032285949,0.9356291901315561,0.031137502706204967,0.033279746970941354
7.10505,33.5484,7.731144513964642,0.9055907688617026,0.03246770096919417,0.03585250875514664
7.08974,33.57439,7.731972629139103,0.9250997204994835,0.027994768030400647,0.030261351733287305
7.07442,33.60038,7.732801110817796,0.9353831717481829,0.034106038967642756,0.03646210451263553
7.0591,33.62637,7.733629592496488,0.9124173374135399,0.027268655914730384,0.029886165898633358
7.04379,33.65236,7.73445770767095,0.8820306666859328,0.04826356879339898,0.054718696998076514
7.02847,33.67835,7.735286189349644,0.9075921165553984,0.034381526225713915,0.03788213405400961
7.01315,33.70433,7.7361145682975945,0.8637315903730161,0.027195340296837497,0.031485869684461536
6.99783,33.73032,7.736943049976288,0.91934388005934,0.02182431267617211,0.02373900903627426
6.98252,33.75631,7.7377711651507495,0.9183604684194897,0.030145672840078328,0.03282553406502724
6.9672,33.7823,7.738599646829443,0.9081902901429597,0.04451970785656132,0.049020242056929945
6.9672,33.7823,7.738599646829443,0.906091388079308,0.019373543755388835,0.021381445635915385
6.94943,33.80716,7.739506313470985,0.9019398309517884,0.03268487376683767,0.036238419288287076
6.93166,33.83202,7.740412980112528,0.9172989869966711,0.03745763888699103,0.040834710839081044
6.91389,33.85688,7.74131964675407,0.8358302658884256,0.023909814336781847,0.028606064308245034
6.89612,33.88174,7.742226313395613,0.8985523194850874,0.025750597976994413,0.028657872689873767
6.87835,33.90659,7.743132877306413,0.8858011003794178,0.030011634895635075,0.03388078303671118
6.86058,33.93145,7.744039543947955,0.9031646635152933,0.035212458129624806,0.03898786074354486
6.84281,33.95631,7.744946210589499,0.9543329390197812,0.031903279411846654,0.03342992587536096
6.82504,33.98117,7.745852877231041,0.9242044494876044,0.03097384385631142,0.03351406052360371
6.80726,34.00603,7.746759910376815,0.9281552202159885,0.03185964391503762,0.03432577140235622
6.78949,34.03089,7.747666577018357,0.9326138564319484,0.035258961515928985,0.03780660267136164
6.77172,34.05575,7.748573243659899,0.9199128910079809,0.04191196069706491,0.04556079288240053
6.75395,34.08061,7.749479910301441,0.8719810103015455,0.023426381572840885,0.0268657015417568
6.73618,34.10546,7.7503864742122435,0.8848974524769023,0.032437336328184914,0.036656604940369174
6.71841,34.13032,7.751293140853785,0.9225928187259903,0.03685503687459516,0.03994724013296389
6.70064,34.15518,7.752199807495328,0.9005154631605686,0.03829365319613122,0.042524148404660074
6.68287,34.18004,7.75310647413687,0.9276018697366943,0.03278877455960325,0.035347896149573906
6.6651,34.2049,7.754013140778413,0.9766412293751033,0.0376415062012785,0.03854179515374662
6.64733,34.22976,7.754919807419955,1.005014192116489,0.03716964260566162,0.036984196737943544
6.62956,34.25462,7.755826474061497,0.9965474533984793,0.04862343502933202,0.0487918913078487
6.61179,34.27948,7.75673314070304,0.9133714546371963,0.03615562120781607,0.03958479436187064
6.59402,34.30434,7.7576398073445825,0.9688607635340644,0.039735218491952724,0.04101231052748238
6.57625,34.32919,7.758546371255383,0.9969842007601329,0.0360977317807238,0.03620692459639954
6.55848,34.35405,7.759453037896926,0.9370402249963421,0.040806783822650364,0.043548593469196754
6.54071,34.37891,7.760359704538468,0.9697194898938873,0.02273038176616024,0.023440161823134582
6.52294,34.40377,7.761266371180011,1.007304317021187,0.02581819380405125,0.02563097702231748
6.50516,34.42863,7.762173404325784,0.991209800086291,0.03146063123445416,0.03173962891782881
6.48739,34.45349,7.763080070967327,0.9933569810594032,0.022304539531442073,0.022453699885065036
6.46962,34.47835,7.76398673760887,0.9296580410969513,0.0351030918508394,0.03775914400677852
6.45185,34.50321,7.764893404250412,0.9357391811392697,0.032203246082253424,0.03441476720366216
6.43408,34.52806,7.765799968161213,0.9731836917494576,0.019031083809400388,0.019555489853296748
6.41631,34.55292,7.766706634802755,0.9592167621389432,0.02017318100951982,0.021030888747748677
6.39854,34.57778,7.767613301444297,0.9489661085944329,0.03330644868224236,0.03509761663835858
6.38077,34.60264,7.768519968085841,0.9270315309276377,0.03983412146604032,0.04296954325402519
6.363,34.6275,7.769426634727383,0.9061052350396593,0.023060051169107774,0.025449639045621957
6.363,34.6275,7.769426634727383,0.8992273361980733,0.025223958813730955,0.028050702862723983
6.34668,34.65299,7.770286630292119,0.9342341200835843,0.047967579724349285,0.05134428158121404
6.33035,34.67848,7.771146992361087,0.9239036523698871,0.060973095359609035,0.06599507990168471
6.31403,34.70397,7.772006987925825,0.9904740782146833,0.05747301706175424,0.058025765969916765
6.29771,34.72945,7.772866880759818,1.0229117945160944,0.04293970366108088,0.04197791431410196
6.28139,34.75494,7.773726876324555,1.056765333994939,0.04458814139136284,0.04219303941661696
6.26506,34.78043,7.774587238393523,0.941806410696927,0.04161710129911272,0.044188594201983074
6.24874,34.80592,7.77544723395826,0.9128527968625212,0.030465855820417487,0.033374335845964165
6.23242,34.83141,7.776307229522996,0.9194566602875037,0.051607035992844594,0.056127752641117044
6.21609,34.8569,7.777167591591965,0.949244098359116,0.0404176970035146,0.042578823585399696
6.19977,34.88239,7.7780275871567,0.9341028261682405,0.02497894057132437,0.026741103732433665
6.18345,34.90787,7.778887479990695,0.9551084504285526,0.038918037373483406,0.04074724431138795
6.16712,34.93336,7.779747842059663,0.8643563526283661,0.025600447163670353,0.029617931407368715
6.1508,34.95885,7.780607837624401,0.8903504285675714,0.03944359420137062,0.04430120201641159
6.13448,34.98434,7.7814678331891365,0.9191987166528944,0.038116574478454096,0.04146717547349186
6.11816,35.00983,7.782327828753874,0.9540631562859863,0.023707328096912877,0.024848803709391395
6.10183,35.03532,7.783188190822841,0.9569343780833328,0.039162554876787124,0.040925016149202166
6.08551,35.0608,7.7840480836568355,0.9274534435873404,0.02602511474543236,0.02806083143620515
6.06919,35.08629,7.784908079221573,0.9125731457099254,0.01981196755673644,0.021710005000556924
6.05286,35.11178,7.785768441290541,0.9082687537179843,0.03355187904039111,0.03694047483528086
6.03654,35.13727,7.786628436855277,0.9373099549160979,0.03679934365138174,0.039260591929460284
6.02022,35.16276,7.787488432420014,0.9122272179766489,0.03950760906655857,0.043308956680976694
6.0039,35.18825,7.78834842798475,0.95974413172101,0.01774113320596427,0.018485273959582257
5.98757,35.21374,7.789208790053717,0.9446564462110751,0.03613072885813584,0.03824748034383576
5.97125,35.23922,7.790068682887713,0.9738762424283905,0.027677611240398844,0.028420049729710895
5.95493,35.26471,7.79092867845245,0.9338387685379528,0.01359204106318923,0.014555019047313014
5.9386,35.2902,7.791789040521419,0.9506670629490287,0.052236416207575256,0.054947118968795054
5.92228,35.31569,7.7926490360861544,0.9653984210995004,0.04750856650922767,0.04921135716704381
5.90596,35.34118,7.79350903165089,0.9011539330008855,0.03476199197463854,0.03857497670667591
5.88963,35.36667,7.794369393719859,0.9193128555509501,0.04950385547480519,0.053848757989071315
5.87331,35.39216,7.795229389284595,0.9008969327421461,0.03801595907302539,0.04219790043830273
5.85699,35.41764,7.79608928211859,0.9117174884905419,0.022530471490840583,0.024712119461635526
5.84067,35.44313,7.796949277683328,0.9771725887197092,0.02246004713629404,0.02298472899830436
5.82434,35.46862,7.797809639752295,0.8941587241136331,0.059488435304448174,0.06653006194556589
5.80802,35.49411,7.79866963531703,0.9792579955916711,0.030729840354538247,0.03138073979776001
5.7917,35.5196,7.799529630881768,1.0110495463212712,0.032486132436564896,0.032131098376698246
5.77537,35.54509,7.800389992950735,0.8613491411403877,0.06875091545702168,0.07981770942036182
5.75905,35.57058,7.8012499885154725,0.697859349792153,0.05648478379714606,0.08094006881754785
5.74273,35.59606,7.802109881349468,0.8527693014586966,0.026739902031192326,0.03135654858289649
5.7264,35.62155,7.802970243418436,0.857021704522424,0.013501409216171916,0.015753870812053223
5.71008,35.64704,7.803830238983171,0.890534012102826,0.03620674723059077,0.0406573435023503
5.69376,35.67253,7.804690234547908,0.8422417176715713,0.020905829300118552,0.02482165020027029
5.67744,35.69802,7.805550230112646,0.8491431349980487,0.0214492639484947,0.02525989207761067
5.66111,35.72351,7.806410592181613,0.8463201987018378,0.01700585202132508,0.020093874691175028
5.64479,35.749,7.807270587746349,0.8478000432513706,0.02760781981690402,0.03256406983777231
5.62847,35.77448,7.8081304805803455,0.8609968227546574,0.044559213388215696,0.05175305205616644
5.61214,35.79997,7.808990842649311,0.8636077300429926,0.036614661132026584,0.042397329086208864
5.59582,35.82546,7.809850838214048,0.8806118139792816,0.03542698029637846,0.04022996254875586
5.5795,35.85095,7.810710833778786,0.8858799610218911,0.04512684301396035,0.050940132974568106
5.56318,35.87644,7.8115708293435215,0.8523424503363639,0.024581430080225234,0.028839851952140304
5.54685,35.90193,7.8124311914124895,0.9106975347716121,0.04504232867252629,0.04945915295995851
5.53053,35.92741,7.813291084246486,0.9289057853871103,0.030209300245764733,0.03252138238451747
5.51421,35.9529,7.8141510798112215,0.8998890896759075,0.03125450502642817,0.034731507899139424
5.49788,35.97839,7.815011441880189,0.8815556689938978,0.04846488767371371,0.05497654813907071
5.48156,36.00388,7.815871437444926,0.9089035445081699,0.02912141097680346,0.03204015558390387
5.46524,36.02937,7.816731433009662,0.9229384106936152,0.028294921821088597,0.03065743227635757
5.44891,36.05486,7.81759179507863,0.900367907948117,0.04088396975823321,0.04540807085339731
5.43259,36.08035,7.818451790643367,0.9686838677568563,0.03828641187798771,0.03952415556031306
5.41627,36.10583,7.819311683477362,0.8626487958267299,0.03936153828362034,0.04562869440500143
5.39995,36.13132,7.820171679042097,0.8563012169992372,0.03762612262281277,0.043940288622579746
5.38362,36.15681,7.821032041111066,0.8047136326116128,0.03547500129843548,0.044084006857576304
5.3673,36.1823,7.821892036675803,0.8292888829278903,0.026769712531497254,0.03228032243358191
5.3673,36.1823,7.821892036675803,0.7938711333398926,0.025435990817055727,0.032040453102311524
5.35959,36.21173,7.822476948009645,0.8310429869431001,0.024805686104488744,0.029848860400992883
5.35188,36.24117,7.823061962074229,0.8230454226603893,0.037762980590511405,0.045882012767226615
5.34417,36.2706,7.823646873408071,0.8473906891568965,0.03518372170814286,0.04152007115295139
5.33646,36.30004,7.824231887472654,0.8370410729335314,0.051972655236990364,0.06209092590264978
5.32875,36.32947,7.824816798806496,0.8945691966415795,0.03198028010156562,0.035749364299181116
5.32104,36.35891,7.82540181287108,0.9341706627357695,0.05211199821588891,0.05578423760737261
5.31333,36.38834,7.825986724204922,0.9273996232386926,0.05072062939441828,0.05469123355613428
5.30562,36.41778,7.8265717382695055,0.8873379586931529,0.041910218169964424,0.04723140462928989
5.29792,36.44721,7.827156283099117,0.9176896233896477,0.04310942571899673,0.04697604137634738
5.29021,36.47664,7.82774119443296,0.9606521034810145,0.04003641836571039,0.041676292823004925
5.2825,36.50608,7.8283262084975425,0.9482936567172648,0.03605578098792956,0.038021746462741174
5.27479,36.53551,7.8289111198313845,0.9675304474035098,0.03465077121182422,0.035813623545195857
5.26708,36.56495,7.829496133895969,0.9522954427806114,0.04197631787815466,0.04407909141682736
5.25937,36.59438,7.830081045229811,0.949745266985634,0.039014613726246344,0.04107902938023958
5.25166,36.62382,7.830666059294394,0.8387263247314033,0.037880479113847725,0.04516429018247246
5.24395,36.65325,7.831250970628237,0.8579733647079077,0.020456305303714367,0.023842587829843182
5.23624,36.68268,7.831835881962079,0.922495228699433,0.04329410520893089,0.04693152209574946
5.22853,36.71212,7.832420896026663,0.9333806113411185,0.023044656100243453,0.02468945232013334
5.22082,36.74155,7.833005807360505,0.8353992264500212,0.0343688120343967,0.04114058398215773
5.21311,36.77099,7.833590821425087,0.8367325248095303,0.032758958125578955,0.0391510514462624
5.2054,36.80042,7.834175732758929,0.8978065842206318,0.05855732981073932,0.06522265579236289
5.19769,36.82986,7.834760746823513,0.8898118298184157,0.02250342161066625,0.02529009039502041
5.18998,36.85929,7.835345658157356,0.8611271155242415,0.023973675346571438,0.027839879751059306
5.18228,36.88872,7.835930202986968,0.8722589884061195,0.04930119506990296,0.0565212806347701
5.17457,36.91816,7.836515217051551,0.8521771347748486,0.04737629746501934,0.055594424599923704
5.16686,36.94759,7.837100128385393,0.8738114269685944,0.02599880378017682,0.029753334618627322
5.15915,36.97703,7.837685142449977,0.8439786335794048,0.048008892001216684,0.05688401351774247
5.15144,37.00646,7.838270053783819,0.8606512866000523,0.05093073269179836,0.05917696689096574
5.14373,37.0359,7.838855067848402,0.9004411303177061,0.024989655355021102,0.0277526808956449
5.13602,37.06533,7.839439979182244,0.9716888104869904,0.03493774195978724,0.03595569032258091
5.12831,37.09477,7.8400249932468284,0.900211291986316,0.027812407371440116,0.03089542157383079
5.1206,37.1242,7.8406099045806705,0.8704194304830992,0.025817860285742514,0.029661401597403582
5.1206,37.1242,7.8406099045806705,0.8712082497685992,0.04186586555551322,0.04805494618150502
5.11323,37.15366,7.84118266296288,0.9390795563665059,0.032308170312142996,0.034404082266629284
5.10585,37.18313,7.841755890580061,0.8995656889755359,0.0335896298845102,0.03733982998258138
5.09848,37.21259,7.84232864896227,0.8310065391322002,0.03662387044328594,0.044071699461632814
5.09111,37.24205,7.8429014073444785,0.8608217604450246,0.05367275815293539,0.06235060568774172
5.08373,37.27152,7.843474634961661,0.9091611572066733,0.027869502232034642,0.030654083724453773
5.07636,37.30098,7.84404739334387,0.9868341393848521,0.03841492913535838,0.03892744241631579
5.06899,37.33044,7.844620151726078,0.975275192323861,0.039434475838206466,0.04043420374944942
5.06161,37.35991,7.84519337934326,0.8722450189822955,0.04163970694614635,0.0477385436889397
5.05424,37.38937,7.8457661377254695,0.9350594989390985,0.04930207733016995,0.05272613923082669
5.04687,37.41883,7.846338896107677,0.8992071807837856,0.017578841256664972,0.019549266990219694
5.03949,37.4483,7.84691212372486,0.9794809031045585,0.030068972549301208,0.030698885964999135
5.03212,37.47776,7.847484882107068,0.9528706686775059,0.02963118638935027,0.03109675569138417
5.02475,37.50722,7.8480576404892775,0.8974304335199517,0.033776086179405446,0.037636439458518245
5.01737,37.53669,7.84863086810646,0.8571610019365158,0.027406370133090045,0.031973421645610345
5.01,37.56615,7.849203626488667,0.8745834041428073,0.024169450810196853,0.027635386969051514
5.00263,37.59561,7.849776384870877,0.8683548430823015,0.04580724951350145,0.05275176372703193
4.99525,37.62508,7.850349612488059,0.8736834218298226,0.0370700273652769,0.04242958769623702
4.98788,37.65454,7.850922370870268,0.9219446917770615,0.03222864199911547,0.03495724015395577
4.98051,37.684,7.851495129252477,0.8966397527662444,0.031220099461225337,0.034818999899243225
4.97313,37.71347,7.852068356869657,0.9453295391171318,0.04181515293378111,0.044233414067261015
4.96576,37.74293,7.852641115251867,0.9345897865749416,0.028979835439497077,0.03100808061010549
4.95839,37.77239,7.853213873634076,0.9072973023071453,0.034164767567050704,0.0376555374739613
4.95101,37.80186,7.853787101251259,1.0282090842895522,0.024086110820229514,0.023425304432971403
4.94364,37.83132,7.854359859633466,0.9437871051751083,0.03357629308935523,0.0355761303637705
4.93627,37.86078,7.854932618015677,0.977185148787156,0.0352473490059166,0.03607028724256015
4.92889,37.89025,7.855505845632857,0.9571133570330318,0.02119290873849045,0.022142527405726135
4.92152,37.91971,7.856078604015066,0.9356748146195487,0.05262411453111435,0.056241884155567065
4.91415,37.94917,7.856651362397276,1.0219868590103096,0.02372195977207516,0.023211609389036048
4.90677,37.97864,7.857224590014456,0.9488039240386706,0.023381190207628733,0.02464280513101649
4.8994,38.0081,7.857797348396666,0.9995307551052676,0.06570603646389989,0.06573688316071867
4.8994,38.0081,7.857797348396666,0.9583726954074592,0.024527713736563605,0.02559308487616654
4.8943,38.03799,7.858291327740292,1.0389313943182512,0.07155940567921071,0.06887789325701157
4.88919,38.06788,7.8587856735881525,1.0268625672802973,0.07609195018674028,0.07410139643932492
4.88409,38.09777,7.85927965293178,1.0258773869651086,0.04563278791928565,0.0444817173076432
4.87899,38.12766,7.859773632275407,0.948970217225295,0.054841160424284274,0.057790180796858916
4.87388,38.15755,7.860267978123266,0.916161443456744,0.03409147975222313,0.03721121424144798
4.86878,38.18744,7.8607619574668925,0.9078916775857657,0.03320869134296543,0.036577812268609886
4.86368,38.21733,7.861255936810521,0.9120993563979438,0.030406545973104392,0.03333687910184007
4.85857,38.24722,7.86175028265838,0.9405178199150768,0.048675624603418635,0.05175406948463109
4.85347,38.27711,7.862244262002006,0.9435556490614454,0.02326410275901183,0.024655782393070962
4.84837,38.307,7.862738241345634,0.9789802871813897,0.06456289786501285,0.0659491296304829
4.84326,38.33689,7.863232587193492,0.9482332089694754,0.030000166142947836,0.03163796190554382
4.83816,38.36678,7.86372656653712,1.037851209191699,0.05738212347639153,0.05528935455120004
4.83306,38.39667,7.864220545880748,1.083941624068941,0.07807149278082026,0.07202555105112815
4.82795,38.42656,7.864714891728607,1.1204057363538071,0.05977201585501858,0.053348545009719125
4.82285,38.45645,7.865208871072235,1.1348245292364039,0.053894807860827114,0.04749175442752514
4.81775,38.48634,7.865702850415861,1.1546760420288487,0.027933325926965413,0.02419148307423488
4.81264,38.51623,7.8661971962637205,1.0525599022171273,0.027974205590576347,0.026577305036654997
4.80754,38.54612,7.8666911756073485,1.0634665717531047,0.046159053957369724,0.04340432993702603
4.80244,38.57601,7.867185154950975,1.0165052041025933,0.03048279362567868,0.02998783823501422
4.79733,38.6059,7.867679500798833,1.0492634952932218,0.031262915845797934,0.02979510483881016
4.79223,38.63579,7.868173480142461,1.0616531825563664,0.025521061725623764,0.024038981981075323
4.78713,38.66568,7.868667459486089,1.0096474965704203,0.04873977188728843,0.04827404817309816
4.78202,38.69557,7.869161805333947,1.089227103879927,0.05577088245364211,0.05120225364846422
4.77692,38.72546,7.869655784677574,1.070834880104466,0.05246044810037557,0.048990230963767034
4.77182,38.75535,7.870149764021203,1.089155087449503,0.039522274572037566,0.036287095407677605
4.76671,38.78524,7.870644109869062,1.1197538258921185,0.04259037171346896,0.03803547773506093
4.76161,38.81513,7.871138089212689,1.071904217766671,0.07001631061371293,0.06531955883109872
4.75651,38.84502,7.871632068556317,1.1459851966514933,0.046377030047157965,0.04046913536289049
4.7514,38.87491,7.872126414404176,1.114450669150359,0.03117283137116834,0.02797147709995459
4.7463,38.9048,7.872620393747802,1.139124299822877,0.05587256743823981,0.04904870122332344
4.7463,38.9048,7.872620393747802,1.0819400378703068,0.020160095943426427,0.01863328395084593
4.73751,38.93435,7.873246120307499,1.1142500910955822,0.02254208891524237,0.020230726562542118
4.72873,38.9639,7.873871480362962,1.0585741184302448,0.03993365714010941,0.037724006703778915
4.71994,38.99345,7.874497206922658,1.1391254802100155,0.04020935433047434,0.03529844168094732
4.71115,39.02301,7.875123036213097,1.1256889391428537,0.03668255378864306,0.03258675866227723
4.70236,39.05256,7.875748762772792,1.109161892211351,0.021823311934131364,0.019675497406985314
4.69358,39.08211,7.876374122828255,1.0778775865199408,0.0460704016342396,0.042741775328108925
4.68479,39.11166,7.8769998493879525,1.109121185535104,0.03063260196860274,0.027618805201907497
4.676,39.14121,7.877625575947648,1.104610219937812,0.05160563348810223,0.046718410310387634
4.66722,39.17076,7.878250936003114,1.141364190846659,0.03975788762922611,0.034833656030275384
4.65843,39.20032,7.878876765293549,1.1588132949502536,0.033408416661762176,0.028829852753110115
4.64964,39.22987,7.879502491853245,1.130699894945952,0.050060366209622356,0.044273786911437955
4.64085,39.25942,7.880128218412942,1.1072544640349473,0.050505470460724136,0.04561324618794228
4.63207,39.28897,7.880753578468407,1.1192256830630896,0.04500530414972254,0.04021110740288975
4.62328,39.31852,7.881379305028102,1.0296184937555657,0.03585276056900193,0.034821403059911896
4.61449,39.34807,7.882005031587798,1.0018607406482902,0.04246624183167303,0.04238736992947115
4.60571,39.37763,7.882630494374004,1.0283644369581244,0.02885638760466379,0.028060468222744304
4.59692,39.40718,7.883256220933701,1.070819839662117,0.030485452938733764,0.02846926421194535
4.58813,39.43673,7.883881947493395,1.1483079844713875,0.027497695757357863,0.02394627236700454
4.57935,39.46628,7.884507307548859,1.083578187810975,0.03669587119821503,0.03386545762087309
4.57056,39.49583,7.885133034108557,1.0757744470294774,0.032598812056814364,0.03030264582583185
4.56177,39.52538,7.885758760668252,1.08602208220077,0.03815679957050207,0.03513446015128827
4.55298,39.55494,7.886384589958688,1.0706482977734464,0.05085132211974326,0.04749582306859802
4.5442,39.58449,7.8870099500141535,1.1033310164346093,0.04148573034337912,0.03760043878530613
4.53541,39.61404,7.88763567657385,1.1548825621786336,0.041279829739887725,0.03574374667326797
4.52662,39.64359,7.888261403133546,1.161605774408819,0.03611442333674738,0.03109008592448436
4.51784,39.67314,7.88888676318901,1.1564257922967975,0.07136637502796597,0.06171288767800999
4.50905,39.70269,7.889512489748706,1.1440936919923002,0.038212781894001464,0.03340004595904952
4.50026,39.73225,7.890138319039144,0.9761122305289458,0.05848984637522536,0.05992123092600764
4.49147,39.7618,7.890764045598839,1.0111413146265096,0.04806882699476062,0.047539178054964604
4.48269,39.79135,7.891389405654304,1.0369175562660522,0.06156985500825955,0.05937777274210021
4.4739,39.8209,7.8920151322139995,1.0689589083690447,0.04893348132714299,0.0457767655463977
4.4739,39.8209,7.8920151322139995,1.034375407721003,0.044536762706025905,0.0430566720492243
4.44518,39.83259,7.893187824602284,1.1294801728370778,0.04062463118096969,0.03596754698130465
4.41646,39.84429,7.8943606197213105,1.2389205409343544,0.04315522001188291,0.03483291993797812
4.38774,39.85598,7.895533312109595,1.1818118740368155,0.06856068891142635,0.058013200254316076
4.35903,39.86768,7.89670574072439,1.181821085980495,0.0528127625360309,0.044687612331958795
4.33031,39.87937,7.897878433112674,1.1984919429188443,0.04335570356754621,0.036175214880424134
4.30159,39.89106,7.899051125500959,1.235135332366252,0.10386490703615875,0.08409192443485207
4.27287,39.90276,7.900223920619984,1.302736279519273,0.13817997770095566,0.10606903321364929
4.24415,39.91445,7.901396613008269,1.151807632675729,0.08909838465856701,0.07735526500339757
4.21543,39.92614,7.902569305396553,1.0103953287347285,0.09040821860441772,0.08947806470723867
4.18671,39.93784,7.90374210051558,1.1812741665420703,0.04858900400385895,0.04113270685169808
4.15799,39.94953,7.904914792903864,1.2758270049257914,0.05224847121630585,0.04095262995263601
4.12928,39.96122,7.9060871187879185,1.3203329252181146,0.040893749968262,0.030972301899921558
4.10056,39.97292,7.907259913906944,1.2641257074682541,0.09757711506636044,0.07718940805482423
4.07184,39.98461,7.908432606295229,1.0944225593974362,0.19508834099923458,0.17825687100843912
4.04312,39.99631,7.909605401414255,1.0197728196595315,0.12660612990294226,0.12415130847006872
4.0144,40.008,7.91077809380254,1.1264678012316216,0.13410983155850734,0.11905340872759841
