-9.4553,12.4609,10.121963857231504,0.4455543046869715,0.025290154518639866,0.05676110465683349
-9.43226,12.44169,10.119522372049564,0.47194577094858625,0.015865378574328258,0.03361695252070949
-9.40922,12.42247,10.117081426604074,0.47803855811056317,0.018219223260326843,0.038112455472918166
-9.38618,12.40326,10.114639941422132,0.4762923475948656,0.01242669622149324,0.02609048052996096
-9.36314,12.38404,10.11219899597664,0.48029986689017495,0.018607801788932163,0.038742050688902255
-9.3401,12.36483,10.109757510794699,0.4750507307775676,0.02453160023316122,0.05163995894292734
-9.31706,12.34562,10.107316025612763,0.46497490425341353,0.01232435906388935,0.02650542846753836
-9.29402,12.3264,10.104875080167268,0.4592169206224669,0.01576518745960501,0.0343305892087673
-9.27098,12.30719,10.102433594985326,0.49293462270462235,0.021733541736959468,0.044090109998182664
-9.24794,12.28797,10.099992649539836,0.5160057996457779,0.02396240128125189,0.04643824022462799
-9.2249,12.26876,10.097551164357895,0.4835622636752518,0.016602340199879984,0.034333407395556605
-9.20186,12.24955,10.095109679175957,0.4538490661143129,0.01777334721513303,0.03916136121486781
-9.17882,12.23033,10.092668733730463,0.46216453088188325,0.012626977703364396,0.027321390672863013
-9.15578,12.21112,10.090227248548526,0.47761367151540507,0.019817975999972162,0.04149373684612575
-9.13274,12.19191,10.087785763366584,0.48610405229502823,0.01584466058503013,0.03259520366107465
-9.10971,12.17269,10.085346327608114,0.4881390286812873,0.014779606263283883,0.030277452518417028
-9.08667,12.15348,10.082904842426172,0.5549666878152031,0.022715499581634366,0.04093128485073746
-9.06363,12.13426,10.08046389698068,0.5668248790196764,0.018240645947987785,0.03218039049297727
-9.04059,12.11505,10.078022411798742,0.5212912104607834,0.014090124607861099,0.027029277158551083
-9.01755,12.09584,10.0755809266168,0.5213863272689556,0.010128059448588057,0.019425249414650507
-8.99451,12.07662,10.073139981171309,0.5043166598142198,0.009367926610258391,0.018575485120220593
-8.97147,12.05741,10.070698495989367,0.4894405425827267,0.017771505725840176,0.03630983578119989
-8.94843,12.03819,10.068257550543876,0.5100156753677088,0.0109485942478509,0.021467172043206775
-8.92539,12.01898,10.065816065361936,0.4975061007917613,0.025556189280117235,0.05136859475581419
-8.90235,11.99977,10.063374580179996,0.47958996575568963,0.022791380820468707,0.04752263902051483
-8.87931,11.98055,10.060933634734504,0.5228435124774324,0.01272314256224855,0.02433451359463453
-8.8597,11.9642,10.058855607576962,0.49578515988533167,0.01787319871574833,0.036050289847082466
-8.83896,11.94252,10.056894665311894,0.5146875941140868,0.01261477896943335,0.024509584287040594
-8.81822,11.92085,10.05493318331038,0.5028423560023283,0.0134171979379084,0.02668271234065707
-8.79748,11.89917,10.052972241045312,0.4936847186120971,0.022293876623952796,0.04515812579054075
-8.77674,11.8775,10.051010759043798,0.4886121757847028,0.017387199282384976,0.03558486698466208
-8.756,11.85582,10.04904981677873,0.47553340706179537,0.010870525277621145,0.022859645854930492
-8.73525,11.83415,10.047086825090197,0.5122292297552762,0.014358448286557796,0.028031294296535402
-8.71451,11.81247,10.045125882825129,0.5045613908649005,0.009810475898554532,0.019443572330688594
-8.69377,11.7908,10.043164400823615,0.5031254122728153,0.02138270148054596,0.04249974451489519
-8.67303,11.76912,10.041203458558547,0.4699442134574355,0.019582975694797142,0.0416708518458454
-8.65229,11.74745,10.039241976557035,0.5038042271276925,0.022559649084743602,0.04477860222285454
-8.63155,11.72577,10.037281034291965,0.49662048261564706,0.021479336874222037,0.043251008820845774
-8.61081,11.7041,10.035319552290451,0.5153765625740395,0.022684840976706446,0.044016050833602896
-8.59007,11.68242,10.033358610025385,0.5824181957776811,0.020747938474678033,0.035623781374093395
-8.56933,11.66075,10.03139712802387,0.5647487522603685,0.016406474570052166,0.029050926636643937
-8.54859,11.63907,10.029436185758803,0.5527228484677675,0.020035043884555993,0.03624790243445916
-8.52784,11.6174,10.027473194070268,0.50422310624203,0.020614594423222804,0.04088387495143406
-8.5071,11.59572,10.0255122518052,0.5407748435456436,0.01837326576718016,0.03397581449372539
-8.48636,11.57405,10.023550769803688,0.5579046120727555,0.018370563564783948,0.03292778580290401
-8.46562,11.55237,10.021589827538618,0.5309806988590029,0.019330892178530217,0.036406016678326304
-8.44488,11.5307,10.019628345537104,0.5292693312264621,0.010828577021161634,0.020459483257926268
-8.42414,11.50902,10.01766740327204,0.5221286570050622,0.01850814461522104,0.035447479020561785
-8.4034,11.48735,10.015705921270525,0.5142011897485664,0.021824925081336433,0.04244433018913932
-8.38266,11.46567,10.013744979005455,0.5189150442255233,0.02418394549361382,0.04660482628656136
-8.36192,11.444,10.011783497003941,0.517375731356801,0.023535888807222998,0.04549090222206769
-8.34118,11.42232,10.009822554738873,0.5126690310267892,0.01964899361861797,0.03832685890790861
-8.32044,11.40065,10.00786107273736,0.5073717392468232,0.02451123100610113,0.048310201593977725
-8.29969,11.37897,10.00589862078527,0.5041030532942493,0.019130422322052858,0.037949427596278146
-8.298,11.3772,10.005739017029793,0.4767838384698176,0.018515385138136813,0.038833919365974724
-8.28246,11.35154,10.004777927120863,0.5195068256984892,0.018571063748682722,0.0357474874824089
-8.26692,11.32588,10.003816837211932,0.5045053502226293,0.021663711019417515,0.04294049807372251
-8.25138,11.30022,10.002855747303002,0.5252567171064942,0.0217840834360578,0.04147321248181419
-8.23584,11.27455,10.001895197130521,0.5582479714709578,0.012677134608266496,0.02270878759283769
-8.2203,11.24889,10.00093410722159,0.5601399569235579,0.015003287177019708,0.026784890082510577
-8.20476,11.22323,9.999973017312662,0.5596990392705112,0.016325601446312888,0.029168535768063865
-8.18922,11.19757,9.999011927403732,0.5790138571880241,0.012838204816257179,0.022172534658506812
-8.17368,11.17191,9.998050837494805,0.5538978472560447,0.012991811939957453,0.023455249021669983
-8.15814,11.14625,9.997089747585875,0.5601577440227515,0.017333542332051113,0.03094403766976591
-8.1426,11.12059,9.996128657676945,0.5603729895772587,0.017586705965960882,0.03138392872794987
-8.12706,11.09493,9.995167567768014,0.5698703362914321,0.01511697304969919,0.02652703972639902
-8.11152,11.06926,9.994207017595532,0.5625614845924927,0.01650260505515509,0.029334758079126617
-8.09598,11.0436,9.993245927686603,0.5829877188296021,0.007956070226089618,0.013647063169807612
-8.08044,11.01794,9.992284837777673,0.5644799082311647,0.01634964388826555,0.028964084726236305
-8.0649,10.99228,9.991323747868744,0.5805778404460591,0.011389341926379559,0.019617252214843586
-8.04936,10.96662,9.990362657959814,0.5652701094048262,0.014194234547241258,0.02511053443492066
-8.03382,10.94096,9.989401568050885,0.5688054130157314,0.013040687010423014,0.022926446746142953
-8.01828,10.9153,9.988440478141959,0.5462913549261402,0.016037678564336143,0.029357372068434934
-8.00274,10.88964,9.987479388233027,0.5866118623887153,0.00940043393166526,0.016024963923140224
-7.9872,10.86397,9.986518838060544,0.5862257298179354,0.013834963423293671,0.02360006175025857
-7.97166,10.83831,9.985557748151614,0.5643353108217264,0.0136802400889782,0.024241332815163483
-7.95611,10.81265,9.984595148555663,0.5528744852826538,0.02097714007558883,0.03794195723259754
-7.94057,10.78699,9.983634058646736,0.5739398168330117,0.01771696426716532,0.030869027984375037
-7.92503,10.76133,9.982672968737806,0.5601448803611178,0.024000675967786607,0.042847264715360246
-7.90949,10.73567,9.981711878828877,0.5708570956288188,0.019456712157390373,0.03408333242483065
-7.89395,10.71001,9.980750788919947,0.5754138069123342,0.013133131496731626,0.022823803215991464
-7.87841,10.68435,9.979789699011018,0.5787192292514673,0.01837107294824721,0.0317443624121647
-7.86287,10.65868,9.978829148838535,0.5715530208175107,0.015710490025110976,0.027487371167489862
-7.84733,10.63302,9.977868058929607,0.5638354674067703,0.01562109813096472,0.027705064746654406
-7.83179,10.60736,9.976906969020675,0.578204509837868,0.016760912748806155,0.028987862362931095
-7.8214,10.5902,9.976264591948041,0.5775705175291479,0.01390570262431119,0.024076198840273073
-7.80656,10.56413,9.975431309324826,0.5709877674274334,0.01155384013704025,0.020234829529003216
-7.79171,10.53806,9.974596517014595,0.587011491945849,0.016325427533896354,0.02781108676387268
-7.77687,10.51199,9.97376323439138,0.5692865919700416,0.01644185095015627,0.028881500428911407
-7.76202,10.48592,9.972928442081145,0.5873039599296457,0.01972359799772632,0.03358328794528995
-7.74718,10.45985,9.97209515945793,0.590689879146701,0.014268090017817049,0.024154959347582612
-7.73234,10.43378,9.971261876834719,0.640078835321398,0.024810042072689165,0.0387609161615717
-7.71749,10.40771,9.970427084524484,0.6157571174994105,0.017234883922252524,0.02798974373571739
-7.70265,10.38164,9.96959380190127,0.593912909364372,0.02122321348950194,0.03573455494041344
-7.6878,10.35557,9.968759009591038,0.5788686537790355,0.018050813396332476,0.03118291736560811
-7.67296,10.3295,9.967925726967824,0.5816457373386895,0.029700733601698268,0.05106327046699162
-7.65811,10.30343,9.967090934657588,0.5966695138610455,0.023478002801410047,0.03934842028292011
-7.64327,10.27736,9.966257652034376,0.6037704728982402,0.014628043942821066,0.024227822656850074
-7.62843,10.25129,9.965424369411162,0.6183117292230278,0.016409744293936428,0.026539597291089654
-7.61358,10.22522,9.964589577100927,0.6015396448592092,0.018168516875634148,0.03020335738617278
-7.59874,10.19915,9.963756294477713,0.6127451646817003,0.006879646459282992,0.011227581800432042
-7.58389,10.17308,9.962921502167479,0.5962570165333886,0.012786011033066034,0.02144379131570363
-7.56905,10.14701,9.962088219544267,0.623217416098048,0.013622736640892016,0.02185872263677049
-7.55421,10.12094,9.961254936921053,0.6080949548090735,0.021621595334960463,0.035556281406329215
-7.53936,10.09487,9.960420144610818,0.6219868084641418,0.015774917043572322,0.025362140850744046
-7.52452,10.0688,9.959586861987606,0.6055137887980468,0.0099702796960177,0.016465817757525956
-7.50967,10.04273,9.95875206967737,0.602906287996378,0.01894810493354145,0.03142794379622606
-7.49483,10.01666,9.957918787054156,0.5994839774151741,0.014475316705799915,0.024146294565225716
-7.47999,9.99059,9.957085504430943,0.5804206359486697,0.021152070924020012,0.03644265833079482
-7.46514,9.96452,9.95625071212071,0.5799259498824771,0.017902056221761522,0.03086955537235297
-7.4503,9.93845,9.955417429497496,0.5861868134046555,0.01563666027193017,0.026675216696039693
-7.43545,9.91238,9.954582637187261,0.5944750209539956,0.014447699214547303,0.024303290643502683
-7.42061,9.88631,9.953749354564048,0.6072721291637959,0.011039995380875736,0.018179651017539097
-7.40576,9.86024,9.952914562253815,0.6008218885020767,0.014639295347352527,0.02436544944101504
-7.39092,9.83417,9.952081279630601,0.6059962789786971,0.020286018594725785,0.03347548375860392
-7.37608,9.8081,9.951247997007385,0.5966725069623269,0.01709660005189227,0.028653239176263452
-7.3623,9.7839,9.950473810492909,0.6173752787657409,0.013348953308717807,0.02162210533503234
-7.34791,9.75758,9.949721957196763,0.6233399683424192,0.019187956223829135,0.030782489810261323
-7.33352,9.73125,9.948970643637066,0.6155670631361836,0.017611078561826563,0.02860952058107504
-7.31913,9.70493,9.948218790340922,0.6085540758368168,0.012775437160433755,0.02099310097112796
-7.30474,9.67861,9.947466937044775,0.5819140507666333,0.014926958742068959,0.025651483620998113
-7.29035,9.65228,9.946715623485078,0.5892823926668527,0.015275860421130756,0.025922818348599247
-7.27596,9.62596,9.945963770188934,0.5683828501696078,0.02451592079186461,0.04313275952036371
-7.26157,9.59964,9.945211916892788,0.5938864413890348,0.015824527990379835,0.026645713536358924
-7.24718,9.57331,9.944460603333088,0.5937662133036479,0.014384886445837032,0.024226515627760552
-7.23279,9.54699,9.943708750036945,0.5926835310585071,0.01996768013792106,0.03369029016591645
-7.2184,9.52067,9.9429568967408,0.5955311728054546,0.013900657198068211,0.02334161137625152
-7.20401,9.49434,9.9422055831811,0.6003430019773267,0.009413109601398927,0.015679552473161724
-7.18962,9.46802,9.941453729884957,0.5948164366418645,0.0139794778132799,0.02350217134584138
-7.17523,9.4417,9.940701876588811,0.6016328957682766,0.0168865575936883,0.02806787612922064
-7.16084,9.41537,9.939950563029115,0.597718440102631,0.022694584739037536,0.03796868762345825
-7.14644,9.38905,9.93919720004595,0.6173257925697877,0.02394810177844849,0.03879329531778991
-7.13205,9.36273,9.938445346749802,0.6271512432204773,0.012895600321757452,0.020562185694693674
-7.11766,9.3364,9.937694033190105,0.6172481703582958,0.014574255506059093,0.02361166254668545
-7.10327,9.31008,9.93694217989396,0.6329148925420542,0.016645367534321286,0.02629953526210521
-7.08888,9.28376,9.936190326597815,0.6379505410075654,0.011536446160255509,0.01808360588900057
-7.07449,9.25743,9.935439013038117,0.6258333912589811,0.018786835663946212,0.030018909068039615
-7.0601,9.23111,9.934687159741971,0.636442282355986,0.012685135602428633,0.019931321274681373
-7.04571,9.20479,9.933935306445827,0.6269223879433096,0.023532435376290302,0.037536441238749094
-7.03132,9.17846,9.933183992886129,0.6290846486773414,0.012836775467625168,0.020405481988178625
-7.01693,9.15214,9.932432139589983,0.6074729805069526,0.02048429410629507,0.033720502415103916
-7.00254,9.12582,9.931680286293837,0.6153491690260793,0.024016730156430577,0.03902943461261539
-6.98815,9.09949,9.930928972734142,0.6326553804872811,0.016932469021244533,0.02676412711167157
-6.97376,9.07317,9.930177119437996,0.616811340805532,0.020256617045419797,0.03284086349476881
-6.95937,9.04685,9.92942526614185,0.6108351010954721,0.02055860592459201,0.03365655622560359
-6.94498,9.02052,9.928673952582153,0.6088940811065583,0.014674414327381513,0.024100109990744755
-6.93059,8.9942,9.927922099286008,0.6095229041350703,0.024860885283712417,0.04078745050440836
-6.9162,8.96788,9.927170245989862,0.6003861831146522,0.0170788034554907,0.028446363250550125
-6.9108,8.958,9.926888274607622,0.590633923935669,0.027875170658245536,0.04719534305192002
-6.89642,8.93167,9.926138470734944,0.5869153379652748,0.025429376883645965,0.043327163627730085
-6.88204,8.90534,9.925388666862267,0.5868894888649122,0.02903520257160611,0.04947303218492181
-6.86765,8.87902,9.92463681356612,0.6302584643812963,0.0193700291042909,0.03073346920188658
-6.85327,8.85269,9.923887009693441,0.6204782011670492,0.019364922312636194,0.031209673887354898
-6.83889,8.82636,9.923137205820764,0.5796470663862217,0.021439344955309653,0.036986894609804706
-6.82451,8.80003,9.922387401948086,0.5978510564607176,0.027256746682295722,0.045591199325892055
-6.81013,8.7737,9.921637598075407,0.5625252893754445,0.018959580323771378,0.03370440526295564
-6.79575,8.74738,9.920887254466283,0.5689107143103918,0.02450171160903724,0.04306776264310143
-6.78136,8.72105,9.920135940906583,0.5658064738541113,0.023936900936786895,0.04230580957078062
-6.76698,8.69472,9.919386137033905,0.5766801134943925,0.026592522930593207,0.046113126338718086
-6.7526,8.66839,9.91863633316123,0.5651161960315466,0.028252035390434704,0.049993320999877314
-6.73822,8.64206,9.917886529288548,0.5982297650217434,0.024494431984738104,0.04094485667032603
-6.72384,8.61574,9.917136185679425,0.604842668556676,0.022782808383235133,0.03766732998120204
-6.70945,8.58941,9.916384872119727,0.6272040031846412,0.021837630587769084,0.03481742858286629
-6.69507,8.56308,9.915635068247049,0.6244442550502038,0.029330206311883582,0.04697009552842391
-6.68069,8.53675,9.91488526437437,0.633135847766825,0.01622991180764557,0.02563416976765912
-6.66631,8.51042,9.914135460501692,0.6305101636300777,0.01987482783369174,0.031521819916851275
-6.65193,8.4841,9.913385116892567,0.658532179794158,0.006959022355999549,0.010567475014166777
-6.63754,8.45777,9.912633803332868,0.6511504871316405,0.017196628475701733,0.026409607019498644
-6.62316,8.43144,9.911883999460189,0.6554495393361142,0.02451943435356817,0.03740857668220073
-6.60878,8.40511,9.911134195587511,0.6707864175464779,0.021702289862768908,0.032353502240174956
-6.5944,8.37878,9.910384391714834,0.6454784520610344,0.022698316407483054,0.03516510324241896
-6.58002,8.35246,9.90963404810571,0.6443221406321151,0.020925656428736904,0.032477009727164885
-6.56564,8.32613,9.90888424423303,0.642717196245628,0.00739993203874592,0.011513511824441491
-6.55125,8.2998,9.908132930673332,0.6328634954200634,0.028635697925135806,0.045247826952206895
-6.53687,8.27347,9.907383126800655,0.6638460397877999,0.019008258543492182,0.028633534591195605
-6.52249,8.24714,9.906633322927975,0.6323572488515738,0.01618975596495243,0.025602230375874873
-6.50811,8.22082,9.90588297931885,0.6274018792194973,0.02222006939629292,0.03541600707976076
-6.49373,8.19449,9.905133175446174,0.635203085956025,0.015829403389589866,0.024920224318125767
-6.47934,8.16816,9.904381861886474,0.6330107939395693,0.01624461188726025,0.02566245637955275
-6.46496,8.14183,9.903632058013795,0.6367884787442833,0.014153620054371525,0.02222656427811287
-6.4597,8.1322,9.903357728838687,0.6310151477737992,0.01838406845535968,0.02913411590865619
-6.44772,8.1047,9.90303339901509,0.6508613712316869,0.025079475459856695,0.03853274532546987
-6.43573,8.07719,9.902708099240918,0.6448462833441105,0.014532897629001472,0.022536995256660655
-6.42375,8.04969,9.902383769417323,0.6441557826473848,0.02246513523391718,0.034875314076338496
-6.41177,8.02219,9.902059439593726,0.6403373088962901,0.01748839859756629,0.027311228558132842
-6.39978,7.99469,9.901733600083109,0.6386171849250944,0.015464755117374962,0.024216002140920893
-6.3878,7.96718,9.901409809995958,0.6504605297813761,0.01787803025861941,0.02748518847812077
-6.37582,7.93968,9.901085480172359,0.6653879892262121,0.017794959858049953,0.02674373470243118
-6.36383,7.91218,9.900759640661741,0.6523309879000572,0.019453155582738066,0.029820989564454756
-6.35185,7.88468,9.900435310838144,0.6490680285765902,0.019443648685192005,0.029956257016436373
-6.33987,7.85717,9.900111520750993,0.6733597253503232,0.01808146858796444,0.02685261370296144
-6.32788,7.82967,9.899785681240377,0.6728602361809934,0.01554849644790529,0.0231080625839255
-6.3159,7.80217,9.89946135141678,0.6607800327574589,0.029094175812671912,0.04403004686939596
-6.30392,7.77467,9.899137021593182,0.6474288515660553,0.023504733794404566,0.03630473640084055
-6.29193,7.74716,9.898811721819012,0.6849936846687892,0.012762509334994216,0.018631572262108074
-6.27995,7.71966,9.898487391995415,0.6654819316549772,0.01603860306339433,0.024100734070282216
-6.26797,7.69216,9.898163062171815,0.6701970652614488,0.01823683862308927,0.02721115858061083
-6.25598,7.66465,9.897837762397645,0.6514691934559103,0.01561834553984005,0.023974035452064793
-6.244,7.63715,9.897513432574048,0.6654406860459512,0.0124088372322832,0.018647548147403666
-6.23201,7.60965,9.897187593063428,0.6647307663096148,0.018563198963213838,0.02792589105852755
-6.22003,7.58215,9.896863263239833,0.674236158505029,0.010627223452433238,0.015761871146152674
-6.20805,7.55464,9.896539473152684,0.6539601330028796,0.01904450125845774,0.029121807733154096
-6.19606,7.52714,9.896213633642066,0.6400486555969663,0.017781033712746464,0.027780753161901872
-6.18408,7.49964,9.895889303818468,0.6550748301176567,0.018055853751047138,0.027563040008427988
-6.1721,7.47214,9.89556497399487,0.6488412451393794,0.01499490829155763,0.02311028838546867
-6.16011,7.44463,9.8952396742207,0.6613531999476865,0.013464856512519987,0.020359554491586444
-6.14813,7.41713,9.894915344397102,0.6576381333455089,0.020740568467701517,0.031537965054111106
-6.13615,7.38963,9.894591014573503,0.657789238038932,0.012486918433487594,0.018983160123924897
-6.12416,7.36212,9.894265714799333,0.6590547329502366,0.016132713059091443,0.024478563391653208
-6.11218,7.33462,9.893941384975735,0.6457127064207603,0.01910599148173519,0.02958899723011694
-6.1002,7.30712,9.89361705515214,0.6699651233439158,0.016578657634793548,0.0247455532491699
-6.08821,7.27962,9.893291215641522,0.6666082890738294,0.013781383591065633,0.020673885724123202
-6.0852,7.2727,9.893210297469102,0.6539752693069449,0.012244760935551359,0.01872358407150141
-6.08008,7.24314,9.89403279864937,0.6545151438214246,0.02114857494772657,0.032311819134159966
-6.07496,7.21358,9.894855299829638,0.6552924575011411,0.024784628947090482,0.03782224053303303
-6.06984,7.18402,9.895677801009908,0.6687278933651009,0.02138312456088351,0.031975822712107374
-6.06472,7.15446,9.896500302190175,0.6738841246562534,0.013370489004308426,0.01984093186811409
-6.0596,7.1249,9.897322803370443,0.6570148545647083,0.01778003375227091,0.02706184438409799
-6.05448,7.09534,9.898145304550711,0.6794854534422826,0.018538801715661198,0.027283588812304038
-6.04936,7.06578,9.898967805730981,0.65008486051615,0.02185641090016043,0.03362085817966445
-6.04425,7.03622,9.899791816598269,0.6657459809221158,0.020229906407655554,0.03038682468594911
-6.03913,7.00666,9.900614317778537,0.6617620747443121,0.026508042205689884,0.04005675637415745
-6.03401,6.9771,9.901436818958805,0.6513313311732579,0.020301495971163583,0.031169229852023295
-6.02889,6.94754,9.902259320139073,0.6564766026431539,0.022763779017466238,0.03467568977449166
-6.02377,6.91798,9.903081821319342,0.6477774764036768,0.01365060525587973,0.021072985327716235
-6.01865,6.88842,9.903904322499612,0.6654293714064283,0.017676038069353445,0.02656335717792857
-6.01353,6.85886,9.90472682367988,0.6510193428541695,0.026552815006342354,0.040786522394143786
-6.00841,6.8293,9.905549324860148,0.6285174049280456,0.015422242304385983,0.024537494401052524
-6.00329,6.79974,9.906371826040418,0.6423195200394873,0.010355969059193438,0.016122768709499583
-5.99817,6.77018,9.907194327220687,0.6273329382150911,0.023548897549088486,0.037538117504383885
-5.99305,6.74062,9.908016828400955,0.6343334697695918,0.015272767131307232,0.02407687416660316
-5.98793,6.71106,9.908839329581221,0.639179532557949,0.016225680134436985,0.025385168497969606
-5.98281,6.6815,9.909661830761491,0.6476621397487887,0.012424427655121199,0.019183501539769346
-5.97769,6.65194,9.91048433194176,0.6500229451028245,0.015024988074068841,0.023114550320515376
-5.97258,6.62238,9.911308342809049,0.637481804111306,0.020615234593202397,0.03233854591652458
-5.96746,6.59282,9.912130843989319,0.659174956052976,0.010495294804510552,0.01592186521671657
-5.96234,6.56326,9.912953345169587,0.6274839558248339,0.013215327568044928,0.021060821468611494
-5.95722,6.5337,9.913775846349855,0.6362693309069437,0.017652553244854763,0.027743838005978794
-5.9521,6.50414,9.914598347530125,0.6402986538337029,0.014152152007376989,0.022102423490417893
-5.94698,6.47458,9.915420848710392,0.649079092840849,0.011135986809211837,0.017156594522976458
-5.94186,6.44502,9.91624334989066,0.6444924289174528,0.021331041671978912,0.033097427859328676
-5.93674,6.41546,9.917065851070928,0.6643821273380104,0.012740433042026782,0.01917636329723989
-5.93162,6.3859,9.917888352251198,0.6573679783368547,0.016304142791883525,0.024802155458093826
-5.9284,6.3673,9.918406142820402,0.6431674258717048,0.01275483737543256,0.019831286321979898
-5.91757,6.33932,9.918281334353559,0.6571476724158146,0.016859781275357383,0.025656000900645726
-5.90674,6.31135,9.918155986150271,0.6313376150305061,0.0101835150356355,0.01613006225701194
-5.8959,6.28337,9.918029667996407,0.6383780144351138,0.013612270194913711,0.021323212715837182
-5.88507,6.2554,9.91790431979312,0.6234615031026186,0.02652174249911169,0.04253950302805841
-5.87424,6.22742,9.917779511326277,0.619617486516411,0.023263245772945754,0.03754452751767136
-5.86341,6.19944,9.917654702859434,0.6120419451158923,0.019536911762933346,0.03192087065084071
-5.85258,6.17147,9.917529354656146,0.6262953870611645,0.0074433291460709134,0.011884694187191885
-5.84174,6.14349,9.917403036502282,0.6174969337027182,0.009570339127382834,0.015498601863487612
-5.83091,6.11551,9.917278228035443,0.6259755650686949,0.01383039491459292,0.0220941450215795
-5.82008,6.08754,9.917152879832152,0.6558326775562227,0.01852902358531682,0.02825266904107318
-5.80925,6.05956,9.917028071365309,0.6127197645109348,0.011364506667321564,0.018547641720669108
-5.79842,6.03159,9.916902723162021,0.6316022933355538,0.01885444796383146,0.029851772488442473
-5.78758,6.00361,9.916776405008159,0.6606397891581958,0.013019267030464155,0.019707058587938885
-5.77675,5.97563,9.916651596541318,0.6680786996607483,0.021867771125100896,0.032732327996994055
-5.76592,5.94766,9.916526248338029,0.6657452849206511,0.028829994137166325,0.04330484164165356
-5.75509,5.91968,9.916401439871185,0.701344018313424,0.03203301891674722,0.04567376077973759
-5.74426,5.8917,9.916276631404344,0.6953325711373198,0.030628244639519672,0.04404833875309857
-5.73342,5.86373,9.916149773514034,0.6744370309413104,0.025040396196228814,0.03712784892798663
-5.72259,5.83575,9.916024965047193,0.6665883716856287,0.018736996067839354,0.028108795268147812
-5.71176,5.80778,9.915899616843904,0.6430257243056451,0.013336408697913157,0.0207400858065424
-5.70093,5.7798,9.91577480837706,0.6473026982709766,0.021310020858810633,0.032921260664805295
-5.6901,5.75182,9.915649999910219,0.6376779792734919,0.02436214179230716,0.03820445833814586
-5.67926,5.72385,9.915523142019909,0.6559611483380867,0.017540295314167193,0.026739838721556126
-5.66843,5.69587,9.915398333553068,0.6515049978739887,0.009671251664965018,0.014844478087696249
-5.6576,5.6679,9.915272985349779,0.664005713710101,0.017959491446264672,0.02704719413620231
-5.64677,5.63992,9.915148176882935,0.6405757514164684,0.020809100105249372,0.03248499503647368
-5.63594,5.61194,9.915023368416094,0.6595530361121558,0.01011640197822592,0.015338269137321723
-5.6251,5.58397,9.914896510525784,0.6420125651406572,0.019419274789085013,0.030247499571648545
-5.61427,5.55599,9.91477170205894,0.6298731567509692,0.01286080868069773,0.02041809298087371
-5.60344,5.52801,9.9146468935921,0.6298943480432059,0.022924999978564228,0.03639499235035484
-5.59261,5.50004,9.91452154538881,0.6217110080637516,0.021929925121999882,0.035273503022406096
-5.58178,5.47206,9.914396736921967,0.6431681937646861,0.01166596455497659,0.018138279641428875
-5.57094,5.44409,9.914269879031659,0.6657453208331262,0.01885713909309553,0.028324854119135757
-5.567,5.4339,9.914225053784222,0.6315813352119332,0.019495520317546308,0.030867790465980757
-5.56043,5.40463,9.9148129979896,0.6547305844193293,0.021726817505503558,0.0331843631908119
-5.55386,5.37536,9.915400942194978,0.6464962807008845,0.015795267146743817,0.02443210830172098
-5.5473,5.34608,9.915990935823825,0.6665887080833164,0.02111359429045607,0.03167409533708617
-5.54073,5.31681,9.916578880029205,0.6419423285453265,0.025169859906452863,0.0392089114352204
-5.53416,5.28754,9.917166824234583,0.6409489614079397,0.01591260918899536,0.024826640102576885
-5.52759,5.25827,9.917754768439961,0.6282641528304016,0.027442258077323305,0.04367949047179089
-5.52103,5.22899,9.918344762068807,0.6266032371856683,0.017570854432263885,0.02804143577550251
-5.51446,5.19972,9.918932706274187,0.6416957628007454,0.012753614106888269,0.019874861026390207
-5.50789,5.17045,9.919520650479566,0.6296381790709453,0.02165746391655164,0.034396681517165996
-5.50132,5.14118,9.920108594684944,0.6417774347664089,0.010895013507041971,0.016976311283065735
-5.49476,5.11191,9.920698048577346,0.6432704069556052,0.015226176676003357,0.023669947367956846
-5.48819,5.08263,9.92128653251917,0.638577920046704,0.008978322278122257,0.014059869588766245
-5.48162,5.05336,9.921874476724549,0.6350361346764963,0.0131841539131286,0.020761265687416267
-5.47505,5.02409,9.92246242092993,0.6395992934051603,0.017557026869159723,0.02745004106506737
-5.46848,4.99482,9.923050365135307,0.6306297636260317,0.017841131425958393,0.028290975870492407
-5.46192,4.96554,9.923640358764153,0.6452372107701259,0.01361084912566223,0.021094333833315253
-5.45535,4.93627,9.924228302969532,0.6496188695318244,0.01927064162938291,0.029664534903783076
-5.44878,4.907,9.924816247174912,0.6454417974243565,0.011957349108952053,0.0185258363444512
-5.44221,4.87773,9.92540419138029,0.6524574389456258,0.02309720055962108,0.035400317600710114
-5.43565,4.84845,9.925994185009136,0.6647010782518666,0.018861582305369485,0.0283760368720547
-5.42908,4.81918,9.926582129214516,0.6656251170216141,0.013843690241712302,0.02079802863157697
-5.42251,4.78991,9.927170073419896,0.6353755827319489,0.015741376192476203,0.024774915215961556
-5.41594,4.76064,9.927758017625273,0.6432343974515403,0.01916225001539315,0.029790462219236008
-5.40937,4.73137,9.928345961830653,0.6422664029375318,0.021339181679438348,0.03322481384957924
-5.40281,4.70209,9.9289359554595,0.6385665570825514,0.019175478004308077,0.030028941841107326
-5.39624,4.67282,9.929523899664877,0.6283208051378801,0.008859371040437172,0.014100075897523483
-5.38967,4.64355,9.930111843870256,0.6473059540058019,0.01748553409844285,0.02701278118984539
-5.3831,4.61428,9.930699788075637,0.6600725517461344,0.021599499872109764,0.032722917829216124
-5.37654,4.585,9.931289781704482,0.652174699325171,0.014129947676839132,0.02166589365006018
-5.3705,4.5581,9.931829821784213,0.6457631573652647,0.016678445229168115,0.025827495791517018
-5.35709,4.53126,9.931253984111262,0.6476323745491122,0.014989907140777435,0.02314570384350157
-5.34369,4.50442,9.93067965612533,0.6375561723963987,0.019155025521402066,0.03004445153342894
-5.33028,4.47758,9.930103818452379,0.6506327632017557,0.018132937114179733,0.027869695686623244
-5.31688,4.45075,9.929528950729999,0.6369427495383453,0.016353779466389263,0.025675430763977526
-5.30347,4.42391,9.928953113057048,0.6507174718663722,0.019405674881970227,0.029821966861149952
-5.29007,4.39707,9.928378785071116,0.6409847080987552,0.0157417606725676,0.02455871485492958
-5.27666,4.37023,9.927802947398163,0.6466679932898384,0.012361458488208993,0.01911561824070138
-5.26326,4.34339,9.927228619412233,0.6485145766034074,0.023244993551649506,0.03584344036397003
-5.24985,4.31655,9.926652781739284,0.6631998590973167,0.014619423581142186,0.022043767622388712
-5.23645,4.28972,9.926077914016904,0.6842706481228895,0.017895181472701558,0.026152197996205336
-5.22304,4.26288,9.925502076343953,0.6716200855441689,0.01529662847567708,0.02277571621951009
-5.20964,4.23604,9.924927748358021,0.6900300556939223,0.021504799027208345,0.031165017885463327
-5.19623,4.2092,9.924351910685068,0.6863183197177205,0.019286552211291427,0.028101467871677818
-5.18283,4.18236,9.923777582699138,0.7566225434838258,0.11273417683979171,0.14899658728209914
-5.16942,4.15552,9.923201745026185,0.6801096572352285,0.01549385665379889,0.022781409569721862
-5.15602,4.12868,9.922627417040255,0.6764315276848019,0.028504766393151467,0.042139913984662596
-5.14261,4.10185,9.922051039630855,0.6558412934264001,0.015913979021555016,0.024264984808159105
-5.12921,4.07501,9.921476711644925,0.6754956291662606,0.05961805162608547,0.08825823447543227
-5.1158,4.04817,9.920900873971974,0.6817377342510639,0.07515255993676492,0.1102367613835036
-5.1024,4.02133,9.920326545986041,0.6811677276670203,0.02224299492781257,0.032654211326179794
-5.08899,3.99449,9.91975070831309,0.6595162738528741,0.019112964324011477,0.028980277032974663
-5.07559,3.96765,9.91917638032716,0.7410904786636342,0.19679706642189063,0.26555066093517143
-5.06218,3.94082,9.91860000291776,0.70556912480701,0.09029654817725102,0.12797689836831974
-5.04878,3.91398,9.91802567493183,0.7304845433825854,0.15446518793040806,0.2114557923637108
