3.0387,2.4409,-2.753461836983432,0.9580047672039432,0.044531535642275605,0.04648362635213858
3.01931,2.41737,-2.7534013629088876,0.969246860457293,0.026418765350189475,0.0272570037912994
2.99992,2.39384,-2.7533408888343427,0.9539711940795156,0.030679141612951804,0.032159400413084835
2.98052,2.37031,-2.7532789326132816,0.9262551790348359,0.018784518925653283,0.02028006898188346
2.96113,2.34678,-2.7532184585387367,0.9241667669605549,0.0310896031405896,0.033640685049559416
2.94174,2.32325,-2.7531579844641922,0.9398156803395965,0.025227421384570282,0.026842945816199313
2.92235,2.29972,-2.7530975103896473,0.8895556773850938,0.025991992393945184,0.029219073133623652
2.90295,2.27618,-2.753036749837104,0.8942592279261119,0.028593856496660647,0.03197490795031887
2.88356,2.25265,-2.752976275762559,0.913090735242665,0.04220168345440543,0.04621849924168797
2.86417,2.22912,-2.752915801688015,0.8963942557648877,0.026011538188374702,0.029017966169561423
2.84478,2.20559,-2.75285532761347,0.9054360736198387,0.022975989517551764,0.025375606502727643
2.82538,2.18206,-2.752793371392409,0.914515977299093,0.04266888890232115,0.0466573465762056
2.80599,2.15853,-2.752732897317864,0.9082623443335223,0.029763444021020165,0.03276965538284031
2.7866,2.135,-2.7526724232433195,0.9116752862399679,0.03823022214082072,0.04193403366070614
2.7866,2.135,-2.7526724232433195,0.9445676498403712,0.08412407745073458,0.08906093434911863
2.76728,2.11171,-2.7525936281499774,0.8918509447883336,0.03525530236257185,0.03953048720595247
2.74795,2.08843,-2.7525121552416016,0.9164522269605424,0.04157000591939322,0.04535970855487158
2.72863,2.06514,-2.7524333601482596,0.9400345749800341,0.047942639067323635,0.05100093160758679
2.7093,2.04186,-2.752351887239884,0.962305465682687,0.03430214671239296,0.0356457984867186
2.68998,2.01857,-2.7522730921465417,0.9618461473388413,0.052982264177109724,0.0550839282599372
2.67066,1.99529,-2.752193101384683,0.9654069521667971,0.0381660316435205,0.0395336200530348
2.65133,1.972,-2.7521128241448247,0.9849441601685047,0.028977421616797523,0.02942036999522902
2.63201,1.94871,-2.752034029051483,0.9451027420212904,0.03847923727586067,0.040714343070855086
2.61269,1.92543,-2.751954038289624,0.9917613131790457,0.04325695794895155,0.04361629897650811
2.59336,1.90214,-2.751873761049765,1.0253949198193943,0.030183711126452586,0.029436181653571022
2.57404,1.87886,-2.751793770287906,1.0131689411045106,0.037243424626433264,0.03675934300338123
2.55471,1.85557,-2.7517134930480474,1.0717109080271978,0.059371189490391565,0.05539851189877489
2.53539,1.83229,-2.751633502286188,1.0231339830304214,0.029337528287363288,0.028674180287188232
2.51607,1.809,-2.7515547071928466,1.057603652874755,0.05514551871721554,0.05214195182412637
2.49674,1.78571,-2.751474429952988,1.0094588268415605,0.03327448281506225,0.03296269439653415
2.47742,1.76243,-2.7513944391911287,1.0010275161229067,0.043469918657715656,0.04342529846340247
2.4581,1.73914,-2.7513156440977866,0.9701386945993811,0.029248752023396572,0.030149041767141192
2.43877,1.71586,-2.7512341711894113,0.9367891710638189,0.043854506755601125,0.046813635458445677
2.41945,1.69257,-2.751155376096069,0.9477914921012414,0.052712110005193054,0.055615723969341606
2.40012,1.66929,-2.7510739031876934,0.9228520223698394,0.04226068805128815,0.04579356931219021
2.3808,1.646,-2.7509951080943518,0.963739978338149,0.06748058907923209,0.0700194975781684
2.36148,1.62271,-2.7509163130010097,0.9419847782568118,0.04349237651142004,0.046170997149130984
2.34215,1.59943,-2.7508348400926343,0.9254414470344805,0.03318867135379053,0.03586252967180318
2.32283,1.57614,-2.7507560449992923,0.9253911092285871,0.0373743526804009,0.04038762887138222
2.3035,1.55286,-2.7506745720909165,0.9096132619159876,0.029522368395384597,0.03245595642833899
2.28418,1.52957,-2.7505957769975744,0.917989533272235,0.039046517375668256,0.04253481762094208
2.26486,1.50629,-2.7505157862357152,0.8827632797930358,0.04581203437651862,0.051896171289838054
2.24553,1.483,-2.750435508995857,0.8783864497441627,0.032862915600424654,0.037412821668636
2.22621,1.45971,-2.750356713902515,0.9701384756676807,0.05965227635503078,0.06148841412972117
2.20689,1.43643,-2.7502767231406553,0.905112744377974,0.035429062242128245,0.039143258629593565
2.18756,1.41314,-2.750196445900797,0.8972037612064263,0.039131111368955016,0.04361451997965023
2.16824,1.38986,-2.750116455138938,0.9199390454009372,0.03317370573532467,0.03606076500521463
2.14891,1.36657,-2.7500361778990796,0.897045262351212,0.036268666888543,0.04043125627070428
2.12959,1.34329,-2.749956187137221,0.9047914013888125,0.04103489115666562,0.04535287481034742
2.11027,1.32,-2.749877392043879,0.9416868250430067,0.041806330563566335,0.0443951528807436
2.09094,1.29671,-2.74979711480402,0.948480198847913,0.03510765512913609,0.03701464213146482
2.07162,1.27343,-2.749717124042161,0.9373161620847172,0.03864270078742572,0.041226965191210566
2.0523,1.25014,-2.7496383289488193,0.9573937537806181,0.052103061885599586,0.05442176918310952
2.03297,1.22686,-2.7495568560404435,0.8958427531679657,0.02142146371215949,0.02391208014621633
2.01365,1.20357,-2.7494780609471015,0.9515068456217921,0.07461682325594458,0.07841963891198689
1.99432,1.18029,-2.7493965880387257,0.9539944076573146,0.056890666550372365,0.059634171955029035
1.975,1.157,-2.749317792945384,0.9047659541236234,0.025302045948685726,0.027965294044683474
1.975,1.157,-2.749317792945384,0.9203004843441388,0.025453903681801823,0.02765825305410091
1.95554,1.13361,-2.7492302044859827,0.9403464253986776,0.06890936236963759,0.07328082556428303
1.93609,1.11021,-2.7491452938416154,0.9443743308648802,0.06559503434500462,0.06945872224728
1.91663,1.08682,-2.7490577053822145,0.9112712205961598,0.05401668267879884,0.05927618634050657
1.89718,1.06343,-2.7489715990693293,0.9348946472522893,0.05423630490976226,0.05801327996600041
1.87772,1.04003,-2.748885206278446,0.9842200554587336,0.06952206183564376,0.07063670512509555
1.85827,1.01664,-2.7487990999655607,0.9793631730167831,0.05961078072812741,0.06086687999968922
1.83881,0.99324,-2.748712707174677,1.0087838837959908,0.05759108893805812,0.057089620346973076
1.81936,0.96985,-2.748626600861793,0.9913908828924324,0.028023796161808976,0.028267151378322294
1.7999,0.94646,-2.748539012402391,0.971940311220927,0.04847352601818425,0.04987294534300468
1.78045,0.92306,-2.748454101758024,0.9984065757817495,0.05741981038354758,0.05751145052163546
1.76099,0.89967,-2.748366513298623,0.9881697915542267,0.04291325559782596,0.0434270061325499
1.74154,0.87628,-2.7482804069857383,0.9698734020700538,0.056798915532118986,0.05856322630447433
1.72208,0.85288,-2.748194014194854,0.9722665875196821,0.06345448516634429,0.06526449225023867
1.70263,0.82949,-2.7481079078819697,1.006362955169449,0.07164610832817904,0.0711931097623873
1.68317,0.8061,-2.7480203194225683,0.9787994611115574,0.0460442858461159,0.04704159296719112
1.66371,0.7827,-2.7479339266316845,1.0017665203565218,0.06919643015959116,0.06907440881031304
1.64426,0.75931,-2.7478478203187997,1.02001731555031,0.06553907272526824,0.06425290210873452
1.6248,0.73591,-2.7477614275279163,0.9786142046310117,0.055941948968457576,0.05716445633399588
1.60535,0.71252,-2.7476753212150316,1.019800047922044,0.06449802911638211,0.06324576003678763
1.58589,0.68913,-2.74758773275563,1.02783032756069,0.06576685632026634,0.06398610213842229
1.56644,0.66573,-2.747502822111263,1.074594695665224,0.06059874879559932,0.05639219050684583
1.54698,0.64234,-2.7474152336518616,1.0384481515344919,0.05326479701184795,0.05129268797208578
1.52753,0.61895,-2.7473291273389773,1.0104183920269343,0.052223426504741335,0.05168495240865453
1.50807,0.59555,-2.747242734548093,0.9636228885771734,0.04329056647221082,0.04492480096247094
1.48862,0.57216,-2.7471566282352087,0.9720136852008278,0.05365921414087331,0.05520417557679425
1.46916,0.54877,-2.7470690397758077,0.9794016636266321,0.0421762592071438,0.04306329136808803
1.44971,0.52537,-2.74698412913144,0.9843088008702047,0.05278518145741274,0.05362664786776932
1.43025,0.50198,-2.746896540672039,0.971249825139345,0.05227743248080217,0.05382490799759159
1.4108,0.47859,-2.7468104343591544,0.9717806834535196,0.05240959060833266,0.053931500698366594
1.39134,0.45519,-2.7467240415682705,1.0295622492166951,0.07790205937305052,0.07566522513069944
1.37189,0.4318,-2.7466379352553854,1.0414233569331441,0.0767161307002778,0.07366469187535489
1.35243,0.4084,-2.7465515424645015,1.0453468868694877,0.05741935756426802,0.054928520174027995
1.33297,0.38501,-2.7464639540051006,1.0285735957624516,0.08339941327654388,0.08108259206743716
1.31352,0.36162,-2.746377847692216,0.9652026777107341,0.06302817100055205,0.0653004518699038
1.29406,0.33822,-2.7462914549013315,0.9873934953103947,0.10677217142825841,0.1081353806110438
1.27461,0.31483,-2.7462053485884477,1.0363941994687549,0.04941432578955759,0.0476790837066503
1.25515,0.29144,-2.7461177601290463,1.0345475029918598,0.061592273848680074,0.05953547195325327
1.2357,0.26804,-2.7460328494846786,1.1032838701402883,0.09792887643968594,0.08876126905329793
1.21624,0.24465,-2.745945261025278,1.1365734398136462,0.0945060449340985,0.08314996780990572
1.19679,0.22126,-2.745859154712393,1.1244841270295685,0.0731087973212297,0.06501541067934283
1.17733,0.19786,-2.745772761921509,1.1022303377566947,0.09374484280147667,0.08505013842412476
1.15788,0.17447,-2.7456866556086243,1.1295804156317497,0.09112432317406713,0.08067094817955327
1.13842,0.15107,-2.7456002628177405,1.103332911971121,0.035018985238840374,0.031739273666982724
1.11897,0.12768,-2.745514156504856,1.1087145250191281,0.18112020740938806,0.163360543514358
1.09951,0.10429,-2.745426568045455,1.102860555172751,0.06355189666122762,0.057624598470903614
1.08006,0.08089,-2.7453416574010876,1.0648153834384115,0.05459167159983041,0.051268672906985634
1.0606,0.0575,-2.745254068941686,1.1249577498831156,0.08139096958119284,0.07235024567780386
1.0606,0.0575,-2.745254068941686,1.1179120744554967,0.09472783518152446,0.08473639148021879
1.04122,0.03414,-2.7451747506488657,1.1459706385646107,0.10571581879221652,0.09225002389645097
1.02184,0.01078,-2.7450954323560453,1.093937965569004,0.06178223943444721,0.05647691311482331
1.00246,-0.01258,-2.7450161140632248,1.1379832431699928,0.06660947140537679,0.05853291057241571
0.98307,-0.03594,-2.744935313623887,1.125605189641902,0.03692448048754075,0.03280411358025796
0.96369,-0.0593,-2.7448559953310667,1.1361854949775134,0.054143578940457265,0.0476538198910283
0.94431,-0.08266,-2.7447766770382462,1.118776398256921,0.05737167261338143,0.05128073197000562
0.92493,-0.10602,-2.7446973587454253,1.0986093328977922,0.03651615862104096,0.033238529409469524
0.90555,-0.12938,-2.744618040452605,1.0914536452994343,0.05020976096589578,0.046002650852039625
0.88617,-0.15274,-2.7445387221597843,1.1054573242237387,0.0838165828335395,0.07582073138137305
0.86678,-0.17611,-2.7444591173889648,1.1448572679175613,0.08467725703059555,0.07396315628464262
0.8474,-0.19947,-2.744379799096144,1.1584045542745967,0.05448059980901112,0.04703071962897052
0.82802,-0.22283,-2.744300480803323,1.1133818428631443,0.06309187315666007,0.056666878089564145
0.80864,-0.24619,-2.7442211625105024,1.155633326893669,0.03515854637845931,0.0304236175612598
0.78926,-0.26955,-2.744141844217682,1.146548811628311,0.028430368412538855,0.024796474536624816
0.76988,-0.29291,-2.7440625259248614,1.2221706269997479,0.052101513929175516,0.042630311004182124
0.75049,-0.31627,-2.7439817254855243,1.2674794209643483,0.0712156639031418,0.05618684037406944
0.73111,-0.33963,-2.743902407192704,1.2664612103898014,0.0897955533763086,0.07090272693679313
0.71173,-0.36299,-2.7438230888998834,1.302447706348885,0.06645275701346282,0.051021439624434485
0.69235,-0.38635,-2.7437437706070624,1.258847637145131,0.055786127543513794,0.04431523394684045
0.67297,-0.40971,-2.7436644523142415,1.3314117266977141,0.18853775425117508,0.14160740097941243
0.65359,-0.43307,-2.743585134021421,1.379833433447746,0.08599050441108819,0.06231948170456085
0.63421,-0.45643,-2.7435058157286005,1.3336508950922918,0.12176631982650624,0.0913029941153226
0.61482,-0.47979,-2.7434250152892634,1.2480320527108981,0.07898249696531935,0.06328563180229102
0.59544,-0.50315,-2.743345696996443,1.2809423138125051,0.14762180059344293,0.1152446905700788
0.57606,-0.52651,-2.7432663787036224,1.3437710680118002,0.06979717415524471,0.051941268730033255
0.55668,-0.54987,-2.743187060410802,1.406222418470862,0.11771642098411088,0.08371109679229598
0.5373,-0.57323,-2.7431077421179806,1.3884063001034452,0.07290927394016604,0.05251292358348837
0.51792,-0.59659,-2.74302842382516,1.412897467907168,0.07980447840421521,0.05648285188197296
0.49853,-0.61996,-2.7429488190543405,1.3836479777842379,0.1117479326187603,0.08076326812381318
0.47915,-0.64332,-2.74286950076152,1.3008104716514788,0.08612217058866685,0.06620654773737188
0.45977,-0.66668,-2.742790182468699,1.236089835938169,0.07932840486275436,0.06417689277619987
0.44039,-0.69004,-2.7427108641758786,1.2050032074086026,0.11480357028531457,0.0952724188445965
0.42101,-0.7134,-2.742631545883058,1.1740686113666639,0.09645158158701274,0.08215157159745473
0.40163,-0.73676,-2.742552227590237,1.1510263629038104,0.20689635075644128,0.17974944573335658
0.38224,-0.76012,-2.7424714271509,0.973389761449855,0.13962725376932297,0.14344434192665995
0.36286,-0.78348,-2.7423921088580796,0.9392152516976887,0.16984805789443502,0.1808403958383601
0.34348,-0.80684,-2.742312790565259,0.942780613145462,0.1313069106478001,0.13927620998666068
0.3241,-0.8302,-2.7422334722724386,0.9652267160513638,0.10757343084390379,0.1114488741919358
0.3241,-0.8302,-2.7422334722724386,1.011674583362377,0.16197206526686583,0.16010293026097328
0.30476,-0.85327,-2.7421254081786848,1.0622026662122335,0.09212720439142402,0.08673222853031
0.28542,-0.87633,-2.7420161484164143,1.2326365510754793,0.12711743903812958,0.10312645599160532
0.26607,-0.8994,-2.7419066021761447,1.1875030619165297,0.14714754661226617,0.12391340395769798
0.24673,-0.92247,-2.7417985380823904,1.217430802974596,0.12020020735863877,0.09873268120450784
0.22739,-0.94553,-2.74168927832012,1.1486549159085957,0.11647931249749527,0.10140496582941026
0.20805,-0.9686,-2.741581214226367,1.0675917881212813,0.11507462539232666,0.10778897577962061
0.1887,-0.99167,-2.7414716679860964,1.14491118519614,0.12741846226769094,0.11129113237361053
0.16936,-1.01473,-2.741362408223826,1.1607645057943743,0.03914568264844017,0.03372405208208072
0.15002,-1.0378,-2.7412543441300725,1.1710013183883443,0.07232595916643425,0.061764199604810756
0.13068,-1.06087,-2.741146280036319,1.14782531071091,0.1407934765066632,0.12266106627276083
0.11133,-1.08393,-2.741035538127532,1.0682376348962992,0.14992569188219076,0.14034863309861295
0.09199,-1.107,-2.740927474033778,1.0898950318192946,0.10051454981380203,0.09222406459273357
0.07265,-1.13007,-2.7408194099400247,1.1242787611116694,0.09928827096529406,0.08831285834050566
0.05331,-1.15313,-2.7407101501777547,1.1392259343874762,0.06508970364696676,0.05713502623337251
0.03396,-1.1762,-2.740600603937484,1.204711343700348,0.12896636293327957,0.10705167142956513
0.01462,-1.19927,-2.7404925398437308,1.1663133520659268,0.08506329609944667,0.07293348391216771
-0.00472,-1.22233,-2.74038328008146,1.1874397655900952,0.16139796929382366,0.1359209738218741
-0.02406,-1.2454,-2.7402752159877064,1.060967172201701,0.08620157243180762,0.08124810521038421
-0.04341,-1.26847,-2.740165669747437,1.174261480033287,0.12471946716511699,0.10621098391269852
-0.06275,-1.29153,-2.7400564099851654,1.167977893777381,0.07475415804553961,0.06400305899949499
-0.08209,-1.3146,-2.7399483458914125,1.1856592722548065,0.1168387628289987,0.09854328774134466
-0.10143,-1.33767,-2.739840281797659,1.1212408147578226,0.07874139596419381,0.07022701539918631
-0.12078,-1.36073,-2.7397295398888715,1.144813226469065,0.17406656159614636,0.15204800012052444
-0.14012,-1.3838,-2.7396214757951185,1.1721064332212294,0.14162039503660115,0.12082554196669185
-0.15946,-1.40687,-2.7395134117013646,1.0049826036052818,0.09881179067716678,0.09832189166527724
-0.1788,-1.42993,-2.7394041519390937,1.0201142703982735,0.12421411708669988,0.12176490486522078
-0.19815,-1.453,-2.739294605698824,1.1051963826654687,0.09636133002582115,0.08718932810241445
-0.21749,-1.47607,-2.7391865416050702,0.9975077748778993,0.12176886737518688,0.12207310102429236
-0.23683,-1.49913,-2.7390772818427997,1.0530772227969716,0.103579912358498,0.0983592751948332
-0.25617,-1.5222,-2.738969217749047,1.0487462187449572,0.05941150812678429,0.056650033215740705
-0.27552,-1.54527,-2.7388596715087763,1.0562951478741376,0.11008337748443862,0.10421649451480351
-0.29486,-1.56833,-2.738750411746506,1.0492157154035384,0.15989593091902946,0.15239566904269247
-0.3142,-1.5914,-2.7386423476527524,1.0292877954284017,0.08745697466692325,0.08496843648138529
-0.3142,-1.5914,-2.7386423476527524,1.0846037088790943,0.11193612495800814,0.10320463044856337
-0.33441,-1.61358,-2.738298922314031,1.0871557461240247,0.05913612536523319,0.05439526542178331
-0.35462,-1.63575,-2.7379543013067917,0.9993201171176326,0.17981767660660106,0.17994001474247742
-0.37484,-1.65793,-2.7376093938215535,1.0925195555744407,0.11465297862811168,0.10494363972078082
-0.39505,-1.68011,-2.7372659684828315,1.0505787857040016,0.10041952122900845,0.0955849505010864
-0.41526,-1.70229,-2.7369225431441104,1.0528038144377505,0.13798009014627907,0.13105964117347665
-0.43547,-1.72446,-2.736577922136871,1.0369565554853548,0.08182816766449996,0.07891185723417285
-0.45569,-1.74664,-2.7362330146516327,1.0569327424736255,0.06987877594103684,0.06611468557355302
-0.4759,-1.76882,-2.735889589312911,1.0520263930060252,0.13607483105190896,0.12934545364693112
-0.49611,-1.79099,-2.735544968305672,1.0789634644257822,0.11556881140735249,0.10711095900625098
-0.51632,-1.81317,-2.7352015429669505,1.0434257321313383,0.11529846703335199,0.11049992681111982
-0.53654,-1.83535,-2.7348566354817123,1.0503832357357337,0.1645882304286464,0.15669350464581788
-0.55675,-1.85752,-2.7345120144744732,0.9666910169409298,0.09312127234233337,0.09632992415406255
-0.57696,-1.8797,-2.7341685891357517,1.0620276805221764,0.08220637991463715,0.07740511986864412
-0.59718,-1.90188,-2.733823681650513,0.9983174328221093,0.17414909171628973,0.17444260311471638
-0.61739,-1.92406,-2.733480256311792,0.9693005025774974,0.15149291206967622,0.1562909661831771
-0.6376,-1.94623,-2.733135635304553,1.035611962710073,0.14126811324767258,0.13641027559974372
-0.65781,-1.96841,-2.7327922099658313,1.027044594103861,0.12698705003387906,0.12364317066941043
-0.67802,-1.99059,-2.7324487846271097,1.0016874204516861,0.15850304207661553,0.15823603136110315
-0.69824,-2.01276,-2.732102681473354,0.9782155539482297,0.11743233239853952,0.120047500701215
-0.71845,-2.03494,-2.7317592561346324,0.9679045576365471,0.19757632681030385,0.20412790212781984
-0.73866,-2.05712,-2.7314158307959104,1.0369847282761795,0.22797548089177005,0.21984458852228486
-0.75888,-2.0793,-2.7310709233106727,0.9695758253649895,0.09923670242231056,0.10235063604742171
-0.77909,-2.10147,-2.7307263023034336,0.9549214699266738,0.10615419850942076,0.11116536998332657
-0.7993,-2.12365,-2.7303828769647116,0.9634957439545657,0.10554277063671395,0.1095415016609465
-0.81951,-2.14583,-2.73003945162599,0.9637273656767027,0.1338617183664457,0.13889998679497048
-0.83972,-2.168,-2.729694830618751,1.0056726383881414,0.04749945327948951,0.04723152591246795
-0.85994,-2.19018,-2.7293499231335128,1.0364026930642056,0.12704124493215435,0.12257903784150442
-0.88015,-2.21236,-2.729006497794791,1.066507065155346,0.12455755311278852,0.116790180939538
-0.90036,-2.23454,-2.7286630724560696,0.9910712085224246,0.11725889332009781,0.11831530601612128
-0.92057,-2.25671,-2.7283184514488306,0.9729420747359596,0.05848671617228351,0.060113256164973476
-0.94079,-2.27889,-2.7279735439635924,0.9677612898708217,0.07569966448974089,0.0782214222474691
-0.961,-2.30107,-2.727630118624871,0.9783337690654591,0.09529787830107392,0.09740835010949893
-0.98121,-2.32324,-2.7272854976176317,0.9132760543776609,0.08322009547115213,0.09112260753169674
-1.00142,-2.34542,-2.72694207227891,0.9490025374939448,0.07709966081543697,0.08124283947547285
-1.02164,-2.3676,-2.726597164793672,0.9634289053057247,0.10872978783025779,0.11285709535126993
-1.04185,-2.38978,-2.7262537394549504,0.9553316061541185,0.07158066146180166,0.07492755499837817
-1.06206,-2.41195,-2.7259091184477113,0.9526515930500323,0.06381005661722614,0.06698152512707224
-1.08227,-2.43413,-2.7255656931089893,1.032554171142302,0.17922586559534856,0.17357526665847775
-1.10249,-2.45631,-2.725220785623751,0.9505158834014107,0.14878463907974215,0.15653040804254417
-1.1227,-2.47848,-2.724876164616512,0.9105527871229533,0.09815994786782804,0.10780258899429777
-1.14291,-2.50066,-2.7245327392777905,1.0854276590370515,0.18765747454132442,0.17288805290608378
-1.16312,-2.52284,-2.724189313939069,0.9523381834826512,0.13753016757591308,0.14441316116610214
-1.18334,-2.54501,-2.7238432107853137,0.9802518479608289,0.15256934005140244,0.15564300171306503
-1.20355,-2.56719,-2.7234997854465917,0.9409726695369708,0.08802976011677988,0.09355187771829455
-1.22376,-2.58937,-2.72315636010787,0.9627946151608091,0.1208171020732617,0.12548585146904093
-1.24397,-2.61155,-2.7228129347691485,0.9672777426660673,0.1015431370572918,0.10497826278666632
-1.26419,-2.63372,-2.7224668316153933,0.9335602647998981,0.15090571335277198,0.16164539027924194
-1.2844,-2.6559,-2.7221234062766717,0.9657975176493677,0.123565572931914,0.1279414894673341
-1.2844,-2.6559,-2.7221234062766717,0.9911346175430849,0.21356479626325717,0.21547506512552364
-1.30617,-2.67751,-2.721480612975892,0.9991170904943717,0.10732101291014164,0.10741585138638583
-1.32794,-2.69911,-2.720836624006596,0.8944738271016754,0.10710459753561952,0.11974033704559682
-1.34971,-2.72072,-2.720193830705817,1.0039319261660375,0.1216603067495571,0.12118382091320806
-1.37148,-2.74233,-2.719551037405038,1.0103393360482005,0.1222299625700741,0.12097911880592448
-1.39325,-2.76393,-2.7189070484357414,1.092759505687997,0.15315335751042222,0.14015284855746687
-1.41502,-2.78554,-2.7182642551349625,1.0331202031319335,0.11532260038461709,0.11162553983071216
-1.43679,-2.80715,-2.717621461834183,1.0610446658190973,0.17723717498359132,0.16704025824093757
-1.45856,-2.82876,-2.716978668533404,0.978840092077581,0.056863367004754584,0.058092601094896404
-1.48033,-2.85036,-2.716334679564108,0.9689054720822874,0.07740245473457552,0.07988648734559099
-1.5021,-2.87197,-2.715691886263329,1.0667022719902441,0.0968649580500786,0.09080786700617856
-1.52387,-2.89358,-2.7150490929625497,1.018413049039736,0.10119715834921172,0.09936749970420229
-1.54564,-2.91518,-2.7144051039932533,0.9677052847639631,0.07221286015442488,0.07462278163752988
-1.56741,-2.93679,-2.7137623106924744,0.9901722755741661,0.12855257928259584,0.1298284979833966
-1.58918,-2.9584,-2.713119517391695,0.9371375341109183,0.07853175953859039,0.08379960964117726
-1.61095,-2.98,-2.7124755284223987,0.9924747428991232,0.06779114132874152,0.06830515518280743
-1.63272,-3.00161,-2.71183273512162,0.9562088937517528,0.059992916964023806,0.06274038795920145
-1.65449,-3.02322,-2.7111899418208405,0.9542233173678918,0.04783839046224263,0.05013332790294726
-1.67626,-3.04483,-2.7105471485200616,0.9297664003653783,0.035673009752573426,0.03836771229693254
-1.69803,-3.06643,-2.7099031595507657,0.9150938992935043,0.03810788877308602,0.04164369230579191
-1.7198,-3.08804,-2.7092603662499863,0.9378893114039661,0.04535114174738014,0.0483544712536409
-1.74157,-3.10965,-2.708617572949207,0.9508674400543787,0.10011377489745486,0.1052867841302143
-1.76333,-3.13125,-2.7079750661264277,0.9475053978193128,0.08074772888257288,0.08522139195028765
-1.7851,-3.15286,-2.7073322728256484,0.9525515841548697,0.08361875224001084,0.0877839621821633
-1.80687,-3.17447,-2.706689479524869,0.9217935183786052,0.03782905327447722,0.04103853251324319
-1.82864,-3.19607,-2.706045490555573,0.9233471886653672,0.0552161899093425,0.05980003035386243
-1.85041,-3.21768,-2.7054026972547938,0.9668600629470978,0.07948783776311334,0.08221234986252872
-1.87218,-3.23929,-2.7047599039540144,0.9483647056896359,0.04568286233742947,0.048170141785495495
-1.89395,-3.2609,-2.704117110653236,0.9350492193428129,0.05713950633633873,0.06110855466677838
-1.91572,-3.2825,-2.7034731216839396,0.9184118417211259,0.045589395195993206,0.04963938085832777
-1.93749,-3.30411,-2.7028303283831603,0.9061046865838849,0.026065786382009543,0.028766859688454372
-1.95926,-3.32572,-2.7021875350823814,0.9140368457140227,0.04185135787268856,0.04578738599973541
-1.98103,-3.34732,-2.701543546113085,0.9028980699986189,0.03516223294992451,0.038943745831662144
-2.0028,-3.36893,-2.7009007528123057,0.9237110466569611,0.03988057890911189,0.04317430115558892
-2.02457,-3.39054,-2.700257959511527,0.9057184444427216,0.08113035904337403,0.08957569489853176
-2.04634,-3.41214,-2.6996139705422304,0.9211598077724776,0.09453964600444428,0.10263110179878274
-2.06811,-3.43375,-2.698971177241451,0.9107382821657148,0.04764026352826357,0.052309499294326475
-2.08988,-3.45536,-2.6983283839406726,0.9030444746835059,0.04212436459173002,0.0466470542400401
-2.11165,-3.47697,-2.6976855906398933,0.8966659380566829,0.07266974280455143,0.08104438868509534
-2.13342,-3.49857,-2.697041601670597,0.9115530071721946,0.04801953447977162,0.05267881747078765
-2.15519,-3.52018,-2.6963988083698176,0.8809434420898438,0.04933601730300143,0.0560036149267002
-2.17696,-3.54179,-2.695756015069039,0.9077376869270843,0.02947331876827736,0.032468982166039405
-2.19873,-3.56339,-2.6951120260997423,0.9089197643755851,0.056266538607908013,0.06190484662478687
-2.2205,-3.585,-2.6944692327989634,0.8661906660454303,0.029307643918280755,0.03383509551318995
-2.2205,-3.585,-2.6944692327989634,0.8726087199788781,0.02298283998839236,0.026338081962954334
-2.24371,-3.60435,-2.6933427893149178,0.9153310543860131,0.029512586461990075,0.03224252724800926
-2.26692,-3.62371,-2.6922175414993887,0.8952732870800165,0.03427200770036772,0.03828105696322938
-2.29013,-3.64306,-2.691091098015343,0.8947152048227961,0.04964914975649716,0.05549156814243532
-2.31334,-3.66242,-2.6899658501998145,0.9033771731754978,0.045591757273487916,0.050468130729080164
-2.33655,-3.68177,-2.688839406715769,0.906325601738643,0.03703486667985784,0.04086265091575509
-2.35975,-3.70113,-2.6877156410467564,0.9584080619508585,0.05708743408285915,0.0595648517048746
-2.38296,-3.72048,-2.6865891975627103,0.8845738167518625,0.022205557406336684,0.025103114048610493
-2.40617,-3.73984,-2.6854639497471817,0.9036005714120361,0.04255462729036787,0.047094511266043936
-2.42938,-3.75919,-2.684337506263136,0.8736850895590689,0.03691931422854861,0.04225700389047619
-2.45259,-3.77855,-2.6832122584476075,0.8618834784052366,0.05341758794113805,0.06197773745469385
-2.4758,-3.7979,-2.6820858149635614,0.9560493960084686,0.03814114335688329,0.039894532140414045
-2.49901,-3.81725,-2.6809593714795157,0.8712480922530865,0.04048234889003397,0.04646477765632153
-2.52222,-3.83661,-2.679834123663987,0.9008830472735534,0.04940329296440706,0.054838741958705924
-2.54543,-3.85596,-2.678707680179941,0.9332724067499496,0.03286514819481677,0.03521495755914091
-2.56864,-3.87532,-2.677582432364413,0.9352562168692801,0.04366705497394487,0.04668993820764752
-2.59185,-3.89467,-2.676455988880367,0.8939378589466275,0.05441426117087773,0.06087029498336363
-2.61505,-3.91403,-2.6753322232113543,0.8731020440911262,0.022310570319287303,0.025553221951864696
-2.63826,-3.93338,-2.6742057797273087,0.8700728796725595,0.05616561397075054,0.06455276940925653
-2.66147,-3.95274,-2.67308053191178,0.8846535446905145,0.047230264019624525,0.05338843019743675
-2.68468,-3.97209,-2.671954088427734,0.904564286450811,0.019290134577221677,0.02132533294334371
-2.70789,-3.99145,-2.670828840612206,0.9475237657204417,0.017638939954911732,0.018615828534390495
-2.7311,-4.0108,-2.66970239712816,0.8961510890113124,0.026938120293032292,0.030059797531186445
-2.75431,-4.03015,-2.668575953644114,0.9268763041549206,0.05653608352901766,0.06099636302663323
-2.77752,-4.04951,-2.667450705828585,0.9249424308984446,0.05445695974415944,0.058876053173668945
-2.80073,-4.06886,-2.6663242623445393,0.9607408801523956,0.031071173044831955,0.032340846201843056
-2.82394,-4.08822,-2.6651990145290108,0.9271752770148757,0.0462310817079904,0.04986228909903156
-2.84715,-4.10757,-2.6640725710449646,0.8910064752404662,0.026605177380983468,0.029859690271951417
-2.87035,-4.12693,-2.662948805375953,0.9393665284892228,0.04123947440829378,0.04390136667379342
-2.89356,-4.14628,-2.661822361891907,0.9312343475684342,0.04460922881588581,0.04790333274579693
-2.91677,-4.16564,-2.6606971140763784,0.9302508277031402,0.023601569392237527,0.025371188812066518
-2.93998,-4.18499,-2.6595706705923323,0.9710805365876661,0.05331853227044688,0.054906395774140256
-2.96319,-4.20435,-2.6584454227768033,0.957594303503226,0.038620513858670845,0.04033076817330998
-2.9864,-4.2237,-2.6573189792927576,0.9437219670147978,0.04051984013353059,0.04293620531235894
-3.00961,-4.24305,-2.656192535808712,0.927070995766552,0.04150716801551393,0.044772372563757726
-3.03282,-4.26241,-2.6550672879931834,0.9237397479370412,0.05544304483268289,0.060020200447693295
-3.05603,-4.28176,-2.6539408445091377,0.9400564839279706,0.036658440687540005,0.03899599791532193
-3.07924,-4.30112,-2.652815596693609,0.9225620739085697,0.03146971516658757,0.034111217073189995
-3.10245,-4.32047,-2.651689153209563,0.9349640823792971,0.044711903140143366,0.04782205432572393
-3.12565,-4.33983,-2.6505653875405515,0.8976752329812122,0.06000964742468039,0.06685006472261261
-3.14886,-4.35918,-2.6494389440565054,0.8662445880550497,0.05185251420237084,0.059858976226095185
-3.17207,-4.37854,-2.6483136962409763,0.915950787615259,0.06296006176098938,0.0687373848161758
-3.19528,-4.39789,-2.6471872527569307,0.9670615220799952,0.1511890138241232,0.15633856830425816
-3.21849,-4.41725,-2.646062004941402,0.9900026665453133,0.20397340144899695,0.20603318389108694
-3.2417,-4.4366,-2.6449355614573564,0.9809966609689574,0.14495171443004023,0.1477596409827404
-3.2417,-4.4366,-2.6449355614573564,0.9663814756301179,0.09529466166341538,0.09860977684954028
-3.26491,-4.45595,-2.6438091179733108,1.0026952474851636,0.08264615248038466,0.08242399940327585
-3.28812,-4.4753,-2.6426826744892646,0.8767132228029124,0.0787194233284986,0.08978925067062088
-3.31133,-4.49466,-2.641557426673736,0.9286418428817275,0.12751885814468378,0.13731758817691428
-3.33455,-4.51401,-2.6404295010431733,0.8803566327998364,0.06598293716101003,0.07495023573703492
-3.35776,-4.53336,-2.639303057559127,0.9198992626271822,0.13665661865383388,0.14855606934997428
-3.38097,-4.55271,-2.6381766140750815,0.938448945967353,0.11853357904379462,0.12630796758113488
-3.40418,-4.57207,-2.637051366259553,1.0299344381523645,0.18659714659521837,0.18117381037375693
-3.42739,-4.59142,-2.6359249227755073,0.9480031452497558,0.0773496560734151,0.08159219350800463
-3.4506,-4.61077,-2.6347984792914616,0.8890335848688142,0.05252880903263245,0.059085292081944914
-3.47381,-4.63012,-2.6336720358074155,0.9313249662088736,0.09494740444898803,0.10194873743746888
-3.49702,-4.64948,-2.632546787991887,0.9298916133116764,0.06216539569714149,0.06685230279230964
-3.52024,-4.66883,-2.6314188623613246,0.9339256711017299,0.07397765154605915,0.07921149812574428
-3.54345,-4.68818,-2.630292418877279,0.9210469374275858,0.07836326531762211,0.08508064261793732
-3.56666,-4.70753,-2.629165975393233,0.8677571610283623,0.041044504565976636,0.04729952849635442
-3.58987,-4.72688,-2.628039531909187,0.8718442852082626,0.05039077856866015,0.05779791119078449
-3.61308,-4.74624,-2.626914284093658,0.8885693766003377,0.030594510456724542,0.03443120060448065
-3.63629,-4.76559,-2.6257878406096125,0.9288837506775804,0.04861870811501947,0.052341004005672646
-3.6595,-4.78494,-2.6246613971255663,0.9218179629009139,0.08722747782927354,0.09462549151762364
-3.68272,-4.80429,-2.623533471495004,0.9073955913297166,0.05689396693156031,0.06270029023194469
-3.70593,-4.82365,-2.6224082236794755,0.9372993501564645,0.07666745942665443,0.08179612992781467
-3.72914,-4.843,-2.62128178019543,0.941450323410875,0.08047654330574598,0.0854814548410578
-3.75235,-4.86235,-2.620155336711384,0.925266515971758,0.12592820534976862,0.13609938669131774
-3.77556,-4.8817,-2.6190288932273385,0.90979633354724,0.03626124675529569,0.0398564441493354
-3.79877,-4.90105,-2.6179024497432923,0.9389391474964949,0.05115126852819934,0.05447772484999119
-3.82198,-4.92041,-2.6167772019277638,0.8746941556798864,0.03917063606166308,0.04478209418378512
-3.8452,-4.93976,-2.615649276297201,0.9149357704694298,0.03639618502642292,0.039780043803237665
-3.86841,-4.95911,-2.614522832813155,0.8696274387412647,0.06969668221090088,0.0801454497707464
-3.89162,-4.97846,-2.6133963893291092,1.0274477136734377,0.17822314694832328,0.1734620113281691
-3.91483,-4.99782,-2.612271141513581,0.9385542179245185,0.11373454233384488,0.12118057770317513
-3.93804,-5.01717,-2.611144698029535,0.9213956149863252,0.11333730723848355,0.12300612830696578
-3.96125,-5.03652,-2.6100182545454893,1.025989480274013,0.15752551226653638,0.15353521190535574
-3.98446,-5.05587,-2.608891811061443,0.9639698110689071,0.09440704154704363,0.09793568269773872
-4.00768,-5.07522,-2.607763885430881,0.9046706167916551,0.04246341519932892,0.046937984290815325
-4.03089,-5.09458,-2.6066386376153523,0.9730547879953295,0.16806666360576594,0.17272065836294168
-4.0541,-5.11393,-2.6055121941313066,1.017151873314487,0.12342919805820002,0.12134785502187999
-4.07731,-5.13328,-2.604385750647261,1.020513620446542,0.1285497347419831,0.12596572173699566
-4.10052,-5.15263,-2.603259307163215,0.9656781306265019,0.1265790676739813,0.1310779064571554
-4.12373,-5.17199,-2.6021340593476863,0.9534970109413207,0.12208185420222993,0.12803590656430805
-4.14694,-5.19134,-2.6010076158636406,0.9371161316060823,0.1209120681696337,0.12902570352983658
-4.17015,-5.21069,-2.599881172379594,0.9598839326456309,0.10205016959069538,0.10631511385905255
-4.19337,-5.23004,-2.598753246749032,0.9813158710072225,0.18401649503817694,0.18752014562783176
-4.21658,-5.2494,-2.597627998933503,0.921693450181774,0.07463951350284738,0.08098084399767316
-4.23979,-5.26875,-2.596501555449458,0.9416947033247336,0.08439586336802044,0.08962125736722701
-4.263,-5.2881,-2.595375111965412,0.9681940349205431,0.1769924050435393,0.1828067501552667
-4.263,-5.2881,-2.595375111965412,1.0199854025151434,0.09686594952607838,0.09496797629379823
-4.28704,-5.30697,-2.5940682582316694,0.9420062794771871,0.14491008642055833,0.15383133804690063
-4.31108,-5.32584,-2.5927614044979266,0.9415918114425267,0.07344169415373572,0.07799737982132876
-4.33511,-5.34472,-2.591457228579218,0.9601851464131659,0.1308032402354412,0.13622710237089714
-4.35915,-5.36359,-2.590150374845475,0.9699537221841836,0.09420201499041045,0.097120112883615
-4.38319,-5.38246,-2.5888435211117327,0.9107633540634931,0.06920758585810333,0.07598854911028687
-4.40722,-5.40134,-2.5875393451930235,0.9680959124497814,0.06062000081622791,0.06261776342266344
-4.43126,-5.42021,-2.5862324914592807,0.9715915312067273,0.10063939850212568,0.10358200464873386
-4.4553,-5.43908,-2.5849256377255383,0.9113883632034685,0.12586687810431157,0.13810454816637993
-4.47934,-5.45795,-2.583618783991796,0.9544373915930453,0.19697894003143354,0.20638225384554273
-4.50338,-5.47682,-2.582311930258053,0.9515891098680838,0.13726838663493474,0.14425174186153084
-4.52741,-5.4957,-2.5810077543393444,0.9671472081815097,0.11649947399256841,0.12045681671523197
-4.55145,-5.51457,-2.579700900605602,0.9526101993626644,0.14359544448638759,0.15073893244315342
-4.57549,-5.53344,-2.5783940468718587,0.9368388644373609,0.06015468418938769,0.06421027828036885
-4.59952,-5.55232,-2.5770898709531505,1.0010825543715844,0.09499107726434527,0.09488835546032924
-4.62356,-5.57119,-2.5757830172194076,0.9594386171417076,0.12305976678900471,0.12826226148329922
-4.6476,-5.59006,-2.574476163485665,1.014999062378053,0.12660992976843666,0.12473896229204469
-4.67164,-5.60893,-2.5731693097519224,0.9571641903368437,0.18064131243964382,0.18872552302241144
-4.69567,-5.6278,-2.571863938164696,0.949750575534738,0.13540069449164158,0.14256447743177933
-4.71971,-5.64668,-2.5705582800994704,1.0059511375024033,0.12002277820666463,0.1193127317343263
-4.74375,-5.66555,-2.569251426365728,1.0042261819655502,0.18750179625933897,0.18671271435320053
-4.76779,-5.68442,-2.5679445726319856,0.962703021474151,0.12957399566583924,0.1345939430702393
-4.79182,-5.7033,-2.5666403967132765,0.904752385039114,0.12576721756847345,0.13900733465658266
-4.81586,-5.72217,-2.565333542979534,0.8916596208162616,0.09309849904468935,0.10441035667788028
-4.8399,-5.74104,-2.5640266892457912,0.9972728874337461,0.11719471113809285,0.11751518828478999
-4.86394,-5.75991,-2.562719835512049,0.9593901628666014,0.1863479727942859,0.19423585941040827
-4.88798,-5.77878,-2.5614129817783065,0.9472400194221674,0.14490890348935673,0.15298013229820426
-4.91201,-5.79766,-2.5601088058595973,0.8802616485320736,0.09176639471395119,0.10424899785987615
-4.93605,-5.81653,-2.558801952125855,0.9763412435204186,0.12153515935231013,0.12448020623822845
-4.96009,-5.8354,-2.557495098392112,0.948401228436874,0.11343214987169697,0.11960354591553238
-4.98412,-5.85428,-2.5561909224734034,0.9333508714056096,0.13246070849867433,0.14191952089699225
-5.00816,-5.87315,-2.5548840687396606,0.9545662342308574,0.13869669037782245,0.14529813165827873
-5.0322,-5.89202,-2.553577215005918,0.8597984469562923,0.11100876177639885,0.12911021434078254
-5.05624,-5.91089,-2.5522703612721753,0.8630043695919852,0.1777571244321766,0.2059747675625528
-5.08028,-5.92976,-2.550963507538433,0.8623682767697295,0.11515343930736228,0.13353162727495677
-5.10431,-5.94864,-2.549659331619724,0.904824386420444,0.1148293264127632,0.12690785984121955
-5.12835,-5.96751,-2.548352477885981,0.8856336706506728,0.10256993230006853,0.11581530343658983
-5.15239,-5.98638,-2.5470456241522386,0.9170841097945918,0.13512795568866104,0.14734521539025136
-5.17642,-6.00526,-2.54574144823353,1.0236574717325944,0.16688296462479138,0.163026177440324
-5.20046,-6.02413,-2.5444345944997875,0.8712663700536784,0.09780648534643474,0.11225784525622047
-5.2245,-6.043,-2.543127740766044,0.9355674914488649,0.11377550078574836,0.1216112165350574
-5.2245,-6.043,-2.543127740766044,0.9145914472777813,0.10274332540552986,0.11233794686287338
-5.24619,-6.06464,-2.542500391642949,0.9009579208711915,0.10375915262409438,0.11516537034688955
-5.26788,-6.08628,-2.541873042519854,1.0677324305875482,0.193442805288658,0.18117161167635507
-5.28957,-6.10793,-2.5412468890652753,0.948629680960039,0.19984755813813207,0.21066972934673614
-5.31126,-6.12957,-2.5406195399421803,0.9116981634577245,0.1397858263754408,0.15332467693615429
-5.33295,-6.15121,-2.539992190819085,1.0096366841991877,0.12123630590873793,0.12007914114659847
-5.35464,-6.17285,-2.5393648416959897,0.9250818655343405,0.13104447338839434,0.14165716383673913
-5.37633,-6.19449,-2.538737492572894,0.9696858485817959,0.2329580317221114,0.24024072545022887
-5.39802,-6.21614,-2.5381113391183163,0.9248116281205242,0.1608661238120425,0.17394474606571225
-5.41971,-6.23778,-2.537483989995221,1.051301557611453,0.22024137886771705,0.2094940098520384
-5.4414,-6.25942,-2.536856640872126,0.9043111469868702,0.11814041021434572,0.13064132915754162
-5.46309,-6.28106,-2.5362292917490303,0.9161376374573751,0.0845826027424026,0.0923252132475978
-5.48478,-6.3027,-2.535601942625935,0.8995094201433215,0.07426877264852114,0.08256586422039658
-5.50647,-6.32435,-2.5349757891713565,0.8842868428174512,0.11803096191763052,0.13347587705994668
-5.52816,-6.34599,-2.5343484400482614,0.9365837771671905,0.07906493416890029,0.08441843228167117
-5.54985,-6.36763,-2.533721090925166,0.9253893110596069,0.13750493578488554,0.14859144593688578
-5.57155,-6.38927,-2.533092259655554,0.8848031593545596,0.09108874828073647,0.1029480368799579
-5.59324,-6.41091,-2.532464910532459,0.8693706281140887,0.05065027831177869,0.058260857537427393
-5.61493,-6.43255,-2.5318375614093633,0.8854263441396609,0.04697461315725335,0.05305310087977674
-5.63662,-6.4542,-2.5312114079547854,0.8667175366873645,0.06081563449960834,0.07016776738134153
-5.65831,-6.47584,-2.5305840588316904,0.912038166438729,0.028317727299424188,0.03104884021465628
-5.68,-6.49748,-2.529956709708595,0.9147028269508228,0.12105545529128169,0.1323440266330236
-5.70169,-6.51912,-2.5293293605854994,0.8976549899236399,0.04600201526752643,0.05124687745727303
-5.72338,-6.54076,-2.5287020114624044,0.8406376210146309,0.037833409722558005,0.045005610951475046
-5.74507,-6.56241,-2.5280758580078255,0.8763166231853496,0.02585854454360041,0.029508220955122826
-5.76676,-6.58405,-2.5274485088847305,0.8653481752612772,0.03030381930037146,0.035019221357024
-5.78845,-6.60569,-2.526821159761635,0.8834441073723861,0.040021007430784565,0.04530111989746405
-5.81014,-6.62733,-2.5261938106385395,0.8717849702786282,0.03583265326400636,0.041102627925042115
-5.83183,-6.64897,-2.5255664615154445,0.8885334308678099,0.03877977791004091,0.043644703241121276
-5.85352,-6.67062,-2.5249403080608666,0.8678060859873948,0.024729988570263015,0.02849713659489388
-5.87521,-6.69226,-2.524312958937771,0.8697427153909316,0.03480707561815386,0.04001996797697672
-5.8969,-6.7139,-2.5236856098146756,0.8868175658761356,0.041739948272943514,0.047067119415599684
-5.8969,-6.7139,-2.5236856098146756,0.8785142012073773,0.03275657507703345,0.03728633530569543
-5.9191,-6.73522,-2.5229444098266876,0.9006177073626456,0.057862005269055945,0.06424702156756179
-5.9413,-6.75653,-2.5222020141701815,0.9063261341044331,0.031369390137869435,0.03461159174105294
-5.9635,-6.77785,-2.521460814182194,0.9061826123150689,0.02139604936568401,0.023611189483124687
-5.9857,-6.79917,-2.5207196141942054,0.858058955432052,0.017047979533073805,0.019868074827667014
-6.0079,-6.82049,-2.519978414206217,0.90421044704478,0.0406409346021712,0.044946322767003485
-6.0301,-6.8418,-2.519236018549712,0.8825095180018412,0.054830797209530026,0.06213054487352921
-6.0523,-6.86312,-2.5184948185617237,0.9195571765050025,0.04779575395054802,0.051976924515131556
-6.0745,-6.88444,-2.5177536185737353,0.8966511138325701,0.04173378014939317,0.04654405655172814
-6.0967,-6.90576,-2.517012418585747,0.9111304544232037,0.02610169213432639,0.028647590482364253
-6.1189,-6.92707,-2.516270022929241,0.9026829332978507,0.044340229940120615,0.04912049215124581
-6.1411,-6.94839,-2.515528822941253,0.9467659421809497,0.04723588311867372,0.04989182755123421
-6.1633,-6.96971,-2.514787622953265,0.9520403225894155,0.04377732637917489,0.045982638907674345
-6.1855,-6.99103,-2.5140464229652766,0.883329796648551,0.04000725080758323,0.045291408666814
-6.2077,-7.01234,-2.513304027308771,0.8969794799696602,0.041041938750751336,0.045755716454226526
-6.2299,-7.03366,-2.512562827320783,0.940770544481236,0.04384349220873449,0.04660381053162211
-6.2521,-7.05498,-2.5118216273327945,0.9468395924904953,0.08793025005495177,0.09286710309997355
-6.2743,-7.0763,-2.511080427344806,0.9328537715033436,0.04656396363824781,0.04991560849157258
-6.2965,-7.09761,-2.510338031688301,0.9177975959150058,0.04315710522817515,0.04702246488796838
-6.3187,-7.11893,-2.509596831700313,0.9276556967664188,0.03338692355256042,0.03599064142972342
-6.3409,-7.14025,-2.5088556317123243,0.9188608135019665,0.03057197578499655,0.03327160690255197
-6.3631,-7.16157,-2.5081144317243362,0.9120406661152721,0.024937818734766488,0.027342880269786804
-6.3853,-7.18288,-2.5073720360678307,0.8882447837723916,0.07509322294381852,0.08454113586222961
-6.4075,-7.2042,-2.5066308360798426,0.9265141327457649,0.10598237155159278,0.11438829458273822
