2.0586,-7.6742,3.7946670760059065,0.5818453491297637,0.029076658341919984,0.049973173086986865
2.04288,-7.64829,3.7970565678973096,0.5641174362107286,0.021032600466952538,0.0372840814994694
2.02715,-7.62238,3.799446384330447,0.561941044549384,0.020264038043312168,0.0360607900772967
2.01142,-7.59648,3.801835475440433,0.5820300547972463,0.026127245468388363,0.04488985620766602
1.9957,-7.57057,3.804224967331836,0.5683687842891345,0.018399525093804936,0.03237251165511744
1.97998,-7.54466,3.8066144592232396,0.5872675719729858,0.019609418948575697,0.033390944578628505
1.96425,-7.51875,3.8090042756563767,0.5729743618470234,0.03011464581770498,0.0525584525643142
1.94853,-7.49284,3.8113937675477794,0.5800206367382901,0.028145385729392743,0.048524800578935545
1.9328,-7.46693,3.813783583980917,0.5639090231387075,0.01599768068377716,0.028369258208947173
1.91708,-7.44102,3.8161730758723205,0.5816792493819557,0.029080741991287493,0.049994463481697664
1.90135,-7.41512,3.8185621669823058,0.5914816157970744,0.010500399257695107,0.017752706047414305
1.88562,-7.38921,3.8209519834154433,0.5809938382960269,0.028532557128349567,0.049109913475212645
1.8699,-7.3633,3.8233414753068464,0.5902517994993717,0.023485031565503047,0.03978815750400443
1.85418,-7.33739,3.82573096719825,0.6005210780409427,0.025479180972225443,0.04242845406083866
1.83845,-7.31148,3.828120783631387,0.6016315622899179,0.02300245180005652,0.038233452567722766
1.82273,-7.28558,3.8305095501996385,0.566953369766617,0.0159898551769219,0.028203122213567633
1.807,-7.25967,3.8328993666327764,0.5696273754027255,0.018546679244882798,0.03255931868051519
1.79128,-7.23376,3.835288858524179,0.6035109528842244,0.022977870375957502,0.03807365925364656
1.77555,-7.20785,3.8376786749573166,0.5700134004992832,0.019319420320714084,0.03389292305021587
1.75983,-7.18194,3.8400681668487193,0.5023824006704722,0.01142839647472602,0.02274840133626068
1.7441,-7.15603,3.842457983281857,0.5426985465335515,0.025180881843117665,0.04639939060820922
1.72838,-7.13012,3.84484747517326,0.5104171346661982,0.026034743533583777,0.051006797705978144
1.71265,-7.10422,3.8472365662832466,0.5239031052001561,0.018986193324752234,0.03623989462230539
1.69693,-7.07831,3.849626058174649,0.5297205628602979,0.020830227342042592,0.03932304841927781
1.6812,-7.0524,3.8520158746077873,0.5321070483586393,0.030802658750760426,0.05788808632732014
1.66548,-7.02649,3.8544053664991895,0.5607799859273023,0.01676443664687807,0.02989485550051595
1.64975,-7.00058,3.856795182932327,0.5420126040867931,0.013578451639695227,0.025051911223674967
1.63402,-6.97468,3.859184274042313,0.5328391190076555,0.015871226818736577,0.02978615167800499
1.6183,-6.94877,3.861573765933717,0.5411117847597202,0.021992969927569012,0.040644041669384366
1.60258,-6.92286,3.863963257825119,0.5564357527797,0.022045171609568585,0.03961853906662347
1.58685,-6.89695,3.8663530742582566,0.5409352227308208,0.020135648263940358,0.03722376990407264
1.57112,-6.87104,3.868742890691394,0.5566462657323032,0.012737373378056494,0.02288234766346573
1.5554,-6.84513,3.8711323825827972,0.5752955849921921,0.01269724345747677,0.022070816791769914
1.53968,-6.81922,3.8735218744742,0.5344207269570196,0.014709104920507383,0.027523455170349993
1.52395,-6.79332,3.875910965584186,0.5589793943027692,0.031043070145558755,0.055535267421225165
1.50823,-6.76741,3.878300457475589,0.5674807031972704,0.012081852926575522,0.021290332620130643
1.4925,-6.7415,3.8806902739087263,0.562945884506008,0.01627688212465127,0.02891375987042598
1.47678,-6.71559,3.8830797658001295,0.5459601706551249,0.02083182021739147,0.0381563002890748
1.46105,-6.68968,3.885469582233267,0.5613615335963327,0.009894770283486629,0.01762637746141299
1.44532,-6.66377,3.8878593986664045,0.5595224595857866,0.017052622328743827,0.030477100671468756
1.4296,-6.63787,3.890248165234656,0.5603660732606353,0.016078098045581513,0.028692133255011198
1.41388,-6.61196,3.8926376571260595,0.5784276724012587,0.011650885651497368,0.020142337940248264
1.39815,-6.58605,3.8950274735591965,0.5692783011186042,0.025564670463043632,0.04490715773429322
1.38242,-6.56014,3.8974172899923345,0.5666776348862996,0.013580304479299714,0.02396477934412308
1.3667,-6.53423,3.899806781883737,0.6010607097852643,0.013360958272466049,0.022228966317294974
1.35098,-6.50832,3.90219627377514,0.5896618661712318,0.013686595672912168,0.023210922154049757
1.33525,-6.48242,3.904585364885126,0.5793254570158213,0.016079138229820787,0.027754931248225242
1.31952,-6.45651,3.9069751813182636,0.5727823911045661,0.015812730638118864,0.027606872843324057
1.3038,-6.4306,3.9093646732096667,0.5795310501725888,0.013459609009044431,0.023225000636352543
1.28808,-6.40469,3.9117541651010703,0.5816214283649562,0.021600440232004834,0.03713831571289869
1.27235,-6.37878,3.914143981534207,0.5861022157716962,0.017720989126024534,0.030235321841757673
1.25663,-6.35288,3.916532748102459,0.5915436332384524,0.01633384319136073,0.02761223732886755
1.2409,-6.32697,3.918922564535596,0.5997193706633793,0.02959400826572481,0.04934642720142492
1.22518,-6.30106,3.9213120564269994,0.5786045264621951,0.02017337665376292,0.03486557005889757
1.20945,-6.27515,3.9237018728601365,0.6047964252140535,0.010874817502938998,0.01798095532573644
1.19373,-6.24924,3.92609136475154,0.5923585904832648,0.017193983420478107,0.029026308889098264
1.178,-6.22333,3.928481181184677,0.5789352135072148,0.01707592796581926,0.029495403919848895
1.16228,-6.19742,3.9308706730760807,0.5892638390993858,0.019921224370981087,0.033806969050447964
1.14655,-6.17152,3.933259764186066,0.5943487678887754,0.01983288242208156,0.03336909823592504
1.13083,-6.14561,3.9356492560774696,0.6136887300574626,0.011009233813637253,0.017939442708368468
1.1151,-6.1197,3.938039072510607,0.6190425306011302,0.029140919467133868,0.0470741799256283
1.09938,-6.09379,3.9404285644020103,0.6119887644835275,0.01573301654401056,0.025708015337974458
1.08365,-6.06788,3.942818380835147,0.5996917018998893,0.019189856499733135,0.03199953649339746
1.06792,-6.04198,3.945207471945133,0.6021941547864964,0.011390485280796553,0.018914971509205313
1.0522,-6.01607,3.9475969638365367,0.5872553867692485,0.015946188707470298,0.027153754681072118
1.03648,-5.99016,3.94998645572794,0.6125954300609378,0.013602198112310789,0.022204210878552774
1.02075,-5.96425,3.9523762721610773,0.5873774317339704,0.02290017553895112,0.03898715596094414
1.00502,-5.93834,3.954766088594214,0.5886482323876909,0.01383347884736099,0.02350041686398897
0.9893,-5.91243,3.9571555804856176,0.6072184189211217,0.010861264802959276,0.0178869159177633
0.97358,-5.88652,3.9595450723770207,0.5985794169136855,0.024826946594939038,0.041476445553287465
0.95785,-5.86062,3.961934163487007,0.6101085952844799,0.02550881612938297,0.041810288080745335
0.94213,-5.83471,3.9643236553784096,0.5833475672427351,0.019133523627831054,0.032799525878316485
0.9264,-5.8088,3.966713471811547,0.6053221630365563,0.014426740258089836,0.023833160487167864
0.9264,-5.8088,3.966713471811547,0.5972708462689369,0.013217045271277185,0.02212906481848582
0.91018,-5.78339,3.969082924632093,0.5922310389416677,0.022435010727165212,0.037882193353555325
0.89396,-5.75799,3.9714516521294883,0.5973469059062528,0.019480778722115837,0.03261216979530674
0.87773,-5.73258,3.9738214294917693,0.6146910065809549,0.02434669305792147,0.03960801898394947
0.86151,-5.70718,3.9761901569891647,0.6086099607211466,0.015693595896449607,0.02578596623337243
0.84529,-5.68177,3.978559609809712,0.614440772386169,0.009514457768072544,0.015484743519091886
0.82907,-5.65636,3.9809290626302576,0.6010690367741969,0.013794878922480158,0.022950573192913395
0.81285,-5.63096,3.983297790127653,0.6189523190730827,0.017156754196290546,0.027719024014618426
0.79662,-5.60555,3.985667567489934,0.6031423913011256,0.015357434551328368,0.0254623697037753
0.7804,-5.58014,3.988037020310481,0.6094837192771199,0.015871087014387875,0.02604021487762106
0.76418,-5.55474,3.990405747807876,0.6158042376175619,0.013623906142164164,0.022123761594874138
0.74796,-5.52933,3.9927752006284223,0.6145352311945871,0.01776631856530375,0.028910170912037108
0.73174,-5.50392,3.9951446534489694,0.6161525431811967,0.03218040904583927,0.05222799029553909
0.71552,-5.47852,3.9975133809463643,0.6022232265710017,0.023025067901239416,0.03823344382172343
0.69929,-5.45311,3.9998831583086445,0.636410414016874,0.02110671891747338,0.0331652632524548
0.68307,-5.42771,4.00225188580604,0.6414022873662988,0.015448843914707425,0.02408604431104053
0.66685,-5.4023,4.004621338626587,0.6376572459259631,0.01210641517610367,0.01898577214240473
0.65063,-5.37689,4.006990791447134,0.6438206434222764,0.016318794513248802,0.025346802218868036
0.63441,-5.35149,4.009359518944529,0.6126531781298801,0.012880552575057795,0.021024215714306092
0.61818,-5.32608,4.011729296306809,0.6278448133235762,0.01926898690958705,0.030690684227499182
0.60196,-5.30068,4.0140980238042046,0.6166579405249102,0.01743638319947499,0.02827561611325856
0.58574,-5.27527,4.016467476624751,0.6241281631165763,0.010828520277636458,0.0173498344051074
0.56952,-5.24986,4.018836929445298,0.6153967724718045,0.013260422776960878,0.021547761330789932
0.5533,-5.22446,4.021205656942693,0.6465298671876207,0.026908874701658394,0.04162046653577031
0.53708,-5.19905,4.0235751097632395,0.6339415145020758,0.021364773703193868,0.03370149014452012
0.52085,-5.17364,4.025944887125521,0.6192652149682482,0.016690591979707153,0.026952251759471
0.50463,-5.14824,4.028313614622916,0.6194174788426823,0.01713563337476099,0.027664110168116592
0.48841,-5.12283,4.030683067443462,0.6416412638927318,0.013125201221978204,0.020455668861366197
0.47219,-5.09743,4.0330517949408575,0.6163334269218923,0.027051424409875825,0.04389089286455989
0.45597,-5.07202,4.035421247761404,0.5929813318833788,0.02134798394355327,0.03600110626712236
0.43974,-5.04661,4.037791025123685,0.6215165941290031,0.02437195235319777,0.03921367922179578
0.42352,-5.02121,4.04015975262108,0.5787572748007171,0.025672955309213447,0.04435876044591126
0.4073,-4.9958,4.042529205441627,0.613225316991329,0.01827141726481256,0.029795601646810218
0.4073,-4.9958,4.042529205441627,0.6192561199313481,0.012799794536440609,0.02066962945454559
0.39274,-4.96952,4.04490788744846,0.6225221764917978,0.009685099650829664,0.015557838767141932
0.37818,-4.94323,4.047287294778443,0.5885807429904247,0.007794354056738448,0.013242624991666181
0.36362,-4.91695,4.049665976785275,0.6162657836535924,0.015370708179305298,0.02494168682898236
0.34906,-4.89067,4.0520446587921075,0.6178113972904276,0.019495651347229605,0.03155599173588065
0.3345,-4.86438,4.054424066122092,0.588520185515164,0.02693084779558952,0.045760278845857205
0.31994,-4.8381,4.056802748128924,0.5787731174111256,0.02386234286817298,0.04122918316405253
0.30537,-4.81181,4.059182480000642,0.5892012454012209,0.019180323973787775,0.0325530947592054
0.29081,-4.78553,4.061561162007475,0.617218727558427,0.01584218481660151,0.025667051418335102
0.27625,-4.75925,4.063939844014308,0.6277734549215028,0.027093662467613328,0.043158343595463326
0.26169,-4.73296,4.06631925134429,0.6319743496644755,0.016079152612552466,0.025442729789728214
0.24713,-4.70668,4.068697933351123,0.6560954182086896,0.019612352813357225,0.029892531282879598
0.23257,-4.6804,4.071076615357956,0.6431331449100771,0.02311763017879515,0.03594532541473579
0.21801,-4.65411,4.07345602268794,0.6581118119683805,0.019295805172789334,0.029319949622354468
0.20345,-4.62783,4.075834704694772,0.6506561646402657,0.024181706932397067,0.0371651084651855
0.18889,-4.60154,4.078214112024756,0.6749749446857861,0.01995229872956766,0.029560058320173412
0.17433,-4.57526,4.080592794031588,0.6527245676448765,0.027790812333801724,0.04257662988551962
0.15977,-4.54898,4.082971476038421,0.6745824486242777,0.024123981129823394,0.03576135308444666
0.14521,-4.52269,4.085350883368404,0.6754048412148933,0.009400334822154223,0.01391807438816288
0.13065,-4.49641,4.087729565375237,0.6965321084993732,0.020350946094467356,0.02921752758578777
0.11609,-4.47013,4.090108247382069,0.6499681215850789,0.022361109866032777,0.0344033947565008
0.10152,-4.44384,4.092487979253788,0.6484202018567684,0.02802623352890298,0.04322233244530186
0.08696,-4.41756,4.094866661260619,0.6729044005733134,0.017970330202139558,0.02670562146246758
0.0724,-4.39127,4.097246068590604,0.6665991734563741,0.021799602210343015,0.03270271413225762
0.05784,-4.36499,4.099624750597436,0.6815254304555984,0.02775324951596751,0.04072225081522565
0.04328,-4.33871,4.102003432604269,0.6693856734519538,0.01364346214373643,0.020382064757045792
0.02872,-4.31242,4.104382839934252,0.6791158319145891,0.013765007205928612,0.020269012382058273
0.01416,-4.28614,4.106761521941085,0.7121926553720664,0.01953127632844012,0.027424147358324713
-0.0004,-4.25986,4.109140203947917,0.678722197031641,0.015946310400336713,0.02349460570182784
-0.01496,-4.23357,4.111519611277901,0.7276272325633134,0.015872609916390275,0.021814205414596194
-0.02952,-4.20729,4.113898293284733,0.6916760139992708,0.022276894283021,0.03220712274554093
-0.04408,-4.18101,4.116276975291566,0.6949585655720008,0.016775471505875314,0.024138808177819777
-0.05864,-4.15472,4.11865638262155,0.7027444494225616,0.01147702850828979,0.016331724167612215
-0.0732,-4.12844,4.121035064628383,0.7116416957731604,0.02258204627919573,0.03173232599118796
-0.08777,-4.10215,4.123414796500101,0.7008528838777542,0.024796034444051894,0.035379799405058775
-0.10233,-4.07587,4.125793478506932,0.700347237834917,0.013371567816027406,0.019092768691948918
-0.11689,-4.04959,4.128172160513765,0.727316136217595,0.026473857860820633,0.036399381977825815
-0.13145,-4.0233,4.130551567843749,0.6861544305328732,0.026122514001401545,0.03807089605340679
-0.14601,-3.99702,4.132930249850581,0.6949530819003761,0.02353774901801833,0.03386955124172332
-0.16057,-3.97074,4.135308931857414,0.7505310094722666,0.013721284859939347,0.018282102520437396
-0.17513,-3.94445,4.137688339187398,0.7336543204509297,0.02348638478660949,0.03201287599884089
-0.18969,-3.91817,4.14006702119423,0.7662055961647465,0.011364790486404854,0.014832560011688091
-0.20425,-3.89188,4.142446428524214,0.7346029153457632,0.01887429561800026,0.02569319454594936
-0.21881,-3.8656,4.1448251105310465,0.7522133241455723,0.017723229845301967,0.023561440985419284
-0.23337,-3.83932,4.147203792537879,0.7347479363388303,0.027291492834988947,0.037144021078819915
-0.24793,-3.81303,4.1495831998678625,0.7328485576870394,0.013509137592849062,0.018433737026767944
-0.26249,-3.78675,4.151961881874694,0.7732700105441888,0.0402248632300358,0.05201916883046784
-0.27705,-3.76047,4.154340563881527,0.7406673514327291,0.04463903413307002,0.06026866723195149
-0.29162,-3.73418,4.156720295753245,0.7237230557245826,0.031970587631069254,0.04417516808147102
-0.30618,-3.7079,4.1590989777600775,0.7348645305404861,0.022074527952631585,0.03003890790101949
-0.32074,-3.68161,4.161478385090062,0.7560902846169739,0.026172031149092927,0.03461495496182888
-0.3353,-3.65533,4.163857067096894,0.7846209855492874,0.023713747461852373,0.030223187881281505
-0.34986,-3.62905,4.166235749103727,0.7507405938432985,0.02522528610993384,0.033600535680103495
-0.36442,-3.60276,4.1686151564337095,0.7771466078001359,0.02637538134555108,0.03393874602401175
-0.37898,-3.57648,4.170993838440543,0.7591972867028763,0.05470484475256594,0.07205616472912335
-0.39354,-3.5502,4.1733725204473755,0.7380620242496989,0.026462016623537407,0.035853377838316824
-0.4081,-3.52391,4.175751927777359,0.7788049657020915,0.020379870834283352,0.026168131601357895
-0.42266,-3.49763,4.1781306097841915,0.7874514050259085,0.03397655251059777,0.04314749112610941
-0.43722,-3.47135,4.180509291791024,0.7842160681997074,0.03555581172099519,0.045339305279244284
-0.45178,-3.44506,4.1828886991210075,0.7672371948769493,0.02534657468340294,0.033036165155507176
-0.46634,-3.41878,4.18526738112784,0.7736197077439602,0.02689436269968448,0.03476431951056957
-0.48091,-3.39249,4.187647112999558,0.767349255352032,0.02527324925081576,0.03293578390093219
-0.49547,-3.36621,4.190025795006391,0.7576620641095626,0.024216605453978027,0.03196227790873816
-0.51003,-3.33993,4.1924044770132225,0.7539367233553856,0.025260339529627376,0.03350458831240712
-0.52459,-3.31364,4.194783884343207,0.7553226627559891,0.03510157244412537,0.0464722881689373
-0.53915,-3.28736,4.197162566350039,0.7525276897398605,0.014857882951640398,0.019743968433608847
-0.55371,-3.26108,4.199541248356871,0.7139740455118747,0.03476767602997075,0.04869599427111458
-0.56827,-3.23479,4.201920655686855,0.6992634533602039,0.022577345092557898,0.032287323159913346
-0.58283,-3.20851,4.204299337693688,0.7184359919112733,0.03618256784355487,0.05036296657033771
-0.59739,-3.18222,4.206678745023672,0.8034705962314984,0.03136591087974178,0.03903803204106867
-0.61195,-3.15594,4.209057427030505,0.7795791510423039,0.02437924469514818,0.0312723148926609
-0.62651,-3.12966,4.2114361090373365,0.7824234220502635,0.028983245113546264,0.03704291601802835
-0.64107,-3.10337,4.21381551636732,0.771797038420649,0.019690607753730893,0.025512675967278086
-0.65563,-3.07709,4.216194198374153,0.7388817823968634,0.016976722404323626,0.02297623626509335
-0.67019,-3.05081,4.218572880380985,0.7501092909682323,0.018490672368344296,0.024650637701709777
-0.68476,-3.02452,4.220952612252703,0.7181996249991789,0.026646646917765436,0.037102006169657774
-0.69932,-2.99824,4.223331294259536,0.6916433217073465,0.022199314874111222,0.032096478310975965
-0.71388,-2.97195,4.22571070158952,0.6355282791931052,0.022737177641969638,0.03577681495281023
-0.72844,-2.94567,4.228089383596352,0.6198035134502659,0.016938089585567428,0.027328160002317525
-0.743,-2.91939,4.230468065603184,0.6149058399516681,0.022004910425615372,0.03578582117116495
-0.75756,-2.8931,4.232847472933169,0.6167760943714772,0.03166173332689123,0.05133424206260129
-0.77212,-2.86682,4.23522615494,0.59596015420667,0.02457684106367279,0.04123906756214093
-0.78668,-2.84054,4.237604836946833,0.6044208296994634,0.027601066939512055,0.045665313939025155
-0.80124,-2.81425,4.239984244276817,0.5623669886620924,0.02404009976450977,0.042748063540683154
-0.8158,-2.78797,4.242362926283649,0.5741481184456605,0.03374064752343778,0.058766451442496745
-0.83036,-2.76169,4.244741608290481,0.5833393359212022,0.018093674932913955,0.031017409282610178
-0.84492,-2.7354,4.247121015620466,0.6309709907029508,0.023165175455959135,0.03671353484912409
-0.85948,-2.70912,4.249499697627298,0.6563849900434645,0.03388350922626612,0.05162139558374487
-0.87405,-2.68283,4.251879429499016,0.6853642073817646,0.029719595850106948,0.043363215542933084
-0.88861,-2.65655,4.254258111505848,0.7775358407117889,0.027362739940587338,0.03519161240919562
-0.90317,-2.63027,4.256636793512681,0.7778408346261309,0.03457920513402923,0.044455373894904504
-0.91773,-2.60398,4.259016200842664,0.7834005933531587,0.021002179617673096,0.026808991205608222
-0.93229,-2.5777,4.261394882849498,0.7711596216212231,0.037271310775381546,0.04833151234892898
-0.94685,-2.55142,4.263773564856329,0.7536743233706732,0.029076357189081817,0.03857947164637774
-0.96141,-2.52513,4.266152972186314,0.7797727413035249,0.024542449365557387,0.03147384880950114
-0.97597,-2.49885,4.268531654193146,0.7937737788628071,0.022105331293781165,0.027848402003717194
-0.99053,-2.47256,4.270911061523129,0.7891695271104313,0.034766552160209595,0.0440546054629205
-1.00509,-2.44628,4.273289743529962,0.783523739304274,0.02455109662641653,0.03133420902883754
-1.01965,-2.42,4.275668425536795,0.7718315744417411,0.024159235050646176,0.03130117482965158
-1.03421,-2.39371,4.278047832866778,0.82737249802935,0.020949152156398487,0.02532009730356706
-1.04877,-2.36743,4.280426514873611,0.7858063214848386,0.0406414945310468,0.051719480258509136
-1.06333,-2.34115,4.282805196880443,0.8191501369126122,0.02525258679804529,0.030827788045330283
-1.0779,-2.31486,4.2851849287521615,0.810891922280484,0.031958512260540514,0.03941155582196835
-1.09246,-2.28858,4.287563610758993,0.7954720526420038,0.018320347213487426,0.023030786754405765
-1.10702,-2.26229,4.2899430180889775,0.7606555364181563,0.016932494188545633,0.022260396957443963
-1.12158,-2.23601,4.29232170009581,0.7358704672213505,0.0275527550915155,0.03744239824646694
-1.13614,-2.20973,4.294700382102643,0.7213668513166379,0.015411572736630224,0.021364403851523037
-1.1507,-2.18344,4.297079789432626,0.7502549936411671,0.04115753535831691,0.05485806253493834
-1.16526,-2.15716,4.299458471439459,0.7233710106541673,0.01794121216533216,0.024802227212709773
-1.17982,-2.13088,4.301837153446291,0.7183928299635366,0.026983718179047697,0.037561229808512016
-1.19438,-2.10459,4.304216560776275,0.723339687985211,0.025687013035293457,0.03551168760951306
-1.20894,-2.07831,4.306595242783108,0.7326912378141844,0.022076840360763808,0.030131164699915038
-1.2235,-2.05203,4.30897392478994,0.7127364503802894,0.024043722076301333,0.03373437974650027
-1.23806,-2.02574,4.311353332119924,0.7165058317811575,0.020155021184583143,0.02812959823994719
-1.25262,-1.99946,4.313732014126756,0.7311936044389823,0.025508450766972644,0.03488604196223014
-1.26719,-1.97317,4.316111745998474,0.7663510370589592,0.037036436252317465,0.048328291424322906
-1.28175,-1.94689,4.3184904280053065,0.7402943941594462,0.024363486011853824,0.032910536948637714
-1.29631,-1.92061,4.320869110012139,0.7255519692952384,0.022382620765055622,0.03084909381032606
-1.31087,-1.89432,4.3232485173421225,0.7059764678503304,0.0286886278470873,0.040636804700364876
-1.32543,-1.86804,4.325627199348955,0.7099081680477026,0.012289162305120525,0.01731091831062683
-1.33999,-1.84176,4.328005881355788,0.6998501790083944,0.02383308542433446,0.03405455358760234
-1.35455,-1.81547,4.330385288685771,0.6858255276906156,0.01278815889596535,0.018646373428278462
-1.36911,-1.78919,4.3327639706926036,0.6746164993120707,0.011941779348831344,0.017701582100361882
-1.38367,-1.7629,4.335143378022588,0.6606966658372018,0.015305619291113171,0.023165879415659917
-1.39823,-1.73662,4.3375220600294195,0.6634553859042278,0.037233639386865636,0.056120788492989106
-1.41279,-1.71034,4.339900742036252,0.6587272360966399,0.01293255582013176,0.019632641724008606
-1.42735,-1.68405,4.342280149366236,0.6177594656068441,0.02566029445632619,0.04153767912098164
-1.44191,-1.65777,4.344658831373068,0.6123561171828039,0.012927663685807667,0.021111348973343283
-1.45647,-1.63149,4.3470375133799015,0.6201996134217319,0.018663510244870084,0.0300927473042119
-1.47104,-1.6052,4.349417245251619,0.6470353882506565,0.015468554889450236,0.023906814326294372
-1.4856,-1.57892,4.351795927258452,0.696300810653814,0.013021882529479736,0.018701518553816448
-1.50016,-1.55263,4.354175334588435,0.6520383913647188,0.02677202591729958,0.04105897179039662
-1.51472,-1.52635,4.356554016595267,0.6989310156897004,0.024999494118257384,0.03576818535315399
-1.52928,-1.50007,4.3589326986021,0.6974257367763863,0.02685312955713373,0.038503209934943335
-1.54384,-1.47378,4.361312105932084,0.6723856293835595,0.036142446749855194,0.05375255682217725
-1.5584,-1.4475,4.363690787938917,0.6503973837803534,0.016440331707479577,0.025277364450518248
-1.5584,-1.4475,4.363690787938917,0.6620232250590413,0.01820435639931997,0.02749806307429237
-1.57487,-1.42169,4.366097367228873,0.6050113075455287,0.01982164500325289,0.03276243725702806
-1.59135,-1.39589,4.368503545737414,0.605684226770024,0.019719428825171654,0.032557276471158705
-1.60782,-1.37008,4.370910125027371,0.5983218721685211,0.013950916942803404,0.0233167423618337
-1.6243,-1.34427,4.373317028859062,0.5974116868250775,0.013156007038560407,0.022021676724266182
-1.64077,-1.31847,4.375722882825867,0.5586215207809456,0.021620956883575976,0.03870412449085413
-1.65725,-1.29266,4.378129786657558,0.5610098050901853,0.019203410184252843,0.03423007942109994
-1.67372,-1.26685,4.380536365947516,0.5650625622527963,0.018517806525592408,0.03277125005727766
-1.69019,-1.24105,4.382942219914321,0.5712316820899309,0.025301792994839086,0.04429339931263781
-1.70667,-1.21524,4.385349123746013,0.5780965899099353,0.017203453481603796,0.029758787340855984
-1.72314,-1.18944,4.387754977712819,0.5716578252695019,0.019782441760003888,0.034605389597663024
-1.73962,-1.16363,4.390161881544509,0.5811274842439806,0.01677221302630073,0.028861503682140563
-1.75609,-1.13782,4.392568460834466,0.5626468538864358,0.013745115140218117,0.024429382383061225
-1.77256,-1.11202,4.394974314801272,0.5652165589489044,0.016173304326120387,0.028614349792222653
-1.78904,-1.08621,4.3973812186329635,0.5972072073041554,0.016056600454177224,0.02688614647947418
-1.80551,-1.0604,4.3997877979229205,0.5615183034882598,0.02299625430552381,0.040953703846636255
-1.82199,-1.0346,4.402193976431461,0.5729003881808363,0.01457865145961662,0.025447096494224858
-1.83846,-1.00879,4.404600555721418,0.5541766285120656,0.01632586401044657,0.029459676158268593
-1.85494,-0.98298,4.407007459553109,0.5493747133418732,0.01672448891048745,0.030442771580715042
-1.87141,-0.95718,4.409413313519915,0.5552655098881936,0.010461807608196212,0.018841090292647147
-1.88788,-0.93137,4.411819892809872,0.5620273770539083,0.014344448035648204,0.025522685586670844
-1.90436,-0.90556,4.414226796641564,0.5531881649392745,0.027659663867930877,0.05000046208683293
-1.92083,-0.87976,4.416632650608369,0.6186299853374768,0.0337714743637282,0.05459074917829127
-1.93731,-0.85395,4.41903955444006,0.6273888312067383,0.01823313833468968,0.029061942814027342
-1.95378,-0.82815,4.421445408406866,0.6174252285741032,0.0190242850618028,0.030812289782421017
-1.97025,-0.80234,4.423851987696823,0.6370655087800106,0.02622664885491846,0.041167899522833784
-1.98673,-0.77653,4.426258891528514,0.603190863879959,0.013229601360882975,0.021932695193334024
-2.0032,-0.75073,4.42866474549532,0.6140722854426184,0.02659492010130847,0.04330910339348577
-2.01968,-0.72492,4.431071649327011,0.5706517123619418,0.01066546911666512,0.0186899800449568
-2.03615,-0.69911,4.433478228616968,0.5418490175086863,0.013515453569978377,0.02494320951640687
-2.05263,-0.67331,4.435884407125508,0.5681090104771834,0.017973698660489954,0.03163776375486975
-2.0691,-0.6475,4.438290986415465,0.6056478218475713,0.010626893613232215,0.017546325157769292
-2.0691,-0.6475,4.438290986415465,0.6114723723405125,0.013972980348683724,0.0228513682395818
-2.08287,-0.62056,4.440691900953283,0.5783302801070707,0.022825188952155406,0.03946739387038425
-2.09664,-0.59361,4.443093540814252,0.5786501393760841,0.01686103874725364,0.02913857199694734
-2.1104,-0.56667,4.445494130810336,0.5955351442115514,0.018982799256964514,0.031875195681518455
-2.12417,-0.53972,4.447895770671305,0.5904758380134677,0.010618505631811423,0.017982963820391298
-2.13794,-0.51278,4.450296685209124,0.5926475896847578,0.0240951973069784,0.0406568721890781
-2.15171,-0.48584,4.452697599746942,0.6271909598079379,0.011046576147208095,0.017612779607969545
-2.16547,-0.45889,4.455098915066176,0.5963562139905084,0.02692527514268207,0.04514965135101386
-2.17924,-0.43195,4.457499829603995,0.572909832164248,0.030667543172803156,0.05352944119836829
-2.19301,-0.405,4.459901469464964,0.6124282685886273,0.02369662907254933,0.038692905419208425
-2.20678,-0.37806,4.462302384002783,0.60118937085478,0.018916213629784864,0.031464650818575704
-2.22054,-0.35111,4.464703699322017,0.6226460130863212,0.018518396409966616,0.029741451837417127
-2.23431,-0.32417,4.467104613859835,0.5976414831062746,0.012343470314081558,0.020653637110204747
-2.24808,-0.29723,4.4695055283976535,0.6153234916343036,0.014263726326786557,0.023180857745089496
-2.26185,-0.27028,4.471907168258623,0.6240103423584478,0.013552322517973924,0.021718105611443723
-2.27561,-0.24334,4.474307758254707,0.6037280462644481,0.015216990662708416,0.025205041834420575
-2.28938,-0.21639,4.476709398115676,0.585584601243773,0.012767913149276253,0.02180370372130243
-2.30315,-0.18945,4.479110312653494,0.5855630246821912,0.01690270620984294,0.028865733486189166
-2.31692,-0.16251,4.481511227191311,0.585651930029072,0.012992896195834784,0.022185355378560454
-2.33069,-0.13556,4.483912867052282,0.5772962525439761,0.018587645372657943,0.03219775858711643
-2.34445,-0.10862,4.486313457048365,0.589489525466895,0.0257934269523806,0.043755530570202004
-2.35822,-0.08167,4.488715096909334,0.6009839785038085,0.012482941525260437,0.020770839110116696
-2.37199,-0.05473,4.4911160114471524,0.5907667720920039,0.023475380681739235,0.03973713788710389
-2.38576,-0.02779,4.49351692598497,0.5967581011703718,0.017500043794290317,0.029325188480841643
-2.39952,-0.00084,4.495918241304206,0.5894877672578762,0.01098930308320645,0.018642122353658766
-2.41329,0.0261,4.498319155842024,0.5916636977126996,0.021588682756342716,0.03648809761322514
-2.42706,0.05305,4.500720795702993,0.6021474120409479,0.011426198276730252,0.01897574920732738
-2.44083,0.07999,4.503121710240811,0.6015533720573178,0.020421697490324266,0.03394827198870464
-2.45459,0.10694,4.505523025560046,0.576637639624239,0.023255659963861565,0.04032976407682287
-2.46836,0.13388,4.507923940097864,0.5636818381434352,0.019169770878782653,0.03400814002083333
-2.48213,0.16082,4.510324854635682,0.5885452955171686,0.026466911761298246,0.04497005067051151
-2.4959,0.18777,4.512726494496651,0.582203928565216,0.023001558079948387,0.03950773423434887
-2.50966,0.21471,4.515127084492735,0.5972852576190117,0.027406956387673084,0.0458858745265651
-2.52343,0.24166,4.517528724353705,0.5936410714187058,0.01226418928445305,0.020659266811077655
-2.5372,0.2686,4.519929638891522,0.5871206949213696,0.02461832693538661,0.04193060668502518
-2.5372,0.2686,4.519929638891522,0.5563597715905889,0.017330753175585616,0.03115026294233739
-2.55077,0.29542,4.52231535871684,0.6103784974467946,0.02118052986064352,0.03470064877652375
-2.56433,0.32223,4.524700028677271,0.6055791398746736,0.01469212845643557,0.024261285584368297
-2.5779,0.34905,4.527085748502588,0.5919342664123063,0.015747567569089585,0.02660357486065989
-2.59146,0.37586,4.52947041846302,0.6200630215151872,0.022507023423352264,0.036297961082010756
-2.60503,0.40268,4.531856138288336,0.5861349037363862,0.010958116721153996,0.01869555396087178
-2.61859,0.42949,4.534240808248768,0.5732147725548312,0.021269762272872285,0.03710609581478941
-2.63216,0.45631,4.536626528074084,0.5710329991903753,0.014974309163974206,0.02622319408021104
-2.64572,0.48312,4.539011198034516,0.5774569179357739,0.02119246670885975,0.03669964987971072
-2.65929,0.50994,4.541396917859832,0.5732590729588154,0.00907538109735688,0.015831203596159884
-2.67286,0.53676,4.54378263768515,0.5977535439919014,0.013912141803994141,0.02327404319694444
-2.68642,0.56357,4.546167307645581,0.6069754047188798,0.02399283236042118,0.039528508361114635
-2.69999,0.59039,4.5485530274708985,0.5616529011675979,0.02657281687656757,0.04731181272513041
-2.71355,0.6172,4.55093769743133,0.6129389814326742,0.019020893526150027,0.031032279072365214
-2.72712,0.64402,4.553323417256646,0.5691626018032072,0.031641439094844126,0.05559296938097915
-2.74068,0.67083,4.555708087217078,0.607761480368482,0.026011529537179667,0.04279891104880329
-2.75425,0.69765,4.558093807042394,0.6041358532133602,0.027429278379578207,0.04540250050329511
-2.76782,0.72447,4.560479526867711,0.6202767175828587,0.031027331606677075,0.05002175759165479
-2.78138,0.75128,4.562864196828143,0.6068919634954341,0.03141255086680541,0.05175970808030273
-2.79495,0.7781,4.56524991665346,0.6316868031331512,0.02718987704572218,0.0430432880833683
-2.80851,0.80491,4.567634586613891,0.5691684295830537,0.022118060616148582,0.03886030824364458
-2.82208,0.83173,4.570020306439209,0.6064050009376215,0.026900273436018154,0.044360243392493524
-2.83564,0.85854,4.57240497639964,0.6051521367016387,0.028973145471925667,0.047877457113252246
-2.84921,0.88536,4.574790696224956,0.5919868925468427,0.02467210161900283,0.04167677009343679
-2.86278,0.91218,4.577176416050273,0.6088351851603055,0.018652004631931462,0.03063555636493054
-2.87634,0.93899,4.579561086010704,0.6091474134190797,0.01767256718559418,0.029011971152269916
-2.88991,0.96581,4.581946805836021,0.6282586453055335,0.022129405255297576,0.03522339950377546
-2.90347,0.99262,4.5843314757964535,0.6282490680483633,0.024134675522162086,0.03841577608246316
-2.91704,1.01944,4.5867171956217705,0.6211175402359982,0.017405360918330674,0.02802265238189438
-2.9306,1.04625,4.589101865582201,0.6396018168303178,0.03939094795845006,0.06158667302363248
-2.94417,1.07307,4.591487585407518,0.6383564998298509,0.012914026250700227,0.02023011632863825
-2.95773,1.09988,4.59387225536795,0.6468133612234799,0.028649808356062876,0.04429377943255583
-2.9713,1.1267,4.596257975193266,0.6512919332483932,0.03220012669244039,0.04944038924578502
