15.8953,44.7058,-8.490266315806378,0.803110498135152,0.05211262014408999,0.06488848080693396
15.91744,44.68555,-8.49438579400657,0.7840894939190497,0.030283791344762348,0.03862287606150336
15.93958,44.66531,-8.49850775163234,0.7490958297391886,0.018946941663754973,0.02529308122079881
15.96171,44.64506,-8.502623101415649,0.7337332505593074,0.0185336749786651,0.02525941813940873
15.98385,44.62481,-8.506742579615842,0.7517982276522328,0.009726605001826573,0.012937786555046137
16.00599,44.60457,-8.510864537241613,0.7527096567543273,0.02646238743917129,0.0351561683867279
16.02813,44.58432,-8.514984015441808,0.7567226080317587,0.022886858399726637,0.030244713395382133
16.05026,44.56407,-8.519099365225115,0.7963135776173381,0.028803646003783923,0.036171235570248275
16.0724,44.54383,-8.523221322850885,0.8296897878512329,0.023166863615729165,0.02792231982959285
16.09454,44.52358,-8.527340801051079,0.854442808174188,0.02669064332763545,0.031237483740625332
16.11668,44.50334,-8.531462758676849,0.7992850593310324,0.02035816515184856,0.025470468782298365
16.13882,44.48309,-8.535582236877042,0.7810669868482719,0.022972670747898497,0.029411908497882923
16.16095,44.46284,-8.539697586660349,0.7922625396173565,0.06231937610685616,0.07866000598356562
16.18309,44.4426,-8.54381954428612,0.8570681232714094,0.01926909610490548,0.022482572367008333
16.20523,44.42235,-8.547939022486315,0.8637272379031062,0.021702385209586342,0.025126433736504368
16.22737,44.4021,-8.55205850068651,0.839223315738289,0.029512379592652595,0.03516630083935371
16.2495,44.38186,-8.556176329895392,0.8442614535092107,0.02509275812522368,0.029721548959655213
16.27164,44.36161,-8.560295808095585,0.8277417645116485,0.025070674693245698,0.03028803881611182
16.29378,44.34136,-8.564415286295782,0.7881161364143933,0.024366629301805394,0.030917561734827067
16.31592,44.32112,-8.568537243921549,0.8126641582659166,0.024684750655743774,0.030375094563560818
16.33806,44.30087,-8.572656722121746,0.7950716513832555,0.024322625872010978,0.030591740794297953
16.36019,44.28062,-8.57677207190505,0.8063312189404389,0.04520986891522029,0.056068607854013644
16.38233,44.26038,-8.580894029530821,0.839212156794425,0.031572326744989804,0.03762138869101705
16.40447,44.24013,-8.585013507731018,0.773459613766051,0.015704154532055165,0.02030378089890187
16.42661,44.21988,-8.589132985931212,0.8014934140569745,0.02441481274578225,0.03046165110977033
16.4314,44.2155,-8.590024509218612,0.7802114996637408,0.018604639804669667,0.023845636487911267
16.45013,44.19206,-8.591945260501184,0.7814588026475936,0.02755057344104777,0.03525531140951517
16.46885,44.16862,-8.593861883366863,0.7890923964560033,0.03558762442797375,0.04509943903629793
16.48758,44.14519,-8.595785114075008,0.8238922319626161,0.024217204617973907,0.029393655721556503
16.5063,44.12175,-8.597701736940689,0.81166902771446,0.03172204154665118,0.039082483701485767
16.52503,44.09831,-8.599622488223257,0.8000752826745495,0.01879709074060968,0.023494152547462042
16.54376,44.07487,-8.601543239505826,0.8288816003745068,0.0191233236742284,0.023071236791343982
16.56248,44.05143,-8.603459862371508,0.8066188463710656,0.024124821797672648,0.029908576902472474
16.58121,44.028,-8.605383093079649,0.8229252319316596,0.03032612446298965,0.03685161578021477
16.59993,44.00456,-8.60729971594533,0.7807540763432695,0.02578503275451664,0.03302580612231077
16.61866,43.98112,-8.6092204672279,0.7853694416548254,0.024505456226366636,0.031202456992383124
16.63739,43.95768,-8.61114121851047,0.8218593641312852,0.03001011128786734,0.03651489853083121
16.65611,43.93424,-8.61305784137615,0.8259588822784565,0.032818582154511285,0.039733917581925245
16.67484,43.91081,-8.614981072084293,0.8158582060270314,0.04907072424933336,0.060146142904282475
16.69356,43.88737,-8.616897694949973,0.8033570535801593,0.024840708663955588,0.03092113096319129
16.71229,43.86393,-8.618818446232545,0.7902427512495969,0.043362531536022556,0.054872419224920636
16.73102,43.84049,-8.620739197515114,0.8316507368828848,0.04101269925511722,0.04931481141811665
16.74974,43.81705,-8.622655820380794,0.8080179625527132,0.017775772263300522,0.021999229085381718
16.76847,43.79362,-8.624579051088936,0.834126470178326,0.023691417560618946,0.028402668429349825
16.78719,43.77018,-8.626495673954619,0.788226606486347,0.015838753422227462,0.020094162379054134
16.80592,43.74674,-8.628416425237189,0.7799657875331301,0.028392196484521678,0.03640184856610224
16.82464,43.7233,-8.630333048102866,0.8252173698889285,0.02769915710940741,0.033565891994173154
16.84337,43.69986,-8.632253799385436,0.8049824374117044,0.026221441581601366,0.03257393001754464
16.8621,43.67643,-8.634177030093582,0.7876673901328963,0.03101634408019663,0.03937746372229972
16.88082,43.65299,-8.63609365295926,0.7900188427040428,0.03012095711673643,0.03812688443435058
16.89955,43.62955,-8.638014404241831,0.7623284469763488,0.026674955727261435,0.03499142112964994
16.91827,43.60611,-8.63993102710751,0.7987567858386648,0.02623779827279539,0.03284829467238476
16.937,43.58267,-8.64185177839008,0.7472057531166427,0.020791697406763985,0.02782593324534841
16.95573,43.55924,-8.643775009098222,0.7190035707790776,0.02920872848585864,0.0406238990638245
16.9675,43.5445,-8.644979482477313,0.7755838001245481,0.04173903924493894,0.05381628553643878
16.98499,43.52013,-8.646157723487168,0.7302525413375746,0.019155580328242775,0.026231446306446617
17.00248,43.49575,-8.647333485071448,0.7579117355872192,0.021687636545265763,0.028614989750043243
17.01997,43.47138,-8.648511726081306,0.7711515513031142,0.018681560124278303,0.02422553659226862
17.03746,43.44701,-8.64968996709116,0.7359807890686647,0.017013672707661395,0.023117006531095843
17.05496,43.42263,-8.65086985709233,0.7749252912387712,0.037920095216386764,0.04893387226498814
17.07245,43.39826,-8.652048098102183,0.792649727384577,0.02904318230520352,0.036640626119981465
17.08994,43.37389,-8.65322633911204,0.8166592630187466,0.025383689420133526,0.031082350460709632
17.10743,43.34951,-8.654402100696322,0.7683074305330093,0.01539542160825668,0.020038100630598073
17.12492,43.32514,-8.655580341706175,0.7774325898596033,0.03874079820312084,0.049831713653934996
17.14241,43.30077,-8.656758582716034,0.8020714214861977,0.03379375377293893,0.042133097960678885
17.1599,43.27639,-8.657934344300315,0.8095427818757235,0.024027978487169064,0.02968092486909198
17.17739,43.25202,-8.65911258531017,0.8420406529732359,0.01772761060367229,0.021053152886474424
17.19488,43.22765,-8.660290826320024,0.7820099139036035,0.02556979266180652,0.03269753005325511
17.21238,43.20327,-8.661470716321194,0.8098315280366091,0.045296288432978636,0.05593297724873337
17.22987,43.1789,-8.662648957331049,0.8596264953659818,0.020161063081082023,0.02345328254743771
17.24736,43.15453,-8.663827198340904,0.7813514410340351,0.021640451359808598,0.02769618154305798
17.26485,43.13015,-8.665002959925186,0.8166427558875886,0.023175514393540788,0.028379011785088205
17.28234,43.10578,-8.666181200935043,0.8297636487445732,0.03078054503074863,0.03709555736421978
17.29983,43.08141,-8.667359441944898,0.8301279529442948,0.023744800315156026,0.02860378358653995
17.31732,43.05703,-8.668535203529176,0.7898312554958469,0.026541669355412915,0.033604227701460564
17.33481,43.03266,-8.669713444539035,0.8165803085516398,0.032095123016621555,0.039304306852008655
17.35231,43.00829,-8.670895813965778,0.7845740083853754,0.024594895535729102,0.03134808860969598
17.3698,42.98391,-8.67207157555006,0.8126054961529519,0.025372579162523397,0.03122373560435243
17.38729,42.95954,-8.673249816559913,0.7991786619511286,0.022775130818712783,0.028498171814434065
17.40478,42.93517,-8.67442805756977,0.8469176857060654,0.02779700162586017,0.03282137342861855
17.42227,42.91079,-8.675603819154052,0.780646333920197,0.028558996028211096,0.036583782933810066
17.43976,42.88642,-8.676782060163907,0.8800083518769659,0.034356080158372375,0.03904062965436003
17.45725,42.86205,-8.677960301173762,0.8009012553959186,0.026091643516787933,0.03257785318851792
17.47474,42.83767,-8.679136062758044,0.8238641987300381,0.03736159301902064,0.045349212985116245
17.49223,42.8133,-8.680314303767897,0.8185447550775535,0.029990122993232022,0.03663834238408942
17.50973,42.78893,-8.681496673194646,0.7880593033328294,0.025581615189639646,0.03246153567561589
17.52722,42.76455,-8.682672434778922,0.8280318368276696,0.024675365769095788,0.029800020568812063
17.54471,42.74018,-8.683850675788781,0.8342735410009483,0.028413815240349152,0.034058152205401
17.5462,42.7381,-8.683950089385409,0.7891020134540309,0.02262149145623318,0.028667385294348886
17.56369,42.71373,-8.685128330395264,0.7745620525942328,0.03230707868697989,0.041710123260975826
17.58119,42.68936,-8.686310699822007,0.809742655471586,0.01717392611586349,0.02120911625417778
17.59868,42.66498,-8.687486461406289,0.7899512118785451,0.030122638327066194,0.038132276872432404
17.61617,42.64061,-8.688664702416146,0.8419657033261458,0.020133452694529135,0.023912438018547404
17.63367,42.61624,-8.689847071842886,0.8194512185760079,0.01572547400148253,0.019190250310212844
17.65116,42.59187,-8.691025312852744,0.7562809768355425,0.018784199019771224,0.02483759289883071
17.66865,42.5675,-8.692203553862601,0.7832321775109772,0.0336723014266687,0.042991468422142014
17.68615,42.54312,-8.693383443863771,0.7958146281719003,0.023483731434840796,0.029509047212145718
17.70364,42.51875,-8.694561684873625,0.8158785921310369,0.03413853220671831,0.04184266205287977
17.72113,42.49438,-8.695739925883482,0.8376371036688648,0.025499243535680494,0.030441874439412216
17.73862,42.47001,-8.696918166893337,0.8458751927894423,0.017112926364985622,0.020231029956739043
17.75612,42.44564,-8.698100536320082,0.7859435160516745,0.022842145376996574,0.029063342225594164
17.77361,42.42127,-8.699278777329939,0.830828426943323,0.023706710905828415,0.028533822552325384
17.7911,42.39689,-8.700454538914219,0.8286816661992372,0.023489014936870375,0.02834503995316217
17.8086,42.37252,-8.70163690834096,0.7463654191527415,0.032867382219877,0.04403658231806529
17.82609,42.34815,-8.702815149350817,0.7983964560648124,0.028240643556348814,0.035371704548318145
17.84358,42.32378,-8.703993390360674,0.7898184944298344,0.0277962131505361,0.03519316570397865
17.86108,42.29941,-8.705175759787421,0.7612128654584973,0.0205752210376295,0.027029523502912076
17.87857,42.27503,-8.7063515213717,0.7953421899510278,0.035146267063801126,0.04419012031282436
17.89606,42.25066,-8.707529762381556,0.7657727630225821,0.009934808858871845,0.012973573021398874
17.91356,42.22629,-8.7087121318083,0.7589261149260572,0.010060896010003326,0.01325675294621212
17.93105,42.20192,-8.709890372818156,0.7935825091766763,0.013109932585401714,0.016519936407120375
17.94854,42.17755,-8.71106861382801,0.8317451663984698,0.027761034493728468,0.03337685100586301
17.96604,42.15317,-8.712248503829182,0.8024776736185422,0.029919953052160456,0.03728446788711895
17.98353,42.1288,-8.713426744839033,0.8524555418385555,0.02316670377202641,0.027176436347707965
18.00102,42.10443,-8.714604985848892,0.8046469960783117,0.03326725796602498,0.041343916187052125
18.01851,42.08006,-8.715783226858749,0.8393777971934568,0.024772395650107176,0.029512807859507537
18.03601,42.05569,-8.716965596285492,0.8247186195861763,0.015454617049804492,0.01873926049779165
18.0535,42.03131,-8.718141357869772,0.8328247694619263,0.028095397026575795,0.03373506415368475
18.07099,42.00694,-8.719319598879629,0.8088223160194637,0.013492449151487307,0.01668159852202028
18.08849,41.98257,-8.720501968306374,0.8224524387897008,0.024791763949698533,0.030143705314050057
18.10598,41.9582,-8.72168020931623,0.7708622360104582,0.02448190341472767,0.03175911631296403
18.12347,41.93383,-8.722858450326084,0.8108346991707253,0.01648829617472098,0.02033496616706741
18.125,41.9317,-8.722961980462388,0.7898148627308734,0.027587249157505926,0.03492875414134386
18.14249,41.90733,-8.724140221472243,0.7995834071223636,0.031750169045847265,0.03970838909740958
18.15999,41.88296,-8.725322590898989,0.8600431783235047,0.027870718044715567,0.0324061846511525
18.17748,41.85858,-8.726498352483269,0.8239443102813725,0.01568419830276949,0.01903550774859216
18.19497,41.83421,-8.727676593493126,0.8405011611130107,0.03277412258689729,0.03899354825815714
18.21247,41.80984,-8.728858962919869,0.7562257728791042,0.021625796475511994,0.028597010642970048
18.22996,41.78547,-8.730037203929724,0.8516837581905705,0.007899638047537585,0.009275318416686282
18.24745,41.7611,-8.731215444939581,0.8398330362575539,0.023103838045915964,0.02751003717223461
18.26495,41.73672,-8.73239533494075,0.8346852532163302,0.01488475965361451,0.017832781394254177
18.28244,41.71235,-8.733573575950606,0.8608346576976178,0.018724499154221766,0.02175156284286018
18.29993,41.68798,-8.734751816960463,0.8159377609588729,0.02380012101273377,0.02916903978652044
18.31742,41.66361,-8.735930057970316,0.8054945075955013,0.03278943829079714,0.0407072152343752
18.33492,41.63924,-8.737112427397062,0.8134216994423975,0.02530499740396053,0.031109321796193988
18.35241,41.61487,-8.73829066840692,0.8260005172058544,0.016109749396286295,0.01950331635479043
18.3699,41.59049,-8.739466429991198,0.8144399953390774,0.02603702232869135,0.03196923343364456
18.3874,41.56612,-8.740648799417944,0.8631055649994727,0.02534448364544846,0.029364291777523116
18.40489,41.54175,-8.7418270404278,0.8215254666146411,0.02608289554191478,0.031749345092608884
18.42238,41.51738,-8.743005281437656,0.8581564212665963,0.030798322110491334,0.03588893743291525
18.43988,41.49301,-8.744187650864399,0.8597570998266857,0.020853093196280127,0.024254633315018627
18.45737,41.46863,-8.745363412448679,0.873711758296366,0.030489012708905007,0.03489596244916625
18.47486,41.44426,-8.746541653458534,0.8648644103360859,0.027013484083415376,0.031234357386631217
18.49236,41.41989,-8.747724022885281,0.8548156480522342,0.017308270445345476,0.020247956953974525
18.50985,41.39552,-8.748902263895136,0.8446806851432438,0.014455886619966605,0.017114025304740012
18.52734,41.37115,-8.750080504904991,0.87223293947745,0.02751360406615316,0.031543871849917075
18.54484,41.34677,-8.751260394906161,0.8273885493314701,0.015738419181350567,0.019021799605599098
18.56233,41.3224,-8.752438635916016,0.8425168975010034,0.014878266473062689,0.01765930928767511
18.57982,41.29803,-8.753616876925873,0.8592159699774673,0.0254225904862531,0.029588126122608964
18.59731,41.27366,-8.754795117935728,0.8607914592942632,0.02291802712364454,0.02662436630404574
18.61481,41.24929,-8.755977487362474,0.8420937044310115,0.01306267409704645,0.015512138409671023
18.6323,41.22491,-8.757153248946754,0.8483210803695208,0.01689725918589841,0.01991847141006813
18.64979,41.20054,-8.758331489956609,0.7962563803471094,0.01914263027036218,0.02404078729267751
18.66729,41.17617,-8.759513859383352,0.8441031450753412,0.022080526155355225,0.026158564014572422
18.68478,41.1518,-8.760692100393209,0.8485764947935689,0.03516067907699844,0.041434896314859505
18.70227,41.12743,-8.761870341403064,0.889263512851946,0.0251241180838221,0.028252725677731735
18.7038,41.1253,-8.76197387153937,0.8390650781385176,0.020602846571146624,0.02455452754255301
18.72129,41.10093,-8.763152112549223,0.863068564450536,0.019801969965853324,0.02294368116449711
18.73878,41.07655,-8.764327874133505,0.8662139716410866,0.028636110808833097,0.033058934335335785
18.75627,41.05218,-8.765506115143362,0.8566289495708738,0.03291264153166312,0.03842111750735325
18.77376,41.02781,-8.766684356153215,0.9152983852388447,0.03382422453043401,0.03695431465402145
18.79126,41.00343,-8.767864246154385,0.8996270454755727,0.026652903031345685,0.02962661379000236
18.80875,40.97906,-8.76904248716424,0.8822398592796207,0.021666625411061246,0.024558656223889946
18.82624,40.95469,-8.770220728174097,0.8911412629773341,0.026624727224639225,0.029877111890975715
18.84373,40.93031,-8.771396489758377,0.9015525324860352,0.028167655820404196,0.03124349919214553
18.86122,40.90594,-8.772574730768234,0.8452199018403508,0.030465934549494637,0.036044980108915124
18.87871,40.88157,-8.77375297177809,0.9131620209474312,0.030248364241934275,0.03312486015411674
18.8962,40.85719,-8.774928733362373,0.8555989125849907,0.023657295181298037,0.027649982758653924
18.91369,40.83282,-8.776106974372226,0.8552572166212888,0.022059085728914272,0.025792340947509502
18.93118,40.80845,-8.777285215382083,0.9110958156031297,0.024271571951582662,0.026639977416113257
18.94868,40.78407,-8.77846510538325,0.8828787528599534,0.019413602709998732,0.021988979400751545
18.96617,40.7597,-8.779643346393108,0.8947027380623312,0.022820537927714456,0.02550627930024801
18.98366,40.73533,-8.780821587402961,0.8975367606985749,0.02795146116645527,0.031142413759966736
19.00115,40.71095,-8.781997348987243,0.9037515708273522,0.015192936870755399,0.016810965934860627
19.01864,40.68658,-8.783175589997098,0.8786391363890715,0.024884255836931598,0.028321360620468153
19.03613,40.66221,-8.784353831006955,0.8749376281317021,0.019872157016097784,0.02271265559641296
19.05362,40.63783,-8.785529592591235,0.8441284096630085,0.026101376403882166,0.030921096962371296
19.07111,40.61346,-8.786707833601092,0.8856120530522634,0.03558614405590524,0.04018254260797099
19.08861,40.58909,-8.787890203027835,0.9023498785756481,0.027120196227401375,0.03005507826987286
19.1061,40.56471,-8.789065964612114,0.8150405454614731,0.026139371183175768,0.03207125256373074
19.12359,40.54034,-8.790244205621972,0.9034381364883028,0.03265959053176475,0.036150334165340615
19.14108,40.51597,-8.791422446631827,0.9084992891555148,0.03067751816246649,0.03376724509160863
19.15857,40.49159,-8.79259820821611,0.8394293435918485,0.026935731402887724,0.03208814608223244
19.17606,40.46722,-8.793776449225962,0.847055103090006,0.033393061447948555,0.039422537360477114
19.19355,40.44285,-8.79495469023582,0.8398624316206081,0.01942248307709545,0.02312579101748557
19.21104,40.41847,-8.7961304518201,0.8544456397744092,0.01785864897437208,0.020900860327506758
19.22853,40.3941,-8.797308692829954,0.9078940219694227,0.019512173275636823,0.021491686037661762
19.24603,40.36973,-8.7984910622567,0.8909367295894246,0.025135813433932827,0.028212792894413845
19.26352,40.34535,-8.799666823840981,0.8478392628935973,0.030841250454146242,0.03637629419152859
19.28101,40.32098,-8.800845064850835,0.8542175313268497,0.028070320884180308,0.032860857866706256
19.2825,40.3189,-8.800944478447464,0.8004297566379617,0.015051029290065621,0.01880368535183441
19.29984,40.29442,-8.80203351952266,0.8207088081029591,0.022794489735184678,0.027774150234689668
19.31719,40.26994,-8.803126689014745,0.8841589017206528,0.02093169864503737,0.02367413663347437
19.33453,40.24547,-8.804218209515517,0.8648148427406733,0.026066913766121212,0.030141612375098582
19.35188,40.22099,-8.805311379007602,0.8023990135909054,0.019263802527724493,0.024007759483046846
19.36922,40.19651,-8.806400420082797,0.8196567140590225,0.025101539121030803,0.0306244537383528
19.38657,40.17203,-8.80749358957488,0.8711635286130566,0.02924462394896588,0.033569614645742846
19.40391,40.14755,-8.808582630650077,0.8541151510897327,0.020766144955693937,0.024313050680811847
19.42125,40.12307,-8.809671671725273,0.9246217145344575,0.016510869031709584,0.01785689084754269
19.4386,40.0986,-8.810767320642933,0.903571453711187,0.035181151085364355,0.0389356601969516
19.45594,40.07412,-8.811856361718128,0.9172743381887354,0.023295030053149424,0.02539592473408573
19.47329,40.04964,-8.812949531210213,0.8894607893446886,0.028780009979364352,0.03235669331817096
19.49063,40.02516,-8.81403857228541,0.8914850279243307,0.037063814567999495,0.04157536403532901
19.50797,40.00068,-8.815127613360605,0.8600996414166188,0.028905524084818383,0.033607180718282614
19.52532,39.97621,-8.816223262278266,0.90850830072865,0.044482945553174676,0.04896261874272152
19.54266,39.95173,-8.817312303353463,0.8651727924625204,0.02315940021298717,0.02676852579595011
19.56001,39.92725,-8.818405472845544,0.8442092072127526,0.038298803058386115,0.045366483486757654
19.57735,39.90277,-8.819494513920741,0.8507048756007844,0.03394092389934209,0.039897413160318786
19.5947,39.87829,-8.820587683412825,0.8027386562443395,0.021696798074994132,0.027028470481917356
19.61204,39.85382,-8.821679203913598,0.8617001048087353,0.039730035413156346,0.04610656908527928
19.62938,39.82934,-8.822768244988794,0.879461337925591,0.01924649273692863,0.021884410271321132
19.64673,39.80486,-8.823861414480877,0.8848082676057911,0.026350635325239603,0.029781181177863505
19.66407,39.78038,-8.824950455556074,0.980453196660535,0.03734631026557377,0.0380908649110196
19.68142,39.7559,-8.82604362504816,0.9632849268266381,0.030773144260383075,0.03194604566455684
19.69876,39.73142,-8.827132666123354,1.0301563419525204,0.021797007283025683,0.02115893131494239
19.7161,39.70695,-8.828224186624126,0.9476471333108357,0.03279643396133101,0.03460827644436457
19.73345,39.68247,-8.829317356116212,0.9053118928198792,0.02014346278201463,0.0222503017377486
19.75079,39.65799,-8.830406397191405,0.9366791259810385,0.023530435930428122,0.025121127692242878
19.76814,39.63351,-8.831499566683492,0.9715363256788105,0.03799670786837446,0.03910991989087617
19.78548,39.60903,-8.832588607758685,1.0012965385368005,0.03597319769735428,0.035926617453329146
19.80283,39.58456,-8.833684256676348,1.0015591125537742,0.06611157845810516,0.06600866352214992
19.82017,39.56008,-8.834773297751543,0.9468360414391516,0.0360547356444682,0.03807917534451529
19.8356,39.5383,-8.83574325610649,0.9237758056957455,0.04628514898411315,0.050104309615744164
19.85105,39.51258,-8.835744577618376,0.8771470940886088,0.029490118308685698,0.03362049365201069
19.86649,39.48687,-8.83574425013895,0.9219362137464442,0.03434674344820227,0.03725501063531115
19.88194,39.46115,-8.835745571650834,0.9675468660160842,0.028981382133978533,0.029953465978666872
19.89739,39.43543,-8.835746893162717,0.9135927208125396,0.037996121045414714,0.041589780850728945
19.91284,39.40971,-8.835748214674602,0.9619341513660966,0.03844395556008413,0.03996526737873659
19.92828,39.384,-8.835747887195177,0.9473449429712163,0.041155523120489826,0.043443017694707084
19.94373,39.35828,-8.83574920870706,0.9055310416066075,0.05971995942680136,0.06595020676579487
19.95918,39.33256,-8.835750530218945,0.9180222557155137,0.041014905256447125,0.044677462884034104
19.97463,39.30684,-8.835751851730832,0.9340701925846379,0.02554041961758361,0.02734314810636605
19.99007,39.28113,-8.835751524251403,0.9248194935487233,0.035821635199916275,0.038733650674318366
20.00552,39.25541,-8.835752845763288,0.8672288238860644,0.022711781822778634,0.026188914848340517
20.02097,39.22969,-8.835754167275171,0.9452341006371823,0.04392257197873466,0.04646740098471528
20.03642,39.20398,-8.835757968212635,0.9594150144572271,0.032020749779658214,0.033375285248973735
20.05186,39.17826,-8.835755161307633,0.9810441615580011,0.03762610610109525,0.03835312167939621
20.06731,39.15254,-8.835756482819516,0.8885483673986616,0.03629492170665919,0.04084743502812029
20.08276,39.12682,-8.8357578043314,0.965172006176835,0.01882661432008186,0.01950596805501684
20.09821,39.10111,-8.835761605268862,0.8819116480149042,0.02269626391290078,0.025735303489853915
20.11365,39.07539,-8.835758798363859,0.9493234134379052,0.03392146550780733,0.03573225417980921
20.1291,39.04967,-8.835760119875744,0.960188725968313,0.02415928650560377,0.025160977058171632
20.14455,39.02396,-8.835763920813205,0.9232746081849363,0.0294501804306746,0.031897530994132554
20.16,38.99824,-8.83576524232509,0.8733921249442277,0.027554475118873267,0.03154880188624647
20.17544,38.97252,-8.835762435420087,0.9044213452858154,0.034572017562614674,0.038225565708745204
20.19089,38.9468,-8.835763756931971,0.9042254179005769,0.03378400308052159,0.037362368289713656
20.20634,38.92109,-8.835767557869433,0.8853693947941113,0.02792876126094365,0.03154475569763551
20.22179,38.89537,-8.835768879381316,0.8976119025792407,0.02530291279243987,0.02818914579868346
20.23723,38.86965,-8.835766072476314,0.9160419378544352,0.02171391989163772,0.0237040674605972
20.25268,38.84393,-8.835767393988199,0.8571458026085305,0.029875407238791382,0.03485452200532547
20.26813,38.81822,-8.835771194925659,0.9387469777521982,0.023338270009522172,0.024861086706670383
20.2697,38.8156,-8.835769746876306,0.8509134368246591,0.03150588173398588,0.03702595395785017
20.28898,38.79261,-8.838029135238648,0.8966464553437283,0.018133870934667395,0.020224103744118184
20.30825,38.76962,-8.840284395184105,0.9376733033554346,0.0384452440542385,0.041000681065210445
20.32753,38.74664,-8.842546262972018,0.937046198995937,0.029431761851494577,0.031409083013229526
20.3468,38.72365,-8.844801522917475,0.9563211124549887,0.02009285669683838,0.021010575250459185
20.36608,38.70066,-8.847060911279817,0.882098692433407,0.03350562936586773,0.037983991647734125
20.38536,38.67767,-8.849320299642157,0.9512630313330721,0.04422881362354214,0.04649483073210695
20.40463,38.65469,-8.851578039013189,0.9447130298918298,0.03147526755834702,0.033317278964545415
20.42391,38.6317,-8.853837427375531,0.9851435909113511,0.041604521490682334,0.0422319364146644
20.44319,38.60871,-8.856096815737875,0.9859784145089561,0.026456744168320126,0.026832985163773894
20.46246,38.58572,-8.858352075683328,0.9532929052162119,0.025875198779978233,0.027142967957062055
20.48174,38.56274,-8.860613943471245,0.9530507944017096,0.040322381640537634,0.04230874353958285
20.50101,38.53975,-8.862869203416698,0.9149895119181426,0.041698410747382564,0.045572555973858
20.52029,38.51676,-8.86512859177904,0.915862465918936,0.041360793477599966,0.04516048535311507
20.53957,38.49377,-8.867387980141386,0.8948604881875808,0.026429414336231735,0.029534675723319675
20.55884,38.47079,-8.869645719512414,1.0072067317068367,0.04917083482508425,0.04881900932270197
20.57812,38.4478,-8.871905107874758,1.0009756452437462,0.03637176811981413,0.03633631676518692
20.59739,38.42481,-8.874160367820211,0.9146990395947505,0.027339879383429203,0.02988948080184046
20.61667,38.40182,-8.876419756182555,0.9498612233386947,0.05694237970332623,0.059948104316942016
20.63595,38.37884,-8.878681623970472,0.9313825619340067,0.0305167333266739,0.03276498248292968
20.65522,38.35585,-8.880936883915926,0.8829910399082724,0.021204641663124427,0.024014560402931408
20.6745,38.33286,-8.883196272278267,0.9141414909850631,0.03162912543240115,0.034599813862860714
20.69378,38.30987,-8.88545566064061,0.9504413086704779,0.03794051468937229,0.03991884016746417
20.71305,38.28688,-8.887710920586063,0.9584194009232145,0.03907968949654875,0.04077514442936416
20.73233,38.2639,-8.889972788373983,0.8976694322258769,0.029398436550983134,0.03274973558817331
20.7516,38.24091,-8.892228048319437,0.9080559462398808,0.018445256651293807,0.020312907731811856
20.77088,38.21792,-8.894487436681779,0.9246369431784753,0.03126315592720052,0.033811277126492706
20.79016,38.19493,-8.896746825044122,1.0290821312830354,0.04657372687336284,0.0452575411209364
20.80943,38.17195,-8.89900456441515,0.9563603441062943,0.02841280089129679,0.02970930472639804
20.82871,38.14896,-8.901263952777496,0.9972305785249311,0.06816234008358785,0.06835163456821712
20.84798,38.12597,-8.90351921272295,0.9541263646414899,0.022240513598556715,0.023309819771004357
20.86726,38.10298,-8.905778601085292,1.035807568745883,0.056464886089794365,0.054512911271888016
20.88654,38.08,-8.908040468873208,1.0141650854604294,0.03947322500697412,0.038921893065420744
20.90581,38.05701,-8.910295728818662,1.0492888605352917,0.03916736275533827,0.03732753127232967
20.908,38.0544,-8.91055272204197,1.0360120010259333,0.03941382490169303,0.038043791831236164
20.92414,38.02911,-8.910945519618917,0.9214330042304573,0.04796943381536072,0.05205960020438253
20.94028,38.00382,-8.911338317195861,0.950222169473449,0.01565667689706813,0.01647685920203697
20.95642,37.97854,-8.911733594198385,0.9867339236405508,0.05669911971433915,0.05746140712903432
20.97256,37.95325,-8.912126391775328,1.0118535990493374,0.02974662289837934,0.029398149027020374
20.9887,37.92796,-8.912519189352274,0.9684736142811323,0.03406110748488405,0.03516988690514459
21.00484,37.90267,-8.91291198692922,1.0334582189890538,0.031274802403577204,0.03026228039888322
21.02098,37.87738,-8.913304784506167,0.9830877271424068,0.02873999404783852,0.02923441444170866
21.03712,37.85209,-8.913697582083111,1.00949646412424,0.039464189966757504,0.039092945215012255
21.05326,37.82681,-8.914092859085633,0.9159039299569753,0.06308215296854011,0.06887420274690098
21.0694,37.80152,-8.914485656662578,0.9298425179127363,0.03700067630863442,0.03979241172117153
21.08554,37.77623,-8.914878454239524,0.931882868317294,0.03879301131529024,0.041628634492808084
21.10168,37.75094,-8.91527125181647,0.8977819222404522,0.028511800941790098,0.03175804751184754
21.11782,37.72565,-8.915664049393413,0.9529664050355608,0.039113771163653645,0.041044228796495795
21.13396,37.70036,-8.916056846970362,0.9300254529507532,0.02516054067465635,0.02705360438773782
21.1501,37.67508,-8.916452123972883,0.8932264198272317,0.030524047175765706,0.034172799301737715
21.16624,37.64979,-8.916844921549828,0.8940977866223501,0.04209586099005935,0.04708194295960141
21.18238,37.6245,-8.917237719126772,0.9460592701155216,0.0373246421479606,0.03945275240884533
21.19852,37.59921,-8.917630516703719,0.9366373379353305,0.04644113352338397,0.049582833870104016
21.21466,37.57392,-8.918023314280665,0.9177789605475304,0.013765967335127376,0.014999218686506877
21.2308,37.54864,-8.918418591283185,0.9466178907599279,0.024720160367422347,0.026114190962075994
21.24694,37.52335,-8.918811388860131,0.8963196147615802,0.03351367945303516,0.03739032249333264
21.26308,37.49806,-8.919204186437078,0.8401843559220618,0.03962612154356673,0.047163603159545826
21.27922,37.47277,-8.919596984014023,0.8689114597906606,0.02757401520599576,0.03173397576392758
21.29536,37.44748,-8.919989781590967,0.8040882524631942,0.014362807506760434,0.01786222776263961
21.31151,37.42219,-8.920386707584804,0.788520859472276,0.029158264936648748,0.03697843194175377
21.32765,37.39691,-8.920781984587325,0.7915357093474296,0.029538254522586554,0.03731765247450295
21.34379,37.37162,-8.92117478216427,0.7859305697946979,0.03600746689311215,0.04581507359170172
21.35993,37.34633,-8.921567579741215,0.747881192247872,0.018674098414547806,0.024969338189158
21.37607,37.32104,-8.921960377318163,0.7415658294522297,0.053887993500874656,0.0726678487069448
21.39221,37.29575,-8.922353174895107,0.8091955074433697,0.0348786956094026,0.04310292789390398
21.40835,37.27047,-8.922748451897629,0.7872858636033873,0.034070309798066155,0.04327565294025123
21.4186,37.2544,-8.922995642308098,0.7434644159084488,0.03400374261179545,0.045736879780918414
21.43561,37.22969,-8.923891418837732,0.7902606291211265,0.027315572841621588,0.034565271044819844
21.45262,37.20497,-8.924784715941792,0.7498514021286461,0.05503316572529942,0.0733920955126224
21.46962,37.18026,-8.925676364054537,0.7959529848957545,0.02650083959610527,0.03329447856719335
21.48663,37.15555,-8.926572140584174,0.8982744315330058,0.013927257058920936,0.015504456733954359
21.50364,37.13084,-8.927467917113807,0.8859759790714616,0.026959841130561008,0.030429539589567657
21.52065,37.10612,-8.928361214217865,0.9263645289104234,0.03173525933510779,0.03425785243788894
21.53766,37.08141,-8.929256990747499,0.9588234420261437,0.05118502021826191,0.053383154786140787
21.55467,37.0567,-8.930152767277136,0.9591872499669106,0.06180714705989303,0.06443699815862357
21.57167,37.03198,-8.931041935964306,1.0340932728721302,0.16823830440448137,0.16269161478752286
21.58868,37.00727,-8.931937712493939,0.8665235038723301,0.04910475273631698,0.05666869105901583
21.60569,36.98256,-8.932833489023576,0.9286762585270388,0.11992640511638689,0.1291369344432263
21.6227,36.95785,-8.93372926555321,0.9153941516077755,0.03914218480595881,0.04275992449504998
21.63971,36.93313,-8.93462256265727,0.9337773709438666,0.04972543868360713,0.05325192088703587
21.65671,36.90842,-8.935514210770014,0.9430083794851434,0.044669487428492326,0.04736913096454205
21.67372,36.88371,-8.936409987299651,0.9345710854262214,0.055342066091956334,0.05921654003099933
21.69073,36.859,-8.937305763829285,0.8591057221692923,0.020863839438927546,0.024285531920617557
21.70774,36.83428,-8.938199060933345,0.8795904370402065,0.07156341909364056,0.08135993307800067
21.72475,36.80957,-8.939094837462978,0.8474125762919048,0.03720732817984138,0.043906981346267776
21.74176,36.78486,-8.939990613992613,0.8666836210931734,0.03925181796145411,0.045289673193482816
21.75876,36.76014,-8.940879782679781,0.8391393934965634,0.04394967213936463,0.052374697791547103
21.77577,36.73543,-8.941775559209418,0.8350079096398068,0.06763926021724358,0.08100433473309347
21.79278,36.71072,-8.942671335739053,0.8440086732852015,0.03529266257651711,0.041815521206843405
21.80979,36.68601,-8.943567112268688,0.908615722065057,0.019852246938927686,0.02184889217391977
21.8268,36.66129,-8.944460409372747,0.9762480489754468,0.050058853497209996,0.05127677699304575
21.8438,36.63658,-8.945352057485493,0.9820865709947941,0.016778118040478743,0.017084153816993474
21.86081,36.61187,-8.94624783401513,0.9233138732102362,0.03387370745181048,0.03668709897538551
21.87782,36.58715,-8.947141131119187,0.9859972158891873,0.042451852965336025,0.043054739183063816
21.89483,36.56244,-8.94803690764882,0.9160700466260497,0.03965693038580261,0.043290281711384264
21.91184,36.53773,-8.948932684178457,0.9606912637640042,0.03553837535772106,0.036992503937717844
21.92884,36.51302,-8.949824332291202,0.885873226027552,0.04731707009014527,0.05341291360878496
21.9292,36.5125,-8.94984402516925,0.8158254467952031,0.013313760590514792,0.01631937400679897
21.94595,36.48761,-8.95058783319942,0.8456336261221153,0.015265482591397926,0.018052123425368
21.96271,36.46273,-8.951338249072055,0.9198857062614341,0.031585032398706345,0.03433582257416857
21.97946,36.43784,-8.952082057102226,1.1238931663327565,0.04973829055144999,0.04425535454917406
21.99621,36.41296,-8.952828344557973,1.0758495933270353,0.02313714450412968,0.021505928568117682
22.01297,36.38807,-8.953576281005033,0.9751658111717407,0.030155848594771974,0.030923816492845743
22.02972,36.36318,-8.954320089035205,1.0708907204664644,0.02408786432374649,0.022493298208106766
22.04647,36.3383,-8.95506637649095,0.9236878651768009,0.03039998146809952,0.03291153063083787
22.06323,36.31341,-8.955814312938012,0.9426416184806208,0.03272278778193527,0.034713922174027155
22.07998,36.28852,-8.956558120968182,0.9811868004500601,0.03706431411497062,0.037774982396797024
22.09673,36.26364,-8.957304408423932,1.0057714517216705,0.03615866272736191,0.03595117227225513
22.11349,36.23875,-8.95805234487099,0.9687181048015528,0.020373122958372736,0.021031012899822163
22.13024,36.21387,-8.958798632326737,0.951653470699975,0.04828707769861683,0.05074018977002203
22.147,36.18898,-8.959546568773797,0.8860002626158348,0.03481237320718826,0.039291605969063614
22.16375,36.16409,-8.96029037680397,0.9146902406218018,0.042663920583451406,0.04664302589961897
22.1805,36.13921,-8.961036664259714,0.9447635586912781,0.012701953594683516,0.013444584603028865
22.19726,36.11432,-8.961784600706777,1.0430885210592233,0.04053626811654499,0.038861771842126774
22.21401,36.08944,-8.962530888162522,0.9322767040866824,0.036950662353187495,0.039634866119910954
22.23076,36.06455,-8.963274696192693,0.9348173400297229,0.033650384899330366,0.0359967487319613
22.24752,36.03966,-8.964022632639756,0.9601209985439156,0.029534056687900906,0.030760765291761326
22.26427,36.01478,-8.964768920095501,1.0272740679760881,0.02772289983118766,0.026986858420174748
22.28102,35.98989,-8.965512728125674,1.0179891345401642,0.04469369730944983,0.04390390407225556
22.29778,35.965,-8.966260664572735,0.9680727782986404,0.04789188510285357,0.04947136845126681
22.31453,35.94012,-8.96700695202848,1.0819667743104424,0.06714888790379957,0.06206187611130185
22.33128,35.91523,-8.967750760058651,1.151201424810914,0.05272831710944847,0.045802859493601786
22.34804,35.89035,-8.968501175931287,1.1163741417394315,0.04433837786614288,0.03971641424537019
22.36479,35.86546,-8.969244983961458,1.1489107520156634,0.03928285700581843,0.034191391225906885
22.38154,35.84057,-8.96998879199163,1.174468898468421,0.07270241023106362,0.06190237163868025
22.3983,35.81569,-8.970739207864264,1.2115415222024715,0.04993414088675195,0.0412153772459868
22.41505,35.7908,-8.971483015894437,1.1865980256071036,0.04525940419043871,0.03814215363057129
22.4318,35.76592,-8.972229303350183,1.1855761025111762,0.03816443104822078,0.03219062105535398
22.44856,35.74103,-8.972977239797245,1.183858461145008,0.03622667093102201,0.030600508523615386
22.46531,35.71614,-8.973721047827416,1.2446338828704966,0.03590563243670726,0.02884834884447961
22.48207,35.69126,-8.97447146370005,1.2653097704492802,0.0573842386862791,0.04535192885288745
22.49882,35.66637,-8.975215271730223,1.2288271085602416,0.04883301732264603,0.039739534538639334
22.51557,35.64148,-8.975959079760395,1.1574258710613141,0.07157607543353034,0.061840742654125994
22.53233,35.6166,-8.97670949563303,1.1384024116708473,0.05492265725061816,0.048245380269361426
22.54908,35.59171,-8.9774533036632,1.3095370924354037,0.22316261947516675,0.1704133626792819
22.56583,35.56683,-8.97819959111895,1.2363485521122901,0.06436333870074482,0.05205921792101478
22.58259,35.54194,-8.978947527566005,1.2184856996021267,0.0639840922958571,0.05251115570478167
22.59934,35.51705,-8.979691335596177,1.1564266907156873,0.06223249438248575,0.05381447426120147
22.61609,35.49217,-8.980437623051928,1.153512465436237,0.026723515764327778,0.02316708017040929
22.63285,35.46728,-8.981185559498986,1.0857182258564952,0.02292706511206266,0.02111695702075563
22.6496,35.4424,-8.981931846954733,1.0573324921964127,0.05895588889241818,0.055759081771854214
22.66635,35.41751,-8.982675654984906,1.0494924636997152,0.033733165580512925,0.03214236094806755
22.68311,35.39262,-8.983423591431963,1.0599564299621558,0.03444037094754426,0.03249225154356006
22.69986,35.36774,-8.98416987888771,1.1600525090648897,0.03995664537515964,0.03444382479493831
22.71661,35.34285,-8.984913686917883,1.1073718846985297,0.05732810734990222,0.05176951676492057
22.73337,35.31796,-8.985661623364942,1.1229741813793108,0.038118151546232285,0.03394392513941243
22.75012,35.29308,-8.98640791082069,1.107117530186963,0.04302745121282883,0.03886439338157949
22.76687,35.26819,-8.987151718850859,1.1257027435764861,0.040096469657217,0.03561905652803682
22.78363,35.24331,-8.987902134723496,1.1062687658250288,0.03135357790346603,0.028341736540019986
22.80038,35.21842,-8.988645942753669,1.1298422745992203,0.038089120215281644,0.0337118915370667
22.81714,35.19353,-8.989393879200728,1.063088914956724,0.06910711157387055,0.06500595632368507
22.83389,35.16865,-8.990140166656476,1.0443770057519832,0.12527867112626828,0.11995540924042446
22.85064,35.14376,-8.990883974686644,0.9758998619176225,0.045889683193396515,0.04702294260317269
22.8674,35.11888,-8.991634390559282,1.0291635189897956,0.046307395608398576,0.04499517788373698
22.88415,35.09399,-8.992378198589455,1.0722243199102768,0.05820955019719211,0.05428859345595058
22.9009,35.0691,-8.993122006619624,1.0889499573585568,0.03865589896290446,0.03549832451132214
22.91766,35.04422,-8.993872422492263,1.0283835685024856,0.03087585891913781,0.030023679748305103
22.93441,35.01933,-8.994616230522432,1.0983466835847875,0.029347404547801523,0.02671961866540842
22.95116,34.99444,-8.995360038552603,1.0569425729207462,0.02134156133610863,0.02019178892296252
22.96792,34.96956,-8.99611045442524,1.0773904011663382,0.02984222777059133,0.027698620424207763
22.9759,34.9577,-8.996464332369412,1.0397097417126262,0.025995773001429585,0.02500291375418772
22.98938,34.9309,-8.99538457779209,1.0354520044865128,0.06121773596429301,0.05912175136949131
23.00287,34.9041,-8.994308951631655,1.066472230144808,0.05198719108936437,0.04874687743374756
23.01635,34.8773,-8.993229197054333,1.0514473998378537,0.03923617769027307,0.037316348584174326
23.02983,34.8505,-8.992149442477013,1.046193443860584,0.019779658163195497,0.018906310567390002
23.04331,34.8237,-8.99106968789969,1.031341947639294,0.023628458844441414,0.022910402217737907
23.0568,34.7969,-8.989994061739257,1.0207233302609346,0.04019443951987802,0.03937838817655205
23.07028,34.7701,-8.988914307161936,0.9850061487651374,0.04316638471597905,0.04382346726474247
23.08376,34.7433,-8.987834552584614,1.0088262000401202,0.041558070081661506,0.04119447936622658
23.09724,34.7165,-8.986754798007293,0.996544669797639,0.051254000367259564,0.051431713921732514
23.11073,34.6897,-8.98567917184686,0.975572239300204,0.032828226679465146,0.03365022635639309
23.12421,34.6629,-8.984599417269537,0.9700887269902697,0.034240984189213224,0.03529675506636072
23.13769,34.6361,-8.983519662692213,1.0801050618706012,0.03698133921208379,0.034238650032837485
23.15117,34.6093,-8.982439908114893,1.0283725665277825,0.03200774855929036,0.03112466201559806
23.16466,34.5825,-8.981364281954463,0.9687737744960891,0.031366786741902554,0.032377823974661255
23.17814,34.55571,-8.980287006802714,1.0078442451848821,0.0285403178057908,0.028318183034874874
23.19162,34.52891,-8.979207252225393,1.0005159499162963,0.03590637599266438,0.0358878596544796
23.2051,34.50211,-8.978127497648073,1.0185546124054894,0.011946294856314365,0.011728673858833317
23.21859,34.47531,-8.977051871487639,1.0214691454085643,0.03487781565086928,0.0341447569000422
23.23207,34.44851,-8.975972116910315,1.0278943498817168,0.06215530582392745,0.06046857425676079
23.24555,34.42171,-8.974892362332994,1.0553441858003232,0.037235539850282204,0.03528283980836501
23.25903,34.39491,-8.973812607755674,0.9762072089950605,0.03285369524793269,0.03365442802020829
23.27252,34.36811,-8.97273698159524,0.992772577445032,0.034954248258890215,0.03520871653087695
23.286,34.34131,-8.971657227017918,1.0178384567360739,0.016686695067072304,0.016394247001220524
23.29948,34.31451,-8.970577472440594,1.000618419332828,0.04283861164848168,0.04281213579602575
23.31296,34.28771,-8.969497717863273,0.9980211455519499,0.033874969159986695,0.03394213570620524
23.32645,34.26091,-8.968422091702843,1.007328754044797,0.04673805670593255,0.046398017050800926
23.33993,34.23411,-8.967342337125519,1.0157922756093625,0.029851356181588594,0.02938726440273539
23.35341,34.20731,-8.966262582548199,0.9706669324855625,0.01774024456241579,0.018276345849125394
23.3589,34.1964,-8.965824030116835,0.931555247434549,0.015131212639477096,0.016242957871954036
23.37698,34.17246,-8.96735246302287,1.0045503707828494,0.032065401370815545,0.031920152839948555
23.39507,34.14853,-8.968887503771365,0.9785501951931883,0.048059986879212896,0.04911346103173047
23.41315,34.12459,-8.970415936677396,1.0072236456610963,0.05778689426410303,0.05737245597145836
23.43123,34.10065,-8.97194436958343,0.9964512963382935,0.06440180364743141,0.06463116048329882
23.44932,34.07671,-8.973476930906347,0.9275089966314154,0.10440418170398297,0.11256406361896708
23.4674,34.05278,-8.975007843237957,1.0215610308907643,0.08924857115858001,0.08736489398069391
23.48548,34.02884,-8.976536276143989,0.9789076819779947,0.046825803454799836,0.047834749197373704
23.50356,34.0049,-8.97806470905002,0.9429206762278198,0.049186899963685145,0.05216440916372594
23.52165,33.98096,-8.979597270372944,1.0000524020473756,0.030121712396979028,0.030120134040288092
23.53973,33.95703,-8.981128182704548,0.9640939951915837,0.020711413938158164,0.021482774544241835
23.55781,33.93309,-8.98265661561058,1.0334204356464207,0.035298839709234704,0.03415728825524408
23.5759,33.90915,-8.984189176933501,0.9867968660365045,0.030258932617938515,0.030663790755106786
23.59398,33.88521,-8.985717609839531,0.9596952366781515,0.03123452616863414,0.03254629696480313
23.61206,33.86128,-8.987248522171141,0.8875610160790787,0.02804201399122867,0.03159446334755449
23.63015,33.83734,-8.988781083494061,0.9603266732005901,0.019751586274063596,0.020567570208411722
23.64823,33.8134,-8.990309516400094,0.9293070542944545,0.013879601224635477,0.014935430825038882
23.66631,33.78946,-8.991837949306126,0.9529032097374106,0.035389914500703126,0.03713904427969704
23.6844,33.76553,-8.993372990054622,0.9467145847625724,0.019581370872220158,0.020683499744678584
23.70248,33.74159,-8.994901422960654,0.9018491979571989,0.025581377484071747,0.0283654712362297
23.72056,33.71765,-8.996429855866685,0.9390644898567171,0.046068649682342665,0.04905802549234062
23.73865,33.69371,-8.997962417189607,0.9434252908527746,0.03307445325921651,0.03505784038216749
23.75673,33.66978,-8.999493329521213,0.9583874250458443,0.031632646358528,0.03300611582733867
23.77481,33.64584,-9.001021762427246,0.921626265860833,0.01639777010990417,0.017792212220197574
23.79289,33.6219,-9.002550195333276,0.9297622005970714,0.041121072924006755,0.04422751634514693
23.81098,33.59796,-9.004082756656198,0.9299323808615286,0.02508307343042642,0.026973007873097615
23.82906,33.57403,-9.005613668987806,0.9252071847719232,0.03493817882565804,0.03776254594723105
23.84714,33.55009,-9.007142101893836,0.9026734044073088,0.031904360712634944,0.035344301224409284
23.86523,33.52615,-9.008674663216759,0.9308461254447142,0.02633973293366907,0.028296548928626836
23.88331,33.50221,-9.01020309612279,0.8754826066106066,0.0562275610579801,0.06422464665022037
23.90139,33.47828,-9.011734008454395,0.8530613940398768,0.03567680066698527,0.0418220785939324
23.91948,33.45434,-9.013266569777318,0.8621088001383004,0.05489551953433679,0.0636758603154618
23.9291,33.4416,-9.014079318640533,0.8363181868362701,0.021458748884132406,0.025658594087627423
23.94831,33.41856,-9.016297410956778,0.8315568401881797,0.025918490661177296,0.031168633830625448
23.96752,33.39551,-9.018513023847447,0.8468196507947565,0.029801737339554123,0.03519254343186842
23.98673,33.37247,-9.020731116163692,0.8559358520862494,0.0278491348113648,0.0325364742503607
24.00594,33.34943,-9.022949208479934,0.8274292865593408,0.02210218522559605,0.026711872041056822
24.02515,33.32638,-9.025164821370604,0.8365717005342145,0.02201298519766018,0.02631332757682721
24.04436,33.30334,-9.027382913686848,0.7859954016791614,0.036322193863701384,0.0462117129261882
24.06356,33.28029,-9.02959439816063,0.7773474052130488,0.026830728432888452,0.034515749654473876
24.08277,33.25725,-9.031812490476874,0.7747176608399813,0.02343973429791715,0.030255840911775276
24.10198,33.23421,-9.034030582793118,0.7936205116144572,0.019387986753114157,0.02442979543670475
24.12119,33.21116,-9.036246195683786,0.8029270633519913,0.030593143090432172,0.038102020079774784
24.1404,33.18812,-9.03846428800003,0.8156415885341982,0.03176759226106804,0.03894797997997878
24.15961,33.16508,-9.040682380316278,0.8256023774334222,0.03392546165440747,0.041091768364176336
24.17882,33.14203,-9.042897993206944,0.8294109493785411,0.03771963574817788,0.04547761972088788
24.19803,33.11899,-9.045116085523189,0.8397646729529702,0.01983655115380685,0.02362155945909595
24.21724,33.09595,-9.047334177839437,0.8439014402276657,0.02455909095424901,0.02910184742382181
24.23645,33.0729,-9.049549790730103,0.8299944072305433,0.020418962724343764,0.024601325679381468
24.25566,33.04986,-9.051767883046349,0.7783276617372092,0.023591572622000078,0.030310592545746397
24.27487,33.02682,-9.053985975362593,0.796097382893738,0.0335993989564021,0.04220513680659455
24.29407,33.00377,-9.056197459836374,0.8293958041990702,0.02602294565424417,0.031375786473110956
24.31328,32.98073,-9.058415552152619,0.854714016817692,0.034907687051380386,0.04084136490629952
24.33249,32.95768,-9.060631165043286,0.8606809266413104,0.027644586835173655,0.03211943704045223
24.3517,32.93464,-9.062849257359533,0.8001166604089056,0.026365678541176024,0.032952292891516154
24.37091,32.9116,-9.065067349675775,0.8128586258319151,0.027473033866568703,0.03379804678636657
24.39012,32.88855,-9.067282962566445,0.7968712385311763,0.016997074138373668,0.021329762346176943
24.40933,32.86551,-9.06950105488269,0.7737795616736409,0.019361210402980465,0.02502160998037125
24.42854,32.84247,-9.071719147198932,0.7965428328552909,0.032575104978837914,0.04089560992228007
24.44775,32.81942,-9.073934760089601,0.822187192500617,0.02027878446601611,0.024664437309391548
24.46696,32.79638,-9.076152852405848,0.8443577062157667,0.030678580057110744,0.03633362949289073
24.48617,32.77334,-9.07837094472209,0.8274881179294852,0.02346157100184782,0.028352758781059754
24.4992,32.7577,-9.079872450327308,0.8466933530593558,0.025559527503909298,0.030187466822026058
24.52042,32.7365,-9.08337656874407,0.8911639638752107,0.047036220227317835,0.0527806578071017
24.54164,32.71529,-9.086878207735257,0.7789544160300294,0.02340135095089643,0.030042003061183348
24.56287,32.69409,-9.090386454568906,0.857308351216967,0.03463800339677997,0.04040320305711545
24.58409,32.67288,-9.093888093560091,0.9416493103700663,0.03087490691473016,0.032788116100883016
24.60531,32.65168,-9.097392211976851,0.8657361537770543,0.035543067975792784,0.041055312084085485
24.62653,32.63047,-9.100893850968037,0.8405103837698518,0.022478551114270235,0.026743930293222057
24.64775,32.60927,-9.104397969384799,0.8314741195791873,0.03431991756074361,0.04127599013919167
24.66898,32.58806,-9.107903736792872,0.8813811810248815,0.037420073798331586,0.04245617515320561
24.6902,32.56686,-9.111407855209633,0.8343196550621617,0.014738508732729392,0.0176653020737373
24.71142,32.54566,-9.114911973626393,0.8102200875552729,0.03354357464582699,0.04140057147563459
24.73264,32.52445,-9.11841361261758,0.8614055339809541,0.02361656774480028,0.027416317649664006
24.75386,32.50325,-9.121917731034342,0.8270389523346386,0.035224704731628524,0.042591349092074945
24.77509,32.48204,-9.125423498442412,0.7995963907797374,0.018914237041616593,0.023654730386129075
24.79631,32.46084,-9.128927616859174,0.7954538094754954,0.05321282284117291,0.06689618203759722
24.81753,32.43963,-9.132429255850363,0.7558970139587285,0.033629609030445054,0.04448967043052932
24.83875,32.41843,-9.135933374267122,0.7984056396509924,0.0551067201499344,0.06902095553085426
24.85997,32.39723,-9.139437492683884,0.7951694243789713,0.038372121667563194,0.04825653564022773
24.8812,32.37602,-9.142943260091956,0.7818610446231553,0.026676779268864068,0.03411959126537869
24.90242,32.35482,-9.146447378508718,0.7550994245605136,0.035989310509501535,0.047661684460226145
24.92364,32.33361,-9.149949017499903,0.7820679585593339,0.036279202132655536,0.04638881025056483
24.94486,32.31241,-9.153453135916664,0.7360582346055182,0.04019625366416488,0.054610154162201024
24.96608,32.2912,-9.15695477490785,0.744394435854778,0.01912387652093916,0.025690515135271628
24.98731,32.27,-9.160463021741501,0.7350737804627219,0.04824193477177918,0.06562869749130672
25.00853,32.24879,-9.163964660732685,0.7254805561858519,0.03406880048959843,0.046960321953646904
25.02975,32.22759,-9.167468779149447,0.7970827805350433,0.04227884927846302,0.053041980470439044
25.05097,32.20639,-9.170972897566207,0.7572062353935985,0.026153459459361046,0.03453941375134924
25.07219,32.18518,-9.174474536557392,0.7798175747091214,0.021092598732908825,0.02704811922298179
25.09342,32.16398,-9.177982783391043,0.783112544461749,0.03454358976915077,0.04411063264590323
25.11464,32.14277,-9.181484422382228,0.7421376183612812,0.029113607895290657,0.03922939246709606
25.13586,32.12157,-9.184988540798988,0.7576245963800348,0.042283528903406226,0.055810660194295265
25.15708,32.10036,-9.188490179790175,0.7892107404012302,0.02437483276772936,0.030885074822141086
25.1783,32.07916,-9.191994298206936,0.7706312503234021,0.03515733082469726,0.04562147046326396
25.19953,32.05795,-9.195500065615008,0.7814656054974021,0.024463364142554084,0.03130446685108192
25.22075,32.03675,-9.19900418403177,0.7484092576023789,0.0429791967474468,0.057427398593566235
25.2225,32.035,-9.199292757511497,0.7420949751846918,0.028377075887743117,0.038239143016270474
25.23605,32.00823,-9.19824934012912,0.776719726866372,0.019880871720154153,0.02559594025036844
25.2496,31.98147,-9.197208402172324,0.7653680284968873,0.029651404086846474,0.0387413675288725
25.26315,31.9547,-9.196164984789949,0.7585646796591379,0.019761045485188766,0.02605057421612145
25.2767,31.92794,-9.195124046833147,0.7678330804962779,0.04533669889425282,0.05904499304060994
25.29026,31.90117,-9.194084757867662,0.8085250974390858,0.023827669087914,0.029470537356707315
25.30381,31.87441,-9.193043819910862,0.814988004581342,0.022935408063894512,0.02814201918919824
25.31736,31.84764,-9.192000402528487,0.7977876976306546,0.019748987701596808,0.02475469070311465
25.33091,31.82088,-9.190959464571687,0.8338512540128802,0.026037033115092274,0.031225033229595755
25.34446,31.79411,-9.189916047189312,0.8372147723868844,0.023962864935250208,0.028622123886959745
25.35801,31.76735,-9.188875109232512,0.860439310608631,0.023733359706435673,0.02758283985147994
25.37156,31.74058,-9.187831691850137,0.8274413838234038,0.050999496056236084,0.06163517688779344
25.38511,31.71382,-9.186790753893336,0.8258377585849495,0.02665092198360242,0.032271377406220866
25.39866,31.68705,-9.185747336510962,0.7742482084605071,0.029097039666874516,0.03758102291864547
25.41221,31.66029,-9.184706398554164,0.8146205521239667,0.03208740501115686,0.03938938801322298
25.42577,31.63352,-9.183667109588676,0.843865054021337,0.03082530589076373,0.03652871480323715
25.43932,31.60676,-9.182626171631876,0.823751200321645,0.03356990911632129,0.040752485827290394
25.45287,31.57999,-9.1815827542495,0.8008242361928406,0.032552815497201765,0.04064913875728776
25.46642,31.55323,-9.1805418162927,0.8402193937456006,0.04529789409165085,0.053911983499592996
25.47997,31.52646,-9.179498398910326,0.8595700080829936,0.02412473553623636,0.02806605082701659
25.49352,31.4997,-9.178457460953528,0.894970263905579,0.01798774954759017,0.02009871196065561
25.50707,31.47293,-9.17741404357115,0.8712241150925205,0.018481659546088488,0.021213438914194666
25.52062,31.44617,-9.176373105614351,0.8670543543808197,0.026871956490426143,0.03099223982286085
25.53417,31.4194,-9.175329688231976,0.8397489362477801,0.024469262782184118,0.029138783898339
25.54773,31.39264,-9.174292878692066,0.8407076886732492,0.0393635102374994,0.04682187491305136
25.56128,31.36587,-9.17324946130969,0.825239773726117,0.03710656326854454,0.04496458417291406
25.57483,31.33911,-9.172208523352891,0.8353143005507911,0.03245871072109331,0.03885808096388464
25.58838,31.31234,-9.171165105970514,0.746322261906394,0.038409736581383774,0.05146535021382123
