-1.0759,-0.4169,11.172520654893194,0.9858073660950633,0.0529247201724381,0.05368667550343144
-1.08703,-0.38862,11.173532321136648,1.0038812515242135,0.1156989815533664,0.11525166086895065
-1.09817,-0.36034,11.174545184793173,0.9595205620113036,0.038918506742128815,0.04056036762833889
-1.1093,-0.33206,11.175556851036626,0.9723246911724146,0.02232045910279428,0.022955767045142714
-1.12043,-0.30378,11.176568517280081,0.9784198502198034,0.030793717756159404,0.03147290782095391
-1.13157,-0.27551,11.17758149446366,0.9786483845325513,0.0525153379913104,0.05366108892765833
-1.1427,-0.24723,11.178593160707115,0.9941842394375524,0.04438519967297006,0.044644843392488746
-1.15383,-0.21895,11.179604826950566,0.9826659629118071,0.03100060508583008,0.03154744974983156
-1.16497,-0.19067,11.180617690607091,0.9734677723596821,0.03681655492087502,0.03782000387299093
-1.1761,-0.16239,11.181629356850546,0.9513419153648884,0.026120483241930264,0.0274564620984998
-1.18723,-0.13411,11.182641023094,1.0038123770549743,0.02787042590646418,0.0277645768706614
-1.19837,-0.10583,11.183653886750525,0.9905415177723059,0.04018189908786125,0.04056558798083393
-1.2095,-0.07755,11.184665552993978,1.0309575704616856,0.04187915607704852,0.04062160973151796
-1.22063,-0.04928,11.185677332764486,1.0468474623279538,0.02061444817710375,0.01969193117329801
-1.23177,-0.021,11.186690196421011,1.0361327978290575,0.04554672311546709,0.04395838372349395
-1.2429,0.00728,11.187701862664463,1.0285147405809403,0.04602828731073834,0.044752190216291884
-1.25403,0.03556,11.188713528907918,1.010405446153102,0.04346027221117087,0.04301270581689396
-1.26517,0.06384,11.189726392564443,0.9880432699277918,0.040940998026274676,0.04143644238300082
-1.2763,0.09212,11.190738058807899,1.0138927155345754,0.0464900186166669,0.04585299598701133
-1.28743,0.1204,11.19174972505135,1.0732508663380322,0.050843379621533714,0.04737324815307443
-1.29857,0.14868,11.192762588707877,1.020330938280892,0.0336413961512375,0.03297106349427992
-1.3097,0.17695,11.193774368478383,1.005438835289155,0.046041226635324485,0.04579217056210431
-1.32083,0.20523,11.194786034721837,1.0302779334253866,0.05287762646864046,0.051323652339943945
-1.33197,0.23351,11.195798898378364,1.0178950088927086,0.03985748817003783,0.03915677729218438
-1.3431,0.26179,11.196810564621817,1.097788548735134,0.03597196165190326,0.03276765975865749
-1.35423,0.29007,11.19782223086527,1.1035330484969825,0.06152635360520973,0.055753974644446695
-1.36537,0.31835,11.198835094521796,1.0213340311183208,0.053605374436333314,0.05248564407242705
-1.3765,0.34663,11.199846760765249,1.081659291113895,0.04112466199609934,0.038019977578844705
-1.38763,0.37491,11.200858427008704,1.0452005231881039,0.05387822560755202,0.05154821913331132
-1.39877,0.40318,11.20187140419228,1.1025977421567574,0.057594212857692846,0.052235017954085944
-1.4099,0.43146,11.202883070435735,1.1372060926888372,0.07264244595995852,0.06387799575378723
-1.42103,0.45974,11.20389473667919,1.075026071035119,0.028057727625745165,0.026099578774614274
-1.43217,0.48802,11.204907600335714,1.0743098301289193,0.05906111742700498,0.054975869875376206
-1.4433,0.5163,11.205919266579167,1.028366414636681,0.05578055360837666,0.05424190523383027
-1.4433,0.5163,11.205919266579167,0.9988020134057383,0.02300639714960584,0.023033991562710306
-1.45556,0.54443,11.207067943405486,1.0803339821831517,0.03583054014115603,0.033166169658709846
-1.46781,0.57256,11.20821542281873,1.065135181587749,0.025796339678472665,0.02421884106768422
-1.48007,0.60068,11.2093642131721,1.0414787862639574,0.0627159503780873,0.06021817362508647
-1.49232,0.62881,11.210511692585344,1.1437777677896475,0.04861390116484629,0.04250292542299781
-1.50458,0.65694,11.211660369411662,1.0565819588856753,0.042161322579180774,0.03990350414807975
-1.51684,0.68507,11.212809046237979,1.0976469481430366,0.07257809469748251,0.0661215291677053
-1.52909,0.7132,11.213956525651225,1.1475855936163253,0.02954607042087061,0.025746289065692828
-1.54135,0.74132,11.215105316004594,1.1129817848960901,0.0633777070243558,0.056944064929394016
-1.5536,0.76945,11.216252795417839,1.1531253742170702,0.041924676306458984,0.036357431068520456
-1.56586,0.79758,11.217401472244156,1.114897744015934,0.0625068279842839,0.05606507710665039
-1.57812,0.82571,11.218550149070472,1.0697029346978728,0.052584229409493394,0.049157787366775146
-1.59037,0.85384,11.219697628483717,1.052619632012295,0.042100732843165616,0.03999615014084581
-1.60263,0.88196,11.220846418837088,1.0466795890561185,0.05991258168965256,0.05724061337976497
-1.61488,0.91009,11.221993898250332,1.1240730803201022,0.038071555388469284,0.033869288443085614
-1.62714,0.93822,11.22314257507665,1.0382133207097088,0.043288364169589505,0.04169505756292758
-1.6394,0.96635,11.224291251902967,1.0494369785606543,0.052141490127626935,0.049685203773876085
-1.65165,0.99448,11.225438731316212,1.0572471540371666,0.03352753124764369,0.03171210356974397
-1.66391,1.0226,11.22658752166958,1.14968791669259,0.04079434801781929,0.035482975358370326
-1.67616,1.05073,11.227735001082827,1.2449435647088463,0.09164489696129165,0.07361369588084464
-1.68842,1.07886,11.228883677909144,1.2161309909292386,0.07970755141493356,0.06554191284446216
-1.70068,1.10699,11.23003235473546,1.2973022333098914,0.10807982404246692,0.0833112140466419
-1.71293,1.13512,11.231179834148705,1.1912268378982882,0.0797332729360478,0.0669337446062945
-1.72519,1.16324,11.232328624502074,1.2152669876289817,0.06199767846691024,0.0510156855226269
-1.73744,1.19137,11.233476103915319,1.1191251098833896,0.036951231043126476,0.03301796261811757
-1.7497,1.2195,11.234624780741637,1.0606258975344074,0.051174916103526896,0.04824973274977641
-1.7497,1.2195,11.234624780741637,1.0684061185845388,0.0356654510147908,0.0333819232166525
-1.76702,1.24415,11.236418855996442,1.0817658793480391,0.05831258937185102,0.053904999672382874
-1.78434,1.26881,11.238212817724195,1.0516205763202053,0.043915849511365436,0.041760165691160464
-1.80166,1.29346,11.240006892979,0.9274281435647079,0.03500560258170585,0.037744813789191915
-1.81899,1.31811,11.241802165646877,1.0357602314416514,0.04980503664193828,0.048085488446120164
-1.83631,1.34277,11.24359612737463,0.9831120120112194,0.03282304743949343,0.033386884748102176
-1.85363,1.36742,11.245390202629435,1.0286598950834034,0.036384112679649985,0.03537040070634811
-1.87095,1.39208,11.247184164357188,0.9879009272265279,0.04249160073078182,0.04301200612299699
-1.88827,1.41673,11.248978239611994,1.0208191521848122,0.03501264719015762,0.034298579836812094
-1.90559,1.44138,11.250772314866799,1.1048174013122178,0.03778190232624168,0.03419741785508376
-1.92291,1.46604,11.252566276594553,1.0397945355763816,0.07326517452219565,0.07046120364691387
-1.94024,1.49069,11.254361549262429,1.2411462116867287,0.07537763563077543,0.06073227708469299
-1.95756,1.51534,11.256155624517236,1.2554755854017234,0.0554941253383866,0.04420167622823964
-1.97488,1.54,11.257949586244989,1.1835375964690427,0.06823148993911403,0.057650462598463584
-1.9922,1.56465,11.259743661499794,1.0901331583703127,0.03360645421218922,0.030827843327349995
-2.00952,1.5893,11.2615377367546,1.1164543781266347,0.05250111450722317,0.047024863295639464
-2.02684,1.61396,11.263331698482352,1.0943958662362911,0.0315952992791609,0.028870082804515234
-2.04416,1.63861,11.265125773737156,1.035262675333633,0.04437696237628683,0.042865413226634015
-2.06149,1.66326,11.266921046405033,1.122923435955562,0.0450913979663083,0.04015536279901164
-2.07881,1.68792,11.268715008132787,0.9787837047682444,0.03797721618573306,0.0388004172941613
-2.09613,1.71257,11.27050908338759,1.058173996116431,0.04778745750414537,0.04516030225608314
-2.11345,1.73722,11.272303158642398,1.027842583277396,0.02277713022502934,0.022160134825706286
-2.13077,1.76188,11.274097120370149,0.9647032663802578,0.06373394290030261,0.06606585166798902
-2.14809,1.78653,11.275891195624956,1.0446894552104287,0.04942322252174416,0.04730900869654991
-2.16541,1.81119,11.277685157352709,1.0681388004322225,0.06125206661529436,0.057344669616447505
-2.18274,1.83584,11.279480430020586,1.194379365741544,0.04473489181227155,0.03745450825374681
-2.20006,1.86049,11.281274505275391,1.055487752914449,0.05251728438106592,0.049756412839517455
-2.21738,1.88515,11.283068467003144,1.0763837813431594,0.03346820110175401,0.031093185982411318
-2.2347,1.9098,11.28486254225795,1.1452955557466513,0.06309303658757313,0.05508886878238252
-2.2347,1.9098,11.28486254225795,1.1291244092403097,0.04506739761848622,0.039913580159699306
-2.2491,1.93734,11.286274163577662,1.1367891959917245,0.06960318100380322,0.061227869906946154
-2.2635,1.96488,11.287685784897377,1.2119450359897324,0.07892003104103905,0.06511849027591352
-2.2779,1.99243,11.289097292690037,1.0934073226424337,0.0529056132634828,0.04838600599054522
-2.2923,2.01997,11.290508914009752,1.1306997344786596,0.09555557470043721,0.08451012394063731
-2.3067,2.04751,11.291920535329467,1.1521997601290388,0.03859133199133794,0.03349361224221741
-2.3211,2.07505,11.293332156649178,1.1399383980064408,0.08586829381161354,0.07532713518711419
-2.3355,2.1026,11.29474366444184,1.1749608621764747,0.0673475422984523,0.05731896650046626
-2.3499,2.13014,11.296155285761555,1.0861110055194554,0.046814688538981554,0.04310304223148116
-2.3643,2.15768,11.297566907081269,1.1519560378536648,0.07444534908479211,0.06462516505707924
-2.3787,2.18522,11.298978528400983,1.1397931594703874,0.047385824824099185,0.0415740561613103
-2.3931,2.21277,11.300390036193644,1.138040169183016,0.04382161962078037,0.03850621516482967
-2.4075,2.24031,11.301801657513357,1.1989534693411712,0.0465287948120056,0.03880784033893602
-2.4219,2.26785,11.303213278833072,1.118239129060211,0.05648031275402739,0.05050826007268633
-2.4363,2.29539,11.304624900152785,1.1243332337070657,0.06447033705256525,0.057340951169786714
-2.4507,2.32293,11.306036521472498,1.1539583924366668,0.036510724477963837,0.031639550192852965
-2.4651,2.35048,11.30744802926516,1.1382226486577827,0.08894090197764994,0.0781401618413858
-2.4795,2.37802,11.308859650584873,1.2357941360214333,0.10044852249546435,0.08128256929495756
-2.4939,2.40556,11.310271271904588,1.2560780605291424,0.062468139499041606,0.04973268896419219
-2.5083,2.4331,11.311682893224301,1.156070015052169,0.0664461450121378,0.05747588307542026
-2.5227,2.46065,11.313094401016963,1.2425097248183057,0.06270087750976076,0.05046308793995928
-2.5371,2.48819,11.314506022336676,1.1927516421126398,0.08262113622800198,0.06926935441619747
-2.5515,2.51573,11.315917643656391,1.4251324828647853,0.140900355344312,0.09886825052297993
-2.5659,2.54327,11.317329264976104,1.4705639058583597,0.07923424178773557,0.053880175810167866
-2.5803,2.57082,11.318740772768765,1.431872583759067,0.07721282783885196,0.05392437058620582
-2.5947,2.59836,11.32015239408848,1.4280185684096736,0.05885145474032665,0.04121196743671697
-2.6091,2.6259,11.321564015408194,1.3954939394353483,0.047994244124739065,0.03439229850339496
-2.6091,2.6259,11.321564015408194,1.3540789446108878,0.06182951613232424,0.045661677539851085
-2.62009,2.6544,11.322556420273488,1.4675295982203669,0.056663802538679774,0.038611693152488656
-2.63108,2.68289,11.323548938665834,1.3948196635430858,0.0321076145082526,0.023019186886635686
-2.64206,2.71139,11.324540146118057,1.3161280828940725,0.08152414065327611,0.06194240645181759
-2.65305,2.73988,11.325532664510403,1.3507395154074378,0.05357612045545526,0.039664287484248606
-2.66404,2.76838,11.326525069375698,1.333418441638088,0.04666547504224596,0.034996872388323955
-2.67502,2.79688,11.327516276827922,1.4289501687581434,0.047218472725494176,0.03304417029918566
-2.68601,2.82537,11.328508795220268,1.3625548120224207,0.04564581601241571,0.0335001686608587
-2.697,2.85387,11.329501200085561,1.368257771945987,0.06447981906909425,0.04712549081843596
-2.70799,2.88236,11.330493718477909,1.4389725971361769,0.043865732548009226,0.030484063862863123
-2.71898,2.91086,11.331486123343202,1.2615249667810673,0.07771840422886842,0.06160671114355848
-2.72996,2.93935,11.332477444322478,1.3660372062405286,0.0522895934588888,0.03827830839453854
-2.74095,2.96785,11.333469849187773,1.3335361613778063,0.05774375204915192,0.04330122700946573
-2.75194,2.99635,11.334462254053067,1.2982682209976033,0.05479550453998032,0.0422066131279674
-2.76292,3.02484,11.335453575032343,1.387200693764469,0.059389650673620765,0.042812587205715784
-2.77391,3.05334,11.336445979897636,1.3514055494289885,0.08899004648459971,0.06584999338074408
-2.7849,3.08183,11.337438498289984,1.4042914083299347,0.09484623648452083,0.06754028111395875
-2.79589,3.11033,11.338430903155277,1.357195878924042,0.0736730051315704,0.05428325142718301
-2.80688,3.13882,11.339423421547625,1.3662157434397995,0.09254776755757618,0.06774022917095318
-2.81786,3.16732,11.340414628999847,1.2724804057719872,0.0558993230279556,0.043929417517468684
-2.82885,3.19582,11.341407033865142,1.2242299031276622,0.07648166712198873,0.06247328784127343
-2.83984,3.22431,11.34239955225749,1.267872642419144,0.06538822941625423,0.051573184268327826
-2.85082,3.25281,11.343390759709711,1.3365222835639998,0.0758232196970612,0.05673172877811609
-2.86181,3.2813,11.344383278102057,1.3388334704100742,0.05944090204513045,0.04439753214933009
-2.8728,3.3098,11.345375682967353,1.3595926039018147,0.06415431633951311,0.04718642640111488
-2.8728,3.3098,11.345375682967353,1.331571028494246,0.040077663988832876,0.03009802941879346
-2.88812,3.33561,11.346917106469757,1.4232597949618135,0.06514259258680895,0.04576999421848823
-2.90343,3.36142,11.348457332559091,1.4278777554999893,0.062102082356750195,0.04349257639005965
-2.91875,3.38723,11.349998756061494,1.3498088722658006,0.09576419587616984,0.0709464857164698
-2.93407,3.41304,11.351540179563896,1.367978904133182,0.06172259354606524,0.04511955071790795
-2.94938,3.43885,11.35308040565323,1.4282724136861007,0.08798315949865616,0.06160110540228687
-2.9647,3.46466,11.354621829155635,1.4172554765454926,0.11492967631980854,0.08109312556684935
-2.98002,3.49047,11.35616325265804,1.4965303059633632,0.09128748822560603,0.060999425044614405
-2.99533,3.51628,11.357703478747371,1.3620853583868118,0.12156644437997648,0.08925023944457777
-3.01065,3.54209,11.359244902249777,1.4051317404180772,0.08824194380209481,0.06279976550514733
-3.02597,3.5679,11.36078632575218,1.4874430111533274,0.10417207994803927,0.0700343335286955
-3.04128,3.59371,11.362326551841514,1.445531808968815,0.0781975414361767,0.054096036455925325
-3.0566,3.61952,11.363867975343917,1.3522566695358944,0.05156131461546452,0.03812982829151864
-3.07192,3.64533,11.365409398846321,1.2851049372131413,0.055410292523949814,0.04311732911408131
-3.08723,3.67114,11.366949624935655,1.3024681456606515,0.04227600003699723,0.03245837541428206
-3.10255,3.69695,11.368491048438061,1.3422190701051537,0.045046317811188584,0.0335610771851569
-3.11787,3.72276,11.370032471940462,1.3480126161053312,0.058972086084366805,0.04374742890370607
-3.13318,3.74857,11.371572698029796,1.3817404772313995,0.05300436061309065,0.0383605760173544
-3.1485,3.77438,11.3731141215322,1.3770166264638233,0.07885998926593116,0.057268727007634974
-3.16382,3.80019,11.374655545034605,1.3888482610022705,0.07750665003978778,0.05580642048243244
-3.17913,3.826,11.376195771123937,1.3852285378875426,0.05876291967065514,0.04242110096884656
-3.19445,3.85181,11.377737194626341,1.4774210952568672,0.038890554330191826,0.02632326995671484
-3.20977,3.87762,11.379278618128746,1.4669880190652376,0.06830680006368062,0.04656261617406092
-3.22508,3.90343,11.38081884421808,1.412005827227676,0.1085156873769882,0.07685215265013974
-3.2404,3.92924,11.382360267720482,1.4315100226270805,0.07931458696409628,0.05540623936292086
-3.25572,3.95505,11.383901691222887,1.3551008645589675,0.08062130613442585,0.059494690205710216
-3.27103,3.98086,11.385441917312221,1.3884601786851427,0.10787822747781499,0.07769630640755902
-3.28635,4.00667,11.386983340814625,1.3734450810486145,0.060008703305740124,0.04369210253381515
-3.30167,4.03248,11.388524764317026,1.4098304327173707,0.04666899185511016,0.03310255671326249
-3.31698,4.05829,11.390064990406362,1.4455860202378192,0.0923429086853838,0.0638792208783204
-3.3323,4.0841,11.391606413908764,1.381729742816203,0.06344586841833665,0.045917712018721586
-3.3323,4.0841,11.391606413908764,1.3904665651253771,0.0530666488833946,0.03816463496093459
-3.34841,4.10968,11.393245044166024,1.479199844764238,0.08647457587144046,0.05846037381461677
-3.36452,4.13525,11.394883787950338,1.566302379193626,0.08523027875594687,0.05441495836827221
-3.38063,4.16082,11.39652253173465,1.4704036558013152,0.09232904683783846,0.06279163308222502
-3.39674,4.1864,11.39816116199191,1.5187146616481815,0.0611051464533208,0.040234777470974425
-3.41285,4.21198,11.399799792249171,1.489238478005844,0.09789052343427741,0.06573193271594563
-3.42896,4.23755,11.401438536033483,1.5655863744076504,0.08395307075111505,0.05362404280177721
-3.44508,4.26313,11.403078363703816,1.4538385048443836,0.04394785147003251,0.030228839945834706
-3.46119,4.2887,11.404717107488128,1.5945004561643132,0.05576768561752969,0.034975020171322445
-3.4773,4.31428,11.40635573774539,1.3581614492251506,0.04251923170053219,0.03130646339931824
-3.49341,4.33985,11.407994481529702,1.307641270765796,0.11570304920426898,0.08848225563920112
-3.50952,4.36542,11.40963322531401,1.4980419587855138,0.07526389864419543,0.05024151573512203
-3.52563,4.391,11.411271855571272,1.4500360853253411,0.06019278066106263,0.04151122945851194
-3.54174,4.41658,11.412910485828531,1.549299852399757,0.10306133865930606,0.06652123441415893
-3.55785,4.44215,11.414549229612847,1.418903955199856,0.040753075194875546,0.02872151779232681
-3.57396,4.46773,11.416187859870105,1.6083459182806852,0.04703148943425213,0.029242148035248904
-3.59007,4.4933,11.417826603654417,1.50622036984799,0.038031334122053055,0.025249515199353756
-3.60618,4.51888,11.419465233911678,1.4176704501343749,0.09406850146387939,0.06635427962469208
-3.62229,4.54445,11.42110397769599,1.5595441513401611,0.05564981257808015,0.03568338384665716
-3.6384,4.57002,11.422742721480306,1.4708059265118631,0.07454252853195352,0.05068141703014295
-3.65451,4.5956,11.424381351737564,1.588971574558561,0.07305848119354509,0.045978469573215476
-3.67062,4.62118,11.426019981994823,1.4636705546224555,0.0621098300134598,0.042434296308898986
-3.68674,4.64675,11.42765992319221,1.5739705416191223,0.16871441634773435,0.10719032655730652
-3.70285,4.67232,11.429298666976518,1.3637953897951132,0.05578314760853534,0.040902871520130155
-3.71896,4.6979,11.43093729723378,1.5531341645110885,0.05591231732349084,0.03599966995838476
-3.73507,4.72348,11.432575927491039,1.6928219379321185,0.060923132437248416,0.03598909671011802
-3.75118,4.74905,11.434214671275354,1.4890219255249024,0.09994656015217575,0.0671222890938581
-3.76729,4.77463,11.435853301532612,1.3839238054318819,0.07621891476046555,0.05507450226761572
-3.7834,4.8002,11.437492045316924,1.4050236743627775,0.0697843851176916,0.0496677646014335
-3.7834,4.8002,11.437492045316924,1.2869905060021805,0.02543415196510854,0.019762501624130433
-3.79402,4.82899,11.438436853614048,1.4776396884283187,0.07924515422909782,0.0536295518113664
-3.80463,4.85777,11.439380578025151,1.4956572093687317,0.0895449630057695,0.059869977187863466
-3.81525,4.88656,11.440325386322275,1.49665080967344,0.08716389328162813,0.05823929851789994
-3.82586,4.91535,11.441268997206324,1.443864270074457,0.08433576653346199,0.05840976072433247
-3.83648,4.94413,11.4422139190305,1.3365024463727933,0.10130230652147819,0.07579657395795124
-3.8471,4.97292,11.443158727327623,1.4892673141256554,0.1332441928180189,0.08946962815486632
-3.85771,5.00171,11.444102338211675,1.551613435517904,0.07130692438953484,0.04595662989070065
-3.86833,5.03049,11.445047260035851,1.4446196194352308,0.08906602623530122,0.06165361804384277
-3.87895,5.05928,11.445992068332972,1.3402406556506097,0.05986734496914093,0.04466910081912027
-3.88956,5.08806,11.446935792744076,1.2410106289743938,0.10724398160008239,0.08641665034626805
-3.90018,5.11685,11.447880601041199,1.326338136267552,0.05550907272694434,0.04185137349903277
-3.91079,5.14564,11.44882421192525,1.2654101954757253,0.0846330172506302,0.06688188348191142
-3.92141,5.17442,11.449769133749424,1.3060463840953171,0.05533952530141287,0.04237179167242663
-3.93203,5.20321,11.450713942046548,1.2963160027464717,0.054942070752341275,0.04238323883677815
-3.94264,5.232,11.4516575529306,1.2083281727676638,0.047345423484220106,0.03918258677671636
-3.95326,5.26078,11.452602474754775,1.3506729045108194,0.07657629671387865,0.05669492329204065
-3.96388,5.28957,11.453547283051897,1.352926558012347,0.08909183887442569,0.06585120112160044
-3.97449,5.31836,11.454490893935947,1.519338306836182,0.1088328310615396,0.0716317297943796
-3.98511,5.34714,11.455435815760124,1.5235158954041357,0.09241454831128271,0.06065873588195701
-3.99572,5.37593,11.456379426644174,1.4968197021947591,0.10204543576745145,0.06817483469640606
-4.00634,5.40472,11.457324234941296,1.563025138342741,0.060387580132577966,0.03863506648178818
-4.01696,5.4335,11.458269156765471,1.6016472540119349,0.06236925358810996,0.03894069273485934
-4.02757,5.46229,11.459212767649523,1.4711298461967324,0.0397111127307196,0.026993615032271656
-4.03819,5.49108,11.460157575946647,1.4983879280533934,0.05726986384221726,0.03822098588088499
-4.04881,5.51986,11.46110249777082,1.4329477575317062,0.0813853644354728,0.056795765238267605
-4.05942,5.54865,11.462046108654874,1.5661586908002474,0.060576967599694144,0.038678690707096626
-4.07004,5.57744,11.462990916951995,1.4268682752950044,0.08562901670441646,0.060011858268215194
-4.08065,5.60622,11.4639346413631,1.3883918007262164,0.06078227543364856,0.043778906935243785
-4.09127,5.63501,11.46487944966022,1.4011861670117993,0.051629948220421065,0.036847315107690674
-4.10189,5.66379,11.465824371484397,1.402293772186904,0.05088155492904395,0.03628451893478297
-4.1125,5.69258,11.466767982368447,1.4935462959464103,0.05065435483991257,0.03391549025121755
-4.12312,5.72137,11.467712790665571,1.471528743721358,0.08935851192988299,0.0607249517287061
-4.13374,5.75015,11.468657712489748,1.3092074492220296,0.07911256459730262,0.06042782955773257
-4.14435,5.77894,11.469601323373798,1.4407686402792097,0.05750360163524372,0.03991175267675175
-4.15497,5.80773,11.47054613167092,1.2963213119823858,0.04828429728263385,0.03724716768622403
-4.16558,5.83651,11.471489856082023,1.4511076261031408,0.04644922433233994,0.03200949639902068
-4.1762,5.8653,11.472434664379147,1.3212823353521397,0.04876685269930863,0.036908729795673535
-4.1762,5.8653,11.472434664379147,1.3339275459143254,0.05393516806693083,0.04043335654333578
-4.19215,5.89098,11.474053000756737,1.4165865779358568,0.03872479157120339,0.027336692422732282
-4.20811,5.91666,11.475672534547398,1.4877989024872447,0.060505156257262036,0.04066756344295715
-4.22406,5.94235,11.477290757397935,1.381341832466069,0.08523226356087675,0.06170251385836488
-4.24001,5.96803,11.478909093775526,1.3966406704199819,0.06663035166628678,0.047707583688115326
-4.25596,5.99371,11.480527430153115,1.2366300446879124,0.06110064891892442,0.049408995989859164
-4.27192,6.01939,11.482146963943777,1.2515059332097878,0.08045304725526345,0.06428499068232324
-4.28787,6.04508,11.483765186794313,1.1185702561282347,0.06352179089599638,0.05678837833205726
-4.30382,6.07076,11.485383523171905,1.1141097929090034,0.047528519117859165,0.04266053437494659
-4.31977,6.09644,11.487001859549494,1.173519561152841,0.05356461776139066,0.04564441832462503
-4.33573,6.12212,11.488621393340155,1.2970297564927975,0.10949426796439873,0.08441924128284775
-4.35168,6.14781,11.490239616190692,1.394330661133238,0.09657247724338756,0.06926081447918428
-4.36763,6.17349,11.491857952568283,1.3413413959791742,0.032770143689063634,0.024430874784969678
-4.38358,6.19917,11.493476288945873,1.301322181029446,0.09535618180079823,0.07327638242926449
-4.39954,6.22485,11.495095822736534,1.411707716509437,0.0729017562640462,0.05164082863009474
-4.41549,6.25054,11.49671404558707,1.345618958486543,0.06526124910814075,0.04849905591516189
-4.43144,6.27622,11.498332381964662,1.4799408130184797,0.07442073173558855,0.05028628920895857
-4.44739,6.3019,11.499950718342252,1.313511319334616,0.037052887730730934,0.028209035723803868
-4.46335,6.32758,11.501570252132911,1.3311867285595684,0.058405502376236255,0.043874763114138654
-4.4793,6.35327,11.50318847498345,1.4716444859944458,0.04997793503725455,0.03396060360562053
-4.49525,6.37895,11.50480681136104,1.2832479546500124,0.055487704177887266,0.0432400487971327
-4.51121,6.40463,11.506426345151699,1.2788331578740837,0.081170459005291,0.0634722821389991
-4.52716,6.43031,11.50804468152929,1.3174544543193785,0.04369890308223946,0.0331691945319014
-4.54311,6.456,11.509662904379828,1.3492429024305244,0.04542418977280744,0.0336664285511381
-4.55906,6.48168,11.511281240757416,1.4624365990669463,0.05297955169604022,0.03622690496794313
-4.57502,6.50736,11.512900774548077,1.319251916883371,0.0842514816795579,0.06386307315633499
-4.59097,6.53304,11.514519110925669,1.2459901284084924,0.07050607900944747,0.05658638652258436
-4.60692,6.55873,11.516137333776204,1.2998188859499262,0.056968069059269336,0.04382769759314295
-4.62287,6.58441,11.517755670153793,1.3580392743791945,0.07139606352540256,0.052572900410439244
-4.63883,6.61009,11.519375203944456,1.3721388112015862,0.055103611571951455,0.04015891914295249
-4.65478,6.63577,11.520993540322047,1.215614997834578,0.04057303524492023,0.0333765504022199
-4.67073,6.66146,11.522611763172582,1.3276738108890376,0.053551990904822884,0.04033520166294715
-4.68668,6.68714,11.524230099550172,1.258666148737751,0.03985073189261564,0.03166108179883904
-4.70264,6.71282,11.525849633340835,1.2868189857090944,0.04433452041885878,0.03445280253961166
-4.71859,6.7385,11.527467969718426,1.248942879084521,0.05723533217446891,0.04582702150191415
-4.73454,6.76419,11.529086192568961,1.1875351402545915,0.0606708514043659,0.05108973145111217
-4.75049,6.78987,11.53070452894655,1.2273918780065984,0.08055715463126552,0.06563279102196605
-4.76645,6.81555,11.532324062737214,1.25233474930364,0.05841555279067279,0.04664531813331437
-4.7824,6.84123,11.533942399114801,1.2558773906837515,0.055188631213863665,0.04394428279644137
-4.79835,6.86692,11.53556062196534,1.2548253470541253,0.046774932217206855,0.03727604987181477
-4.81431,6.8926,11.537180155756003,1.1528003582772661,0.05159157979766004,0.04475326488860396
-4.83026,6.91828,11.538798492133592,1.2504519890378387,0.05860096001582682,0.04686382246544098
-4.84621,6.94396,11.54041682851118,1.2350469452938564,0.04340305734330558,0.035142840123359546
-4.86216,6.96965,11.542035051361719,1.2128920255951012,0.0806083703032092,0.0664596424101799
-4.87812,6.99533,11.543654585152382,1.2476914701482944,0.04570653389270184,0.036632881594733824
-4.89407,7.02101,11.545272921529971,1.2215199152334362,0.07335292296840168,0.0600505338092533
-4.91002,7.04669,11.546891257907559,1.217631074752988,0.04846249432939784,0.03980063857948852
-4.92597,7.07238,11.548509480758097,1.1807542885817977,0.05392804106360056,0.04567253456972276
-4.94193,7.09806,11.55012901454876,1.3180104240400188,0.04115682459669853,0.031226478824456463
-4.95788,7.12374,11.551747350926348,1.2771855156155147,0.08259707703898717,0.06467116642736205
-4.97383,7.14942,11.553365687303938,1.184059310079786,0.04816511248436231,0.04067795597259125
-4.98978,7.17511,11.554983910154476,1.3493782332349018,0.053842024814354884,0.03990135863187737
-5.00574,7.20079,11.556603443945136,1.1680073986025437,0.0677316980770951,0.0579891002044442
-5.02169,7.22647,11.558221780322727,1.18485645854163,0.04145030533813244,0.03498339823302409
-5.03764,7.25215,11.559840116700316,1.2871289724393757,0.06333550598396934,0.04920680626428247
-5.05359,7.27784,11.561458339550855,1.1868756852296642,0.07811090766910231,0.06581220648562498
-5.06955,7.30352,11.563077873341514,1.214701729440709,0.04220395762608356,0.034744296976934194
-5.0855,7.3292,11.564696209719106,1.2028898854691492,0.05324775339215985,0.04426652350758793
-5.0855,7.3292,11.564696209719106,1.150363128476862,0.0458796676183862,0.03988276960783085
-5.10142,7.35542,11.566304823396635,1.2776139428655608,0.04083859680774554,0.03196473945497858
-5.11735,7.38163,11.567914748014289,1.2221977347812136,0.04705265531518523,0.03849839839836404
-5.13327,7.40785,11.56952336169182,1.195107823046713,0.04298411978131028,0.03596672948866654
-5.14919,7.43406,11.571132088896402,1.3027704048377733,0.057507920735130086,0.044142790258035705
-5.16511,7.46028,11.572740702573931,1.1547672895819825,0.04192381063537698,0.036304986306421184
-5.18104,7.4865,11.57435051366453,1.1851173512759243,0.043020917536334316,0.03630097685264418
-5.19696,7.51271,11.57595924086911,1.1825371833726572,0.055183553255809495,0.0466653852679906
-5.21288,7.53893,11.577567854546642,1.256401276955456,0.03773022680797146,0.030030395145251937
-5.2288,7.56515,11.579176468224171,1.2022558297833947,0.06842687600761158,0.05691540378717877
-5.24473,7.59136,11.580786392841825,1.224366127576082,0.03771923691993526,0.03080715487826283
-5.26065,7.61758,11.582395006519354,1.1974587643885675,0.050500011345048786,0.04217265165772495
-5.27657,7.64379,11.584003733723936,1.2369326383928816,0.04470286592579402,0.036140097316758844
-5.29249,7.67001,11.585612347401467,1.1502165158234277,0.05952107885896891,0.051747717095123096
-5.30842,7.69623,11.587222158492066,1.140362027610748,0.06644450993074036,0.058266154363235755
-5.32434,7.72244,11.58883088569665,1.1691663096404608,0.049374046423407134,0.04223013100556287
-5.34026,7.74866,11.590439499374178,1.1089871624725327,0.041051182240155686,0.037016823665145394
-5.35618,7.77487,11.592048226578763,1.218395842270514,0.04015072835296399,0.032953763432204436
-5.37211,7.80109,11.593658037669362,1.2061290030670224,0.03834035343064333,0.03178793755323768
-5.38803,7.82731,11.595266651346892,1.1276417874628861,0.06028543759522916,0.05346151434390092
-5.40395,7.85352,11.596875378551474,1.1808677561730132,0.032998850976928326,0.027944577878789626
-5.41987,7.87974,11.598483992229005,1.1482270953266989,0.039773104792851705,0.0346387094980852
-5.4358,7.90595,11.600093916846658,1.1225301552516105,0.07159970462749467,0.06378421487612143
-5.45172,7.93217,11.601702530524186,1.1509035951182136,0.034725434414019145,0.030172322478888743
-5.46764,7.95839,11.603311144201713,1.19813161321767,0.04372896658318487,0.03649763189683939
-5.48356,7.9846,11.604919871406295,1.242498596815931,0.05879920845215554,0.04732336004470056
-5.49949,8.01082,11.606529682496898,1.1626350763577427,0.05978930456408465,0.05142568444725599
-5.51541,8.03704,11.608138296174427,1.1543940237699504,0.05212779836860409,0.04515598426122154
-5.53133,8.06325,11.60974702337901,1.2035061163574343,0.06236743504911155,0.05182145250567948
-5.54725,8.08947,11.611355637056539,1.1505759613253208,0.0572454956119825,0.04975377335890347
-5.56318,8.11568,11.612965561674194,1.1333804403878134,0.03537527222170028,0.031212178154050182
-5.5791,8.1419,11.614574175351724,1.1292258198674527,0.05246949448071389,0.04646501484253406
-5.5791,8.1419,11.614574175351724,1.143415943653308,0.02667564923754366,0.023329785967749206
-5.59407,8.16793,11.616071191801465,1.1740193895959918,0.05533984826628302,0.04713708202496279
-5.60903,8.19396,11.617567010838139,1.2049107573870534,0.05458562903825783,0.04530263233488859
-5.624,8.21998,11.619064140814938,1.181714412237365,0.05141314672738293,0.04350725200181094
-5.63896,8.24601,11.62055995985161,1.1242478862859673,0.06003956333345674,0.053404203882296546
-5.65393,8.27204,11.622056976301355,1.1321512755664793,0.051575833160349034,0.04555560221803639
-5.66889,8.29807,11.62355279533803,1.1463597559516887,0.05959655760631096,0.05198765683887332
-5.68386,8.32409,11.625049925314825,1.166175118246906,0.05260348682863116,0.04510770810108623
-5.69882,8.35012,11.626545744351498,1.250609565458695,0.05838518365359558,0.04668538068648246
-5.71379,8.37615,11.628042760801241,1.24938051624766,0.05900924973048595,0.047230806758306106
-5.72876,8.40218,11.629539777250988,1.1643403625074078,0.05815284945298668,0.04994488838964105
-5.74372,8.4282,11.631035709814713,1.2016122875627164,0.042881356324951825,0.03568651616565106
-5.75869,8.45423,11.632532726264456,1.1557564839621493,0.03260809548314434,0.028213638370738526
-5.77365,8.48026,11.63402854530113,1.1653467261158257,0.04414866306134167,0.037884572953229084
-5.78862,8.50629,11.635525561750875,1.1332860933558875,0.043207683174083536,0.03812601551134976
-5.80358,8.53231,11.6370214943146,1.1317456407561635,0.061599823284590884,0.0544290351703353
-5.81855,8.55834,11.638518510764342,1.0724217097017352,0.028267152790702847,0.02635824371605139
-5.83351,8.58437,11.64001432980102,1.1366452927917008,0.052242149412139324,0.0459616995235409
-5.84848,8.6104,11.641511346250763,1.18551704065157,0.06864301076381199,0.05790132778360168
-5.86344,8.63642,11.643007278814487,1.14209440845628,0.04583342001325059,0.04013102566118124
-5.87841,8.66245,11.644504295264232,1.0410766579632666,0.04984747284998604,0.047880693961102005
-5.89338,8.68848,11.64600131171398,1.1081146215759445,0.028428956916560534,0.025655249342463583
-5.90834,8.71451,11.647497130750649,1.1102316009400084,0.07517411499328358,0.06771030020189961
-5.92331,8.74053,11.648994260727447,1.1261658819043754,0.07285319068235467,0.0646913495187388
-5.93827,8.76656,11.650490079764118,1.0505665429681907,0.07162480139105881,0.06817731049067635
-5.95324,8.79259,11.651987096213865,1.0814576446312798,0.06711482872643026,0.062059599892433044
-5.9682,8.81862,11.653482915250539,1.1566548090114088,0.04216332872889491,0.036452819285757214
-5.98317,8.84464,11.654980045227333,1.0746585414434733,0.06982064559357593,0.06497007458740649
-5.99813,8.87067,11.656475864264007,1.081843409428002,0.06346811487029697,0.05866663725746979
-6.0131,8.8967,11.657972880713752,1.017957542686881,0.03970700528172015,0.03900654360977984
-6.0131,8.8967,11.657972880713752,0.978421575056305,0.02765440691653015,0.028264306124830423
-6.02807,8.92273,11.659469897163495,1.084476422816919,0.0440547202412145,0.04062303182837549
-6.04304,8.94876,11.660966913613242,1.1688683875437138,0.0626730201958395,0.05361854325408011
-6.05801,8.97479,11.662463930062984,1.0429804647574286,0.08616785253218444,0.082616938134335
-6.07298,9.00082,11.663960946512729,1.15400127052206,0.04940846879589456,0.04281491715649725
-6.08794,9.02686,11.66545665202235,1.2003738891994509,0.05063546890044581,0.04218308091840905
-6.10291,9.05289,11.666953668472093,1.28974917604211,0.054690800782154166,0.042404214554325505
-6.11788,9.07892,11.668450684921838,1.2182549005498855,0.0318933827489091,0.02617956450207041
-6.13285,9.10495,11.669947701371582,1.1002208865396288,0.06313851544942485,0.057387126732347006
-6.14782,9.13098,11.671444717821327,1.165840178876641,0.04399935665512154,0.03774047030830387
-6.16279,9.15701,11.67294173427107,1.2110186864613857,0.0403102372382242,0.033286222325777076
-6.17776,9.18304,11.674438750720817,1.120352756614345,0.03951710622298599,0.03527202123588724
-6.19273,9.20907,11.67593576717056,1.1771298927207876,0.04663944478575759,0.039621323928794625
-6.2077,9.2351,11.677432783620304,1.2058341443255767,0.09352845567363618,0.077563283569107
-6.22267,9.26113,11.678929800070051,1.198077493976686,0.043734801556829954,0.03650415083891143
-6.23763,9.28717,11.680425505579672,1.2572855535126686,0.04433180026853939,0.035259929730905554
-6.2526,9.3132,11.681922522029414,1.306836945478667,0.059690472404320113,0.045675531756914585
-6.26757,9.33923,11.68341953847916,1.31298157545571,0.0657292613552051,0.050061069084226695
-6.28254,9.36526,11.684916554928906,1.2744673051334594,0.09733343500208609,0.07637185717517764
-6.29751,9.39129,11.686413571378647,1.2143458758913963,0.05570270952726799,0.045870546961242945
-6.31248,9.41732,11.68791058782839,1.124284189410254,0.050595224909816605,0.0450021670556058
-6.32745,9.44335,11.689407604278136,1.1752573662370405,0.03840095730131426,0.03267450892417472
-6.34242,9.46938,11.69090462072788,1.1526116495592043,0.04085699628732809,0.03544732200386238
-6.35739,9.49541,11.692401637177626,1.1739490198322031,0.05513677477724343,0.04696692432617247
-6.37236,9.52144,11.693898653627368,1.13600398817418,0.05737318061617056,0.050504383094977054
-6.38732,9.54748,11.695394359136989,1.0876377277455977,0.05355701013377405,0.04924158915007886
-6.40229,9.57351,11.696891375586734,1.190993913360733,0.03206926275984465,0.02692647074018369
-6.41726,9.59954,11.698388392036481,1.1160032873270416,0.07254223212202851,0.06500180863783622
-6.43223,9.62557,11.699885408486223,1.1053217502831938,0.04059353271891379,0.036725535083801025
-6.4472,9.6516,11.70138242493597,1.085464713211379,0.056168858554612344,0.05174636989205769
-6.4472,9.6516,11.70138242493597,1.005497478846671,0.03002090259235638,0.029856765654739437
-6.46454,9.67693,11.703171175177333,1.1404912960707136,0.053851916648419346,0.04721817416226943
-6.48187,9.70226,11.704958728005625,1.118001423687897,0.07902907143071285,0.07068780929636341
-6.49921,9.72759,11.706747478246992,1.139065295834575,0.04609237387143287,0.04046508487264702
-6.51655,9.75292,11.708536228488356,1.1814654678811098,0.02858550378597146,0.024194954963210148
-6.53389,9.77825,11.710324978729718,1.1715029830484505,0.05212018286123178,0.04449001292818409
-6.55122,9.80358,11.712112531558011,1.1391465573256274,0.04219819426996832,0.037043692050509246
-6.56856,9.82891,11.713901281799375,1.1246017532830912,0.030393419543621833,0.027025940031565134
-6.5859,9.85424,11.71569003204074,1.0927186284944241,0.04221871788103637,0.038636403535287404
-6.60323,9.87957,11.717477584869034,1.2002587918280385,0.038749313931281545,0.03228413255133496
-6.62057,9.9049,11.719266335110397,1.060329702134434,0.033054762225890905,0.031174041582869905
-6.63791,9.93023,11.721055085351761,1.1589728567302289,0.053937942258429725,0.04653943528117045
-6.65524,9.95556,11.722842638180053,1.1043450769561158,0.03443867568476472,0.031184705218850025
-6.67258,9.98089,11.724631388421418,1.166600745612043,0.037493509963203574,0.03213911023478135
-6.68992,10.00621,11.726420252189836,1.1899859500184526,0.039831201999946234,0.03347199351330878
-6.70726,10.03154,11.7282090024312,1.1702394115008032,0.034428248297415386,0.029419833205977915
-6.72459,10.05687,11.729996555259492,1.1268113929657202,0.040104692683308775,0.03559130918773808
-6.74193,10.0822,11.731785305500855,1.0935252978903613,0.0601669298291744,0.055021068049590595
-6.75927,10.10753,11.73357405574222,1.0391953848664397,0.047311199203441824,0.04552676031131758
-6.7766,10.13286,11.735361608570514,1.109186833927526,0.036076252500302865,0.032524955577195466
-6.79394,10.15819,11.73715035881188,1.141835784443711,0.052120831600543,0.04564652142684042
-6.81128,10.18352,11.738939109053243,1.0696422869971438,0.05444848654981066,0.050903453623422475
-6.82861,10.20885,11.740726661881535,1.0003822142673082,0.03610762075739865,0.03609382518245219
-6.84595,10.23418,11.742515412122902,1.082140662506664,0.03355555636132707,0.03100849780803836
-6.86329,10.25951,11.744304162364266,1.1692422290299689,0.04123582443438639,0.035267135765868304
-6.88063,10.28484,11.74609291260563,1.1772353853715165,0.04804678799382688,0.04081323802432603
-6.89796,10.31017,11.747880465433921,1.0938026221523425,0.08883567783582344,0.08121728366404538
-6.9153,10.3355,11.749669215675286,1.1269314898374936,0.040999946729982514,0.03638193368426932
